Date,Sol Rad (W/sq.m),Net Rad (W/sq.m),Avg Vap Pres (kPa),Avg Air Temp (C),Avg Rel Hum (%),Avg Wind Speed (m/s),Wind Run (km),Avg Soil Temp (C),PM ETo (mm)
2000-11-01,175.0,74.0,1.1,11.6,79.0,1.8,155.8,14.8,2.37
2000-11-02,178.0,71.0,1.0,15.5,58.0,2.5,218.6,14.9,3.26
2000-11-03,180.0,68.0,0.9,14.4,53.0,1.8,154.1,15.0,3.32
2000-11-04,182.0,66.0,1.0,14.2,64.0,1.9,167.4,14.8,3.1
2000-11-05,162.0,67.0,1.3,12.3,87.0,2.2,189.1,15.4,1.93
2000-11-06,174.0,66.0,1.2,13.2,77.0,2.4,205.7,15.4,2.47
2000-11-07,177.0,61.0,0.8,14.0,49.0,1.9,161.7,14.9,3.22
2000-11-08,171.0,65.0,1.1,11.2,79.0,1.7,148.3,14.5,2.18
2000-11-09,177.0,57.0,0.9,9.1,75.0,2.4,205.4,14.2,2.33
2000-11-10,138.0,47.0,0.8,6.9,82.0,1.7,144.1,13.2,1.71
2000-11-11,168.0,55.0,0.7,7.1,73.0,2.0,168.6,12.4,2.14
2000-11-12,172.0,52.0,0.7,9.0,58.0,2.1,181.0,12.2,2.71
2000-11-13,177.0,54.0,0.7,7.3,68.0,1.8,159.8,11.7,2.18
2000-11-14,169.0,54.0,0.8,8.1,70.0,2.3,196.6,11.8,2.23
2000-11-15,164.0,49.0,0.8,8.2,70.0,2.2,189.6,11.6,2.16
2000-11-16,163.0,50.0,0.8,10.0,62.0,2.1,178.0,11.7,2.46
2000-11-17,164.0,41.0,0.5,13.6,35.0,3.5,306.4,12.0,3.86
2000-11-18,163.0,44.0,0.6,10.3,51.0,1.7,144.0,11.9,2.61
2000-11-19,161.0,48.0,0.8,8.7,67.0,1.3,114.9,11.7,2.32
2000-11-20,130.0,47.0,0.8,8.4,76.0,1.4,121.1,11.2,1.84
2000-11-21,189.0,54.0,1.2,12.2,78.0,2.2,193.4,12.4,1.83
2000-11-22,146.0,44.0,1.0,9.7,79.0,2.0,176.8,12.0,1.91
2000-11-23,152.0,47.0,0.9,12.0,61.0,2.1,179.5,11.8,2.46
2000-11-24,142.0,44.0,0.9,14.5,52.0,2.1,179.8,12.4,2.72
2000-11-25,149.0,45.0,0.9,12.9,63.0,1.6,142.3,12.7,2.42
2000-11-26,144.0,43.0,0.8,14.7,48.0,2.1,178.2,12.9,2.91
2000-11-27,142.0,45.0,0.8,13.8,53.0,1.7,150.9,12.8,2.6
2000-11-28,145.0,43.0,1.0,14.6,59.0,1.8,158.1,13.1,2.5
2000-11-29,33.0,-5.0,1.3,10.9,97.0,1.8,157.9,13.2,0.26
2000-11-30,143.0,43.0,1.0,12.2,69.0,2.2,189.9,12.7,2.3
2000-12-01,99.0,40.0,1.0,10.6,77.0,1.4,118.3,12.5,1.49
2000-12-02,143.0,46.0,0.9,11.5,70.0,1.4,119.2,12.3,2.28
2000-12-03,141.0,47.0,1.0,10.5,76.0,1.4,120.8,12.2,1.93
2000-12-04,81.0,21.0,1.1,10.6,83.0,1.3,108.4,12.2,1.11
2000-12-05,111.0,28.0,0.8,14.7,48.0,1.4,123.3,12.5,2.18
2000-12-06,25.0,-7.0,1.1,14.3,66.0,1.6,135.9,12.7,0.65
2000-12-07,117.0,44.0,1.4,14.1,88.0,1.5,130.0,13.7,1.64
2000-12-08,40.0,5.0,1.4,12.8,97.0,1.5,127.4,13.8,0.44
2000-12-09,34.0,1.0,1.5,13.1,97.0,1.2,103.7,14.2,0.38
2000-12-10,110.0,38.0,1.3,12.3,87.0,1.5,128.7,14.2,1.55
2000-12-11,103.0,40.0,1.1,11.2,84.0,2.0,173.8,13.3,1.42
2000-12-12,130.0,33.0,1.0,9.9,84.0,2.1,180.8,13.4,1.61
2000-12-13,134.0,45.0,1.0,8.9,84.0,1.5,131.8,12.3,1.59
2000-12-14,130.0,38.0,1.2,11.7,89.0,1.9,161.9,12.9,1.51
2000-12-15,115.0,37.0,1.2,11.6,86.0,2.2,186.0,12.8,1.54
2000-12-16,139.0,38.0,0.9,15.2,51.0,3.0,255.9,12.9,2.87
2000-12-17,146.0,33.0,0.7,16.5,39.0,4.0,346.2,12.8,3.76
2000-12-18,148.0,30.0,0.7,14.7,43.0,2.0,169.8,12.7,2.78
2000-12-19,147.0,29.0,0.6,12.4,41.0,1.5,125.5,12.4,2.67
2000-12-20,152.0,23.0,0.7,11.4,52.0,1.4,120.8,11.9,2.43
2000-12-21,134.0,46.0,1.1,9.7,89.0,1.6,141.0,11.9,1.53
2000-12-22,142.0,40.0,1.0,13.1,64.0,3.5,298.3,12.2,2.63
2000-12-23,141.0,41.0,0.9,13.0,58.0,2.4,204.2,12.2,2.44
2000-12-24,131.0,37.0,0.9,12.7,58.0,3.8,329.2,12.1,2.38
2000-12-25,134.0,39.0,0.8,12.1,55.0,3.1,266.2,12.0,2.59
2000-12-26,141.0,33.0,0.6,9.5,50.0,1.6,138.8,11.2,2.47
2000-12-27,130.0,34.0,0.5,10.7,36.0,1.5,131.8,10.5,2.62
2000-12-28,141.0,26.0,0.5,16.1,25.0,1.9,160.0,10.6,3.29
2000-12-29,140.0,33.0,0.6,12.1,44.0,1.4,123.6,11.0,2.51
2000-12-30,121.0,38.0,0.7,9.3,64.0,1.3,115.4,10.6,1.87
2000-12-31,119.0,39.0,0.9,9.5,72.0,1.3,116.6,10.5,1.77
2001-01-01,138.0,35.0,0.7,10.5,53.0,1.3,115.0,10.6,2.24
2001-01-02,139.0,28.0,0.5,14.4,28.0,2.1,182.1,10.6,3.67
2001-01-03,101.0,26.0,1.2,16.5,78.0,2.4,203.9,11.3,3.99
2001-01-04,140.0,30.0,0.5,13.9,34.0,1.7,147.9,10.7,3.17
2001-01-05,127.0,33.0,0.5,12.1,37.0,1.5,126.7,10.6,2.55
2001-01-06,131.0,41.0,0.8,9.2,66.0,1.5,133.1,10.4,1.94
2001-01-07,76.0,21.0,1.1,9.6,89.0,2.1,183.5,10.9,1.01
2001-01-08,76.0,20.0,1.1,10.2,89.0,2.4,206.9,11.5,0.9
2001-01-09,93.0,25.0,1.0,8.8,84.0,1.7,148.0,10.8,1.18
2001-01-10,14.0,-16.0,1.1,9.9,91.0,3.7,316.7,10.8,0.13
2001-01-11,61.0,10.0,1.0,9.5,88.0,3.6,312.3,10.7,0.84
2001-01-12,88.0,27.0,1.1,9.6,88.0,2.5,212.5,10.8,1.12
2001-01-13,143.0,45.0,0.9,8.8,84.0,1.9,160.0,10.8,1.74
2001-01-14,134.0,49.0,0.9,8.2,79.0,1.6,136.9,10.6,1.71
2001-01-15,152.0,38.0,0.7,7.9,62.0,2.4,210.2,10.4,2.16
2001-01-16,151.0,40.0,0.5,6.0,51.0,2.4,207.4,9.6,2.31
2001-01-17,152.0,42.0,0.5,7.1,54.0,2.2,192.4,9.2,2.32
2001-01-18,149.0,43.0,0.5,7.4,52.0,1.6,141.1,9.1,2.23
2001-01-19,103.0,33.0,0.7,8.9,65.0,1.5,128.1,9.6,1.65
2001-01-20,152.0,48.0,0.7,9.1,63.0,1.4,121.5,9.8,2.24
2001-01-21,95.0,34.0,0.8,10.0,69.0,1.4,119.6,10.0,1.47
2001-01-22,152.0,52.0,0.9,8.9,79.0,1.5,133.7,10.4,2.0
2001-01-23,86.0,33.0,1.1,9.6,88.0,2.7,235.2,10.4,1.19
2001-01-24,85.0,21.0,1.0,8.4,89.0,2.6,225.2,10.8,1.0
2001-01-25,149.0,58.0,0.8,7.8,80.0,2.3,199.2,10.2,1.87
2001-01-26,127.0,47.0,0.9,7.8,83.0,2.1,179.4,10.1,1.48
2001-01-27,164.0,55.0,0.7,6.8,74.0,1.8,156.3,10.0,1.94
2001-01-28,152.0,42.0,0.8,7.2,82.0,1.6,134.4,9.8,1.76
2001-01-29,126.0,38.0,0.9,9.5,80.0,2.3,201.7,10.5,1.66
2001-01-30,166.0,55.0,0.6,9.4,53.0,2.4,210.6,10.3,2.71
2001-01-31,166.0,56.0,0.6,10.0,50.0,2.4,205.6,10.0,2.86
2001-02-01,172.0,57.0,0.6,10.1,52.0,1.6,135.5,10.2,2.75
2001-02-02,160.0,55.0,0.7,13.3,43.0,2.1,178.9,10.5,3.24
2001-02-03,167.0,56.0,0.6,19.0,29.0,4.0,342.5,11.6,4.93
2001-02-04,24.0,-24.0,1.0,19.6,42.0,1.6,141.8,12.6,1.33
2001-02-05,1.0,-29.0,1.1,17.0,55.0,1.8,158.2,13.2,0.86
2001-02-06,2.0,-28.0,1.0,9.7,81.0,2.7,231.6,13.1,0.36
2001-02-07,1.0,-30.0,0.5,6.0,57.0,2.3,199.7,11.4,0.58
2001-02-08,1.0,-30.0,0.4,6.8,46.0,2.1,177.6,10.4,0.69
2001-02-09,2.0,-28.0,0.9,7.9,84.0,3.2,280.6,10.2,0.19
2001-02-10,2.0,-28.0,0.9,8.2,84.0,2.3,201.0,10.3,0.17
2001-02-11,2.0,-28.0,1.0,8.1,89.0,2.7,236.1,10.5,0.06
2001-02-12,2.0,-28.0,0.9,7.6,83.0,2.0,171.0,10.3,0.15
2001-02-13,2.0,-29.0,0.8,6.5,83.0,2.9,253.7,10.1,0.16
2001-02-14,81.0,-8.0,1.2,6.9,78.0,1.8,155.3,10.6,0.7
2001-02-15,196.0,79.0,0.9,7.3,84.0,1.6,138.7,10.1,2.29
2001-02-16,209.0,81.0,0.8,8.0,75.0,1.7,144.1,10.4,2.65
2001-02-17,122.0,50.0,0.9,10.3,68.0,2.0,176.5,10.6,2.0
2001-02-18,154.0,70.0,1.1,11.4,83.0,3.0,260.3,11.4,1.94
2001-02-19,97.0,37.0,1.2,11.7,84.0,3.7,316.8,11.8,1.33
2001-02-20,106.0,37.0,1.1,10.8,86.0,1.9,164.8,12.1,1.38
2001-02-21,127.0,56.0,1.1,11.7,79.0,1.9,161.6,12.1,1.83
2001-02-22,135.0,48.0,1.0,9.6,86.0,2.5,214.4,12.5,1.57
2001-02-23,173.0,82.0,0.9,8.6,82.0,2.8,239.8,11.8,2.01
2001-02-24,23.0,-12.0,1.0,8.4,93.0,3.5,306.5,11.2,0.13
2001-02-25,134.0,62.0,1.1,10.8,87.0,1.7,145.7,11.4,1.64
2001-02-26,107.0,44.0,1.1,11.2,85.0,1.9,163.0,12.1,1.48
2001-02-27,224.0,93.0,1.1,12.3,75.0,2.4,208.4,12.4,3.09
2001-02-28,151.0,69.0,1.0,11.0,78.0,2.7,232.3,12.7,2.03
2001-03-01,226.0,95.0,0.9,10.1,73.0,2.0,172.4,12.5,2.98
2001-03-02,111.0,46.0,1.1,10.2,87.0,1.8,151.5,12.7,1.38
2001-03-03,151.0,70.0,1.0,10.0,84.0,2.7,229.4,12.5,1.92
2001-03-04,73.0,21.0,1.2,12.4,82.0,6.0,515.7,12.5,1.43
2001-03-05,65.0,16.0,1.3,13.7,83.0,2.9,253.9,12.8,1.19
2001-03-06,172.0,82.0,1.2,12.6,83.0,2.1,177.1,13.3,2.35
2001-03-07,226.0,107.0,1.3,12.0,90.0,1.7,149.2,13.6,2.67
2001-03-08,86.0,31.0,1.2,11.7,91.0,1.9,164.9,14.0,1.08
2001-03-09,88.0,30.0,1.0,9.4,85.0,3.5,299.6,13.4,1.08
2001-03-10,255.0,116.0,1.0,9.9,81.0,2.3,197.3,12.8,3.0
2001-03-11,147.0,73.0,1.0,10.5,81.0,1.9,159.9,13.5,1.88
2001-03-12,251.0,113.0,1.0,11.9,75.0,2.0,169.8,13.9,3.34
2001-03-13,252.0,119.0,1.1,11.5,78.0,2.2,187.1,13.8,3.19
2001-03-14,170.0,119.0,1.2,11.4,78.0,2.1,181.9,14.8,2.58
2001-03-15,195.0,102.0,1.2,11.1,91.0,2.1,180.2,14.4,2.28
2001-03-16,259.0,123.0,1.1,11.1,81.0,2.8,239.8,14.1,3.16
2001-03-17,248.0,122.0,1.1,13.3,71.0,1.9,164.5,14.2,3.57
2001-03-18,263.0,124.0,1.2,15.9,68.0,1.9,164.5,14.8,4.29
2001-03-19,258.0,127.0,1.3,16.1,73.0,1.7,148.4,15.4,4.11
2001-03-20,255.0,131.0,1.4,14.3,86.0,1.9,162.8,15.7,3.51
2001-03-21,60.0,13.0,1.3,11.0,97.0,1.5,130.2,15.7,0.61
2001-03-22,209.0,89.0,1.2,11.4,87.0,1.9,166.0,15.0,2.63
2001-03-23,120.0,52.0,1.2,11.9,88.0,1.9,165.4,15.0,1.54
2001-03-24,199.0,101.0,1.4,13.2,91.0,2.1,178.6,15.4,2.46
2001-03-25,251.0,115.0,1.4,13.5,88.0,2.5,212.0,16.1,2.92
2001-03-26,278.0,137.0,1.1,12.4,76.0,2.6,221.4,15.7,3.72
2001-03-27,278.0,135.0,1.1,14.2,67.0,2.7,232.8,15.6,4.26
2001-03-28,273.0,138.0,1.3,14.4,79.0,2.9,254.0,15.7,3.42
2001-03-29,284.0,142.0,1.3,12.4,87.0,2.9,251.7,15.7,3.13
2001-03-30,283.0,141.0,1.3,17.0,65.0,1.8,155.4,15.9,4.77
2001-03-31,273.0,143.0,1.3,13.9,83.0,2.1,180.8,16.3,3.39
2001-04-01,104.0,43.0,1.2,11.2,92.0,2.0,173.2,16.3,1.17
2001-04-02,294.0,145.0,0.9,10.5,71.0,3.4,297.0,15.7,3.67
2001-04-03,268.0,146.0,0.7,8.7,63.0,3.3,288.1,14.7,3.5
2001-04-04,175.0,87.0,0.8,8.5,73.0,2.0,173.6,13.9,2.37
2001-04-05,269.0,142.0,1.0,9.6,81.0,2.7,237.3,14.0,3.16
2001-04-06,154.0,76.0,1.0,9.8,85.0,2.1,181.2,13.9,1.95
2001-04-07,222.0,119.0,0.9,8.9,81.0,3.9,338.0,13.9,2.42
2001-04-08,298.0,150.0,0.7,7.8,70.0,2.5,216.6,13.2,3.51
2001-04-09,197.0,102.0,0.9,7.2,84.0,2.1,182.6,13.3,2.15
2001-04-10,259.0,136.0,1.0,9.1,86.0,2.7,234.2,13.2,2.82
2001-04-11,169.0,90.0,1.1,10.6,87.0,3.0,256.2,13.5,1.94
2001-04-12,303.0,160.0,1.0,9.6,82.0,2.1,183.9,13.6,3.53
2001-04-13,236.0,127.0,0.9,9.0,82.0,2.3,201.5,13.5,2.89
2001-04-14,297.0,163.0,1.0,9.3,82.0,2.2,188.4,13.4,3.48
2001-04-15,297.0,165.0,1.0,9.4,88.0,2.1,184.5,14.1,3.29
2001-04-16,311.0,170.0,1.0,9.0,85.0,2.1,183.3,14.0,3.61
2001-04-17,300.0,163.0,1.2,13.5,75.0,2.2,190.9,14.3,4.49
2001-04-18,183.0,85.0,1.2,12.8,78.0,2.0,169.6,15.1,1.92
2001-04-19,188.0,100.0,1.2,11.1,88.0,2.9,247.1,15.0,2.22
2001-04-20,112.0,44.0,1.1,9.9,88.0,2.9,251.5,14.3,1.44
2001-04-21,316.0,174.0,1.0,9.2,83.0,2.8,240.4,14.0,3.38
2001-04-22,321.0,173.0,1.1,10.5,87.0,2.3,198.9,14.3,3.76
2001-04-23,320.0,173.0,1.2,13.1,80.0,1.9,162.6,15.1,4.46
2001-04-24,321.0,174.0,1.4,17.6,68.0,1.9,161.8,16.1,5.31
2001-04-25,320.0,175.0,1.4,16.2,76.0,2.1,179.6,16.9,5.09
2001-04-26,208.0,115.0,1.3,11.4,96.0,2.0,173.9,17.1,2.32
2001-04-27,243.0,141.0,1.2,11.3,93.0,2.0,172.9,17.0,2.77
2001-04-28,318.0,177.0,1.2,12.5,83.0,2.8,244.3,17.0,3.78
2001-04-29,329.0,177.0,1.0,13.4,67.0,2.4,209.2,16.8,4.68
2001-04-30,327.0,177.0,1.2,15.1,69.0,2.4,208.3,16.9,4.77
2001-05-01,331.0,175.0,1.3,13.4,82.0,2.6,225.3,17.0,4.21
2001-05-02,343.0,175.0,0.9,17.1,45.0,3.1,263.7,16.9,6.06
2001-05-03,341.0,171.0,0.8,14.9,46.0,2.4,204.1,16.8,5.66
2001-05-04,339.0,174.0,0.9,15.0,53.0,2.0,173.1,16.6,5.81
2001-05-05,328.0,179.0,1.2,11.9,86.0,2.0,174.4,16.9,4.17
2001-05-06,338.0,181.0,1.3,13.7,82.0,1.9,166.5,17.2,4.76
2001-05-07,336.0,178.0,1.3,16.9,68.0,2.0,174.5,17.6,5.41
2001-05-08,331.0,179.0,1.5,17.6,73.0,1.8,154.1,18.2,5.49
2001-05-09,313.0,170.0,1.4,14.6,85.0,1.9,159.8,18.4,4.43
2001-05-10,305.0,170.0,1.3,12.3,90.0,1.8,152.7,18.1,3.88
2001-05-11,316.0,179.0,1.4,12.6,93.0,2.1,180.7,17.9,3.77
2001-05-12,229.0,127.0,1.3,13.5,86.0,2.2,186.9,18.1,2.94
2001-05-13,261.0,144.0,1.2,13.2,81.0,2.2,193.7,18.1,3.44
2001-05-14,331.0,184.0,1.3,13.5,85.0,2.3,199.6,18.0,4.24
2001-05-15,317.0,172.0,1.3,15.6,75.0,2.1,183.9,18.2,4.83
2001-05-16,337.0,182.0,1.4,15.0,82.0,2.8,237.7,18.6,4.54
2001-05-17,333.0,187.0,1.3,12.7,86.0,2.2,194.1,18.5,4.17
2001-05-18,298.0,168.0,1.4,13.4,89.0,2.6,221.2,18.6,3.72
2001-05-19,281.0,160.0,1.5,15.0,88.0,2.2,192.0,19.1,3.71
2001-05-20,299.0,168.0,1.5,14.5,91.0,2.0,175.5,19.6,3.72
2001-05-21,308.0,174.0,1.5,14.6,91.0,2.2,186.0,20.0,3.92
2001-05-22,298.0,174.0,1.5,14.4,93.0,2.0,173.7,20.2,3.72
2001-05-23,342.0,189.0,1.5,15.8,83.0,2.4,207.1,20.4,4.82
2001-05-24,341.0,186.0,1.4,19.5,59.0,2.4,206.5,20.5,5.69
2001-05-25,325.0,185.0,1.6,15.6,89.0,2.4,208.0,20.8,4.24
2001-05-26,237.0,135.0,1.5,15.3,87.0,2.2,189.0,20.9,3.21
2001-05-27,201.0,108.0,1.5,14.7,87.0,2.3,202.7,20.6,2.71
2001-05-28,344.0,192.0,1.3,14.2,81.0,2.8,243.1,20.3,4.42
2001-05-29,352.0,192.0,1.3,14.7,79.0,2.2,192.1,20.1,5.02
2001-05-30,352.0,191.0,1.4,17.9,70.0,2.3,198.2,20.4,5.75
2001-05-31,346.0,191.0,1.6,17.6,80.0,2.0,171.0,20.9,5.14
2001-06-01,319.0,182.0,1.6,16.1,86.0,2.5,219.1,21.2,4.31
2001-06-02,298.0,164.0,1.4,14.1,86.0,2.6,226.5,21.3,3.78
2001-06-03,349.0,195.0,1.2,12.3,81.0,2.5,213.6,20.7,4.34
2001-06-04,354.0,196.0,1.2,12.7,84.0,2.3,199.9,20.1,4.6
2001-06-05,354.0,190.0,1.2,16.0,65.0,2.2,187.4,20.0,5.58
2001-06-06,316.0,187.0,1.2,18.8,78.0,2.4,204.6,20.9,6.96
2001-06-07,363.0,191.0,1.3,22.3,48.0,2.2,194.1,21.0,7.19
2001-06-08,361.0,195.0,1.4,16.4,74.0,2.3,197.9,21.3,5.36
2001-06-09,357.0,202.0,1.3,13.0,87.0,2.5,213.2,20.9,4.3
2001-06-10,355.0,199.0,1.3,13.1,83.0,2.4,208.4,20.7,4.46
2001-06-11,337.0,195.0,1.3,12.2,88.0,2.6,224.0,20.0,3.85
2001-06-12,343.0,194.0,1.3,12.7,89.0,3.0,257.5,19.8,3.85
2001-06-13,359.0,191.0,1.2,15.3,67.0,2.2,191.5,19.5,5.68
2001-06-14,355.0,190.0,1.2,18.9,56.0,2.0,174.0,20.1,6.16
2001-06-15,361.0,193.0,1.3,16.2,68.0,2.0,173.2,20.5,5.87
2001-06-16,355.0,194.0,1.3,14.1,82.0,1.9,167.7,20.7,4.93
2001-06-17,350.0,197.0,1.3,14.2,82.0,1.9,167.3,21.0,4.91
2001-06-18,359.0,195.0,1.4,15.6,77.0,1.9,165.3,20.9,5.49
2001-06-19,356.0,193.0,1.4,17.0,70.0,2.1,180.8,20.8,5.93
2001-06-20,352.0,193.0,1.4,16.9,75.0,2.6,222.3,20.8,5.48
2001-06-21,347.0,192.0,1.4,18.7,65.0,2.0,170.9,20.9,6.1
2001-06-22,338.0,192.0,1.5,17.7,73.0,2.1,177.9,21.3,5.57
2001-06-23,323.0,184.0,1.5,15.0,87.0,1.9,167.3,21.6,4.34
2001-06-24,348.0,197.0,1.4,14.8,83.0,2.3,194.5,21.6,4.8
2001-06-25,348.0,192.0,1.4,14.5,82.0,2.4,204.8,21.0,4.64
2001-06-26,312.0,180.0,1.4,15.6,79.0,2.2,187.9,20.8,4.54
2001-06-27,345.0,194.0,1.4,16.2,75.0,2.3,194.5,20.7,5.07
2001-06-28,320.0,186.0,1.5,15.0,91.0,2.5,216.9,20.8,3.9
2001-06-29,341.0,194.0,1.5,15.6,86.0,2.4,205.5,21.0,4.38
2001-06-30,353.0,193.0,1.5,16.4,79.0,1.9,163.6,21.3,5.2
2001-07-01,339.0,194.0,1.5,18.0,71.0,1.9,162.2,21.5,5.66
2001-07-02,327.0,193.0,1.5,19.2,68.0,1.9,168.1,21.8,5.81
2001-07-03,330.0,191.0,1.7,20.0,71.0,1.9,165.1,22.1,5.65
2001-07-04,150.0,72.0,1.7,18.8,79.0,1.9,161.7,22.2,2.62
2001-07-05,224.0,129.0,1.6,16.1,87.0,1.9,167.5,21.8,3.25
2001-07-06,109.0,43.0,1.7,17.2,85.0,1.5,127.7,21.4,1.84
2001-07-07,283.0,165.0,1.7,16.8,90.0,2.0,168.8,21.6,3.83
2001-07-08,293.0,173.0,1.6,15.9,87.0,2.2,191.1,21.9,3.94
2001-07-09,241.0,138.0,1.5,14.9,86.0,2.3,201.8,21.4,3.22
2001-07-10,290.0,167.0,1.4,15.6,80.0,2.5,214.1,21.2,3.93
2001-07-11,340.0,194.0,1.3,15.2,75.0,2.4,210.5,21.3,4.71
2001-07-12,348.0,193.0,1.4,14.8,85.0,2.6,228.5,20.8,4.5
2001-07-13,331.0,191.0,1.5,15.1,88.0,2.7,235.2,20.9,4.21
2001-07-14,305.0,175.0,1.4,14.0,89.0,2.7,235.8,20.9,3.62
2001-07-15,141.0,69.0,1.4,13.6,87.0,2.5,212.0,20.5,1.85
2001-07-16,156.0,79.0,1.4,14.2,85.0,2.4,208.1,19.9,2.22
2001-07-17,279.0,155.0,1.4,14.7,82.0,2.4,203.9,19.9,3.7
2001-07-18,315.0,181.0,1.4,14.5,86.0,2.3,197.7,20.2,4.03
2001-07-19,318.0,187.0,1.5,14.8,88.0,2.5,214.4,20.6,4.13
2001-07-20,282.0,160.0,1.4,14.6,87.0,2.3,197.9,20.8,3.66
2001-07-21,335.0,191.0,1.4,14.9,83.0,2.2,194.2,21.0,4.48
2001-07-22,331.0,190.0,1.4,13.7,89.0,2.2,190.9,20.7,4.06
2001-07-23,446.0,177.0,1.2,15.7,78.0,2.6,222.7,21.1,3.91
2001-07-24,281.0,162.0,1.5,15.1,87.0,2.2,192.0,21.1,3.67
2001-07-25,303.0,173.0,1.6,16.0,87.0,2.3,200.4,21.2,4.03
2001-07-26,313.0,178.0,1.6,15.8,89.0,2.1,185.2,21.4,4.15
2001-07-27,313.0,179.0,1.6,15.7,89.0,2.1,179.5,21.6,4.18
2001-07-28,309.0,176.0,1.5,15.5,88.0,2.0,170.9,21.8,4.17
2001-07-29,305.0,179.0,1.5,14.8,88.0,2.4,207.0,21.8,3.87
2001-07-30,312.0,176.0,1.5,15.5,85.0,2.8,244.9,21.5,4.05
2001-07-31,230.0,127.0,1.5,14.8,89.0,2.0,176.7,21.2,2.96
2001-08-01,310.0,179.0,1.5,15.1,89.0,2.2,186.5,21.4,4.02
2001-08-02,321.0,183.0,1.5,15.7,86.0,2.1,183.2,21.6,4.46
2001-08-03,290.0,169.0,1.5,14.6,92.0,2.2,188.6,21.7,3.6
2001-08-04,316.0,179.0,1.6,15.2,90.0,2.4,207.9,21.6,4.03
2001-08-05,329.0,181.0,1.6,16.3,85.0,2.2,187.8,21.4,4.67
2001-08-06,334.0,179.0,1.8,15.9,100.0,2.1,182.7,21.7,4.34
2001-08-07,216.0,-6.0,1.2,13.3,78.0,2.7,235.5,16.5,0.05
2001-08-08,216.0,-7.0,1.2,13.3,78.0,2.5,211.8,16.5,3.22
2001-08-09,296.0,114.0,1.5,15.4,86.0,2.3,200.2,21.3,3.0
2001-08-10,315.0,111.0,1.5,15.2,86.0,2.2,192.7,21.1,2.93
2001-08-11,294.0,110.0,1.5,15.2,86.0,2.2,188.7,20.9,2.87
2001-08-12,279.0,112.0,1.4,14.6,87.0,2.3,200.5,20.7,2.81
2001-08-13,394.0,156.0,1.5,15.8,83.0,2.5,211.9,20.9,3.92
2001-08-14,287.0,167.0,1.5,14.4,89.0,2.0,168.8,20.9,3.97
2001-08-15,305.0,173.0,1.5,14.5,88.0,2.2,187.6,21.0,4.14
2001-08-16,303.0,169.0,1.4,14.1,89.0,1.9,168.1,21.0,4.05
2001-08-17,290.0,163.0,1.4,14.7,86.0,1.8,152.0,21.2,4.04
2001-08-18,302.0,168.0,1.2,14.3,72.0,2.0,168.7,21.0,4.38
2001-08-19,243.0,126.0,0.4,13.9,78.0,2.2,186.4,20.9,4.48
2001-08-20,294.0,153.0,0.5,14.7,78.0,2.4,203.8,20.8,5.33
2001-08-21,293.0,151.0,0.4,15.1,78.0,2.3,198.3,20.4,5.54
2001-08-22,306.0,155.0,0.5,15.9,78.0,2.3,200.5,20.5,5.84
2001-08-23,295.0,158.0,0.6,14.0,78.0,2.5,214.0,20.5,5.03
2001-08-24,304.0,157.0,0.9,15.9,49.0,2.1,185.2,20.2,5.11
2001-08-25,298.0,163.0,1.2,14.8,72.0,1.9,161.2,20.2,4.37
2001-08-26,303.0,162.0,1.4,15.8,78.0,2.0,168.9,20.1,4.68
2001-08-27,297.0,161.0,1.4,15.5,81.0,1.8,151.9,20.1,4.39
2001-08-28,157.0,78.0,1.5,15.2,87.0,2.9,253.9,20.0,2.21
2001-08-29,140.0,61.0,1.5,15.2,88.0,1.8,159.6,19.8,1.98
2001-08-30,269.0,150.0,1.5,15.0,88.0,2.0,177.0,20.0,3.62
2001-08-31,266.0,149.0,1.5,14.9,90.0,1.9,160.7,20.5,3.63
2001-09-01,279.0,158.0,1.6,16.5,83.0,1.8,155.6,20.7,4.21
2001-09-02,277.0,155.0,1.6,16.9,83.0,1.8,153.5,20.8,4.19
2001-09-03,278.0,156.0,1.6,16.1,88.0,2.0,173.1,20.8,3.85
2001-09-04,371.0,141.0,1.4,16.0,80.0,2.8,238.6,20.7,3.51
2001-09-05,268.0,148.0,1.4,13.9,87.0,1.9,166.1,20.2,3.54
2001-09-06,231.0,130.0,1.5,14.4,90.0,2.3,197.8,20.2,2.99
2001-09-07,95.0,36.0,1.5,15.1,87.0,2.1,179.3,20.1,1.44
2001-09-08,184.0,90.0,1.4,15.1,83.0,1.9,168.1,20.0,2.64
2001-09-09,273.0,142.0,1.4,15.3,79.0,2.1,184.2,19.5,4.01
2001-09-10,257.0,138.0,1.5,16.8,77.0,2.2,192.7,19.8,4.04
2001-09-11,235.0,131.0,1.5,14.7,89.0,2.3,199.7,19.6,3.03
2001-09-12,262.0,140.0,1.6,15.8,88.0,2.3,200.4,19.8,3.53
2001-09-13,254.0,135.0,1.5,15.1,90.0,1.9,164.5,20.2,3.5
2001-09-14,227.0,119.0,1.5,14.5,92.0,1.9,165.1,20.4,2.87
2001-09-15,215.0,112.0,1.5,15.0,90.0,2.0,174.0,20.4,2.86
2001-09-16,211.0,114.0,1.5,14.6,91.0,1.9,164.2,20.4,2.77
2001-09-17,226.0,122.0,1.5,13.9,92.0,1.9,160.7,20.3,2.78
2001-09-18,225.0,120.0,1.5,14.2,92.0,1.8,156.6,20.0,2.83
2001-09-19,214.0,117.0,1.5,14.3,92.0,1.9,168.0,20.0,2.69
2001-09-20,219.0,116.0,1.5,14.4,91.0,1.9,168.2,19.8,2.81
2001-09-21,210.0,114.0,1.5,14.3,92.0,1.7,148.2,20.0,2.77
2001-09-22,207.0,109.0,1.5,14.0,92.0,1.8,153.7,19.9,2.71
2001-09-23,218.0,120.0,1.2,16.3,63.0,2.4,210.6,19.9,3.48
2001-09-24,252.0,121.0,1.3,15.7,74.0,2.4,205.1,19.7,3.65
2001-09-25,248.0,119.0,1.3,21.7,52.0,2.4,207.7,19.7,5.25
2001-09-26,245.0,121.0,1.4,15.8,78.0,2.3,197.7,19.2,3.55
2001-09-27,242.0,117.0,1.2,15.9,65.0,2.1,180.5,19.0,4.24
2001-09-28,245.0,110.0,1.1,22.1,40.0,2.4,211.3,19.1,5.59
2001-09-29,240.0,110.0,1.1,23.8,38.0,2.1,181.4,19.6,5.56
2001-09-30,231.0,115.0,1.5,15.9,82.0,2.0,171.9,18.9,3.45
2001-10-01,207.0,111.0,1.5,14.1,93.0,1.8,151.7,19.2,2.68
2001-10-02,202.0,110.0,1.5,14.0,94.0,1.7,148.0,19.4,2.59
2001-10-03,105.0,41.0,1.4,13.5,92.0,1.7,150.6,19.3,1.28
2001-10-04,126.0,62.0,1.4,14.8,83.0,1.8,157.9,19.0,1.82
2001-10-05,183.0,94.0,1.4,14.5,83.0,1.8,152.3,19.1,2.61
2001-10-06,205.0,110.0,1.4,14.0,88.0,1.8,156.4,18.7,2.78
2001-10-07,138.0,66.0,1.5,14.3,90.0,1.8,152.9,18.7,1.8
2001-10-08,207.0,104.0,1.4,14.3,85.0,1.9,163.2,18.8,2.85
2001-10-09,220.0,103.0,1.1,15.8,61.0,1.8,158.5,18.4,3.95
2001-10-10,182.0,90.0,1.3,14.0,84.0,1.8,156.5,17.9,2.72
2001-10-11,213.0,95.0,1.0,21.5,40.0,2.6,228.0,18.0,5.46
2001-10-12,219.0,96.0,1.0,20.6,40.0,1.8,152.3,18.2,4.7
2001-10-13,217.0,102.0,1.2,16.2,65.0,1.6,137.6,18.1,3.61
2001-10-14,196.0,101.0,1.4,13.8,89.0,1.7,146.8,17.8,2.72
2001-10-15,159.0,58.0,1.4,14.2,89.0,2.2,187.7,18.4,1.61
2001-10-16,172.0,87.0,1.3,13.4,86.0,1.7,150.0,18.2,2.39
2001-10-17,194.0,97.0,1.4,13.0,93.0,1.7,147.7,17.8,2.4
2001-10-18,140.0,69.0,1.5,14.0,93.0,1.7,142.6,18.1,1.89
2001-10-19,106.0,46.0,1.5,13.2,97.0,1.6,138.7,18.2,1.33
2001-10-20,165.0,79.0,1.4,13.6,90.0,1.8,154.7,18.2,2.02
2001-10-21,197.0,89.0,1.3,13.9,81.0,2.0,170.3,17.9,2.72
2001-10-22,192.0,86.0,1.3,16.3,69.0,3.2,273.5,17.5,3.25
2001-10-23,179.0,74.0,0.9,19.9,41.0,2.5,216.0,16.6,4.51
2001-10-24,164.0,76.0,1.4,13.8,88.0,1.6,138.2,17.0,2.23
2001-10-25,109.0,45.0,1.4,12.6,96.0,1.5,126.7,17.4,1.29
2001-10-26,120.0,41.0,1.3,13.5,84.0,1.3,115.8,17.2,1.79
2001-10-27,141.0,60.0,1.3,14.2,78.0,1.8,156.3,17.1,2.36
2001-10-28,122.0,51.0,1.2,14.3,75.0,1.5,133.4,16.7,2.09
2001-10-29,33.0,-5.0,1.7,15.6,94.0,1.7,150.2,16.9,0.33
2001-10-30,174.0,76.0,1.5,14.7,90.0,1.6,137.2,17.2,2.39
2001-10-31,156.0,70.0,1.4,14.2,87.0,2.2,186.5,17.1,2.31
2001-11-01,66.0,19.0,1.5,13.4,96.0,1.8,155.9,17.1,0.82
2001-11-02,152.0,71.0,1.5,13.8,92.0,1.8,152.8,17.1,2.0
2001-11-03,96.0,40.0,1.5,13.6,98.0,1.6,135.6,17.2,1.22
2001-11-04,163.0,70.0,1.5,14.3,91.0,1.8,158.1,17.2,2.31
2001-11-05,68.0,14.0,1.4,12.9,96.0,1.5,128.6,17.2,0.82
2001-11-06,157.0,67.0,1.2,12.6,83.0,1.7,146.9,16.8,2.39
2001-11-07,158.0,66.0,1.3,14.3,78.0,1.4,119.1,16.4,2.57
2001-11-08,148.0,62.0,1.3,15.1,75.0,1.5,132.5,16.4,2.44
2001-11-09,95.0,37.0,1.6,16.0,88.0,2.4,211.2,16.6,1.53
2001-11-10,107.0,40.0,1.8,17.5,88.0,3.7,320.9,17.0,1.66
2001-11-11,19.0,-14.0,1.6,14.1,100.0,3.0,256.3,16.9,0.02
2001-11-12,154.0,59.0,1.3,12.6,89.0,1.8,155.7,16.1,2.04
2001-11-13,155.0,58.0,1.2,16.1,68.0,2.6,221.4,15.9,2.71
2001-11-14,151.0,61.0,1.4,14.0,90.0,1.8,155.4,16.0,2.03
2001-11-15,86.0,28.0,1.5,13.0,100.0,1.6,134.9,16.4,0.95
2001-11-16,134.0,58.0,1.5,13.3,100.0,1.6,133.9,16.6,1.57
2001-11-17,139.0,53.0,1.4,13.2,89.0,1.5,130.3,16.7,1.97
2001-11-18,216.0,105.0,1.2,13.3,78.0,2.0,170.8,16.5,3.22
2001-11-19,12.0,-2.0,1.4,13.8,90.0,2.0,173.1,16.2,0.33
2001-11-20,77.0,24.0,1.4,13.0,93.0,1.5,126.3,15.8,1.22
2001-11-21,92.0,33.0,1.5,13.6,99.0,1.4,119.5,15.8,1.15
2001-11-22,69.0,20.0,1.6,14.1,100.0,1.6,138.7,16.2,0.78
2001-11-23,143.0,47.0,1.2,13.2,83.0,1.9,164.6,15.9,1.95
2001-11-24,41.0,-4.0,1.3,11.7,95.0,3.9,335.1,15.6,0.44
2001-11-25,113.0,35.0,1.0,9.5,83.0,1.6,135.0,14.8,1.5
2001-11-26,132.0,47.0,0.8,10.1,69.0,1.8,157.3,14.3,1.93
2001-11-27,146.0,41.0,0.7,9.5,56.0,2.1,177.6,13.7,2.33
2001-11-28,85.0,23.0,0.7,10.1,57.0,2.3,200.8,13.1,1.89
2001-11-29,97.0,31.0,1.2,11.1,95.0,3.4,289.6,13.3,1.06
2001-11-30,140.0,45.0,1.0,9.2,86.0,1.3,116.4,13.3,1.72
2001-12-01,46.0,9.0,1.1,10.8,87.0,2.1,184.3,13.2,0.73
2001-12-02,26.0,-5.0,1.3,12.1,91.0,3.5,300.4,13.4,0.28
2001-12-03,135.0,34.0,1.0,9.3,85.0,1.9,167.3,13.2,1.65
2001-12-04,138.0,45.0,0.8,8.2,76.0,2.0,173.4,12.5,1.72
2001-12-05,117.0,44.0,1.0,8.3,87.0,1.6,140.1,12.0,1.44
2001-12-06,130.0,40.0,1.1,12.5,73.0,2.6,223.6,12.2,2.11
2001-12-07,136.0,43.0,1.0,14.6,61.0,2.9,254.4,12.8,2.59
2001-12-08,137.0,41.0,0.8,12.4,57.0,1.2,104.4,12.8,2.18
2001-12-09,79.0,17.0,0.9,8.7,82.0,2.5,218.6,12.5,1.07
2001-12-10,117.0,41.0,0.7,7.7,70.0,2.1,182.8,11.7,1.76
2001-12-11,134.0,39.0,0.7,8.4,67.0,2.4,210.7,11.2,2.0
2001-12-12,130.0,45.0,0.9,8.7,76.0,1.7,147.6,11.1,1.71
2001-12-13,132.0,44.0,0.9,9.1,78.0,1.5,125.7,11.2,1.73
2001-12-14,75.0,17.0,0.9,9.2,79.0,2.9,249.8,11.6,1.15
2001-12-15,134.0,36.0,0.5,8.2,48.0,2.4,211.0,10.9,2.26
2001-12-16,123.0,44.0,0.8,8.1,71.0,1.5,128.5,10.6,1.67
2001-12-17,79.0,29.0,1.2,10.8,95.0,1.3,115.3,11.1,0.94
2001-12-18,140.0,35.0,1.1,10.0,87.0,1.4,125.1,12.0,1.73
2001-12-19,127.0,37.0,0.9,7.9,88.0,1.6,135.0,11.5,1.45
2001-12-20,55.0,-1.0,1.1,10.4,88.0,2.8,240.8,11.6,0.66
2001-12-21,126.0,46.0,1.1,10.8,87.0,3.1,264.8,11.9,1.51
2001-12-22,98.0,34.0,1.1,9.5,90.0,1.8,158.2,11.8,1.21
2001-12-23,128.0,36.0,1.1,11.4,81.0,2.1,181.1,12.2,1.73
2001-12-24,100.0,28.0,0.9,10.5,69.0,1.4,118.7,12.0,1.48
2001-12-25,118.0,42.0,0.8,9.0,74.0,1.3,110.2,11.6,1.61
2001-12-26,111.0,42.0,1.0,11.0,77.0,1.4,124.2,11.6,1.62
2001-12-27,77.0,22.0,1.0,12.8,69.0,1.1,91.5,12.1,1.18
2001-12-28,35.0,0.0,1.0,13.1,65.0,2.3,199.9,12.6,1.05
2001-12-29,27.0,-5.0,1.2,12.9,80.0,3.9,334.6,12.4,0.69
2001-12-30,31.0,-1.0,1.4,12.3,96.0,1.5,132.9,12.6,0.26
2001-12-31,105.0,26.0,1.5,13.1,96.0,1.8,153.9,13.2,1.21
2002-01-01,64.0,19.0,1.4,12.9,94.0,1.8,153.0,13.4,0.85
2002-01-02,22.0,-10.0,1.4,13.6,93.0,2.2,192.1,13.7,0.24
2002-01-03,140.0,30.0,1.0,13.4,68.0,2.0,176.3,13.7,2.09
2002-01-04,129.0,37.0,0.9,11.7,67.0,2.0,176.0,13.2,2.04
2002-01-05,126.0,36.0,0.9,9.7,76.0,1.2,100.4,12.6,1.71
2002-01-06,86.0,23.0,1.1,11.0,81.0,1.3,115.5,12.6,1.28
2002-01-07,89.0,30.0,1.1,9.0,93.0,1.3,115.9,12.6,1.1
2002-01-08,85.0,26.0,0.9,10.9,71.0,1.4,122.9,12.7,1.35
2002-01-09,113.0,23.0,0.5,12.4,35.0,2.3,195.7,12.8,2.6
2002-01-10,144.0,35.0,0.7,13.7,43.0,1.5,132.3,12.8,2.56
2002-01-11,147.0,38.0,0.9,11.5,63.0,1.1,98.0,12.6,2.26
2002-01-12,122.0,42.0,0.9,10.8,68.0,1.7,144.3,12.2,2.01
2002-01-13,150.0,38.0,0.8,11.3,61.0,1.7,147.2,12.0,2.37
2002-01-14,140.0,49.0,0.9,8.1,82.0,1.8,157.8,11.6,1.76
2002-01-15,146.0,44.0,0.6,7.8,59.0,2.6,225.3,11.1,2.09
2002-01-16,107.0,44.0,0.7,8.6,61.0,1.5,133.6,10.7,1.92
2002-01-17,150.0,48.0,0.8,6.8,76.0,1.9,167.4,10.2,1.84
2002-01-18,154.0,41.0,0.6,9.5,53.0,2.2,188.0,10.2,2.46
2002-01-19,154.0,44.0,0.7,8.6,60.0,2.6,223.9,10.0,2.25
2002-01-20,156.0,40.0,0.5,10.0,44.0,2.4,209.5,10.0,2.82
2002-01-21,154.0,49.0,0.8,8.1,76.0,1.9,164.0,9.9,1.91
2002-01-22,158.0,46.0,0.6,8.5,53.0,4.2,362.7,9.9,2.69
2002-01-23,162.0,44.0,0.5,7.4,52.0,3.0,256.3,9.3,2.44
2002-01-24,164.0,44.0,0.6,7.9,56.0,1.7,145.2,9.1,2.4
2002-01-25,138.0,54.0,0.8,6.4,84.0,1.4,119.0,9.2,1.66
2002-01-26,88.0,34.0,1.1,9.4,94.0,1.4,119.8,9.8,0.98
2002-01-27,83.0,17.0,1.0,8.0,89.0,1.8,151.4,10.7,0.96
2002-01-28,108.0,26.0,0.7,4.8,87.0,1.7,147.9,9.8,1.13
2002-01-29,166.0,45.0,0.6,3.4,79.0,1.9,162.3,9.2,1.62
2002-01-30,173.0,52.0,0.5,5.1,61.0,2.1,185.2,8.8,2.19
2002-01-31,174.0,0.0,0.5,5.9,56.0,1.5,131.8,8.6,0.0
2002-02-01,171.0,56.0,0.6,8.1,51.0,2.1,182.9,8.6,2.7
2002-02-02,174.0,57.0,0.7,9.3,59.0,2.1,179.7,9.1,2.63
2002-02-03,175.0,59.0,0.7,10.8,52.0,2.2,186.8,9.4,2.96
2002-02-04,185.0,55.0,0.7,11.8,49.0,2.8,241.3,9.7,3.67
2002-02-05,183.0,62.0,0.8,9.3,68.0,1.6,136.5,9.7,2.58
2002-02-06,182.0,65.0,1.0,8.8,88.0,1.9,160.3,9.9,2.13
2002-02-07,131.0,53.0,1.3,11.3,97.0,1.7,148.4,10.8,1.45
2002-02-08,174.0,72.0,1.2,13.4,76.0,2.5,216.1,12.0,2.53
2002-02-09,190.0,61.0,0.7,14.4,45.0,3.3,288.5,11.8,3.98
2002-02-10,196.0,61.0,0.7,11.5,50.0,1.8,156.5,11.6,3.53
2002-02-11,185.0,68.0,0.7,12.4,49.0,1.5,125.9,11.4,3.05
2002-02-12,178.0,64.0,0.8,14.4,47.0,1.8,153.3,11.7,3.3
2002-02-13,104.0,45.0,1.2,11.0,90.0,1.7,142.6,12.0,1.35
2002-02-14,178.0,80.0,1.1,10.2,86.0,1.6,135.0,12.5,2.11
2002-02-15,149.0,66.0,1.0,9.3,89.0,1.4,121.1,12.6,1.79
2002-02-16,169.0,71.0,1.0,9.6,83.0,2.4,211.2,12.2,2.18
2002-02-17,151.0,65.0,1.0,9.7,84.0,3.0,261.5,12.2,1.74
2002-02-18,178.0,76.0,0.9,7.9,86.0,1.9,166.9,11.8,2.09
2002-02-19,161.0,77.0,1.1,10.7,89.0,1.7,144.9,12.0,2.0
2002-02-20,179.0,80.0,1.3,14.9,75.0,2.5,214.0,12.9,2.85
2002-02-21,214.0,83.0,1.4,18.7,66.0,1.3,116.3,14.2,3.83
2002-02-22,197.0,88.0,1.2,15.6,68.0,1.7,143.4,14.1,3.53
2002-02-23,216.0,88.0,1.1,11.8,82.0,2.7,229.8,14.1,2.72
2002-02-24,220.0,82.0,0.9,14.5,52.0,3.0,261.2,13.6,3.88
2002-02-25,220.0,83.0,0.9,17.1,48.0,2.3,196.0,13.7,4.23
2002-02-26,206.0,85.0,1.1,14.8,64.0,1.4,120.5,13.9,3.42
2002-02-27,204.0,98.0,1.1,14.2,71.0,1.5,131.8,14.2,3.2
2002-02-28,222.0,98.0,1.2,11.7,89.0,1.8,157.7,14.1,2.76
2002-03-01,219.0,99.0,1.1,11.5,81.0,2.2,186.4,14.4,2.83
2002-03-02,210.0,89.0,0.8,10.6,60.0,2.1,178.3,13.8,3.49
2002-03-03,234.0,95.0,0.7,10.1,55.0,1.8,151.2,13.3,3.69
2002-03-04,234.0,100.0,0.9,10.3,69.0,1.9,163.7,12.8,3.43
2002-03-05,229.0,104.0,1.0,9.9,85.0,2.0,171.1,12.9,2.78
2002-03-06,59.0,11.0,1.3,11.3,96.0,1.9,166.1,13.0,0.6
2002-03-07,87.0,28.0,1.2,11.0,89.0,2.4,210.2,13.2,1.16
2002-03-08,234.0,100.0,0.6,9.1,53.0,2.8,243.0,12.6,3.39
2002-03-09,224.0,104.0,0.8,8.8,72.0,1.7,147.1,12.3,2.91
2002-03-10,197.0,104.0,1.2,10.7,90.0,2.2,186.8,12.6,2.42
2002-03-11,241.0,110.0,1.1,14.6,64.0,2.5,214.4,13.3,3.89
2002-03-12,232.0,116.0,1.2,13.3,78.0,2.4,210.6,13.8,3.17
2002-03-13,255.0,115.0,0.7,10.0,60.0,4.7,402.5,13.4,3.61
2002-03-14,248.0,109.0,0.8,7.4,73.0,3.1,265.0,12.4,2.93
2002-03-15,263.0,111.0,0.8,7.0,75.0,2.9,246.8,12.1,2.98
2002-03-16,259.0,112.0,0.7,6.4,77.0,3.4,291.5,11.8,2.91
2002-03-17,70.0,10.0,0.9,7.1,85.0,2.6,227.8,11.6,0.78
2002-03-18,267.0,123.0,0.6,8.1,58.0,2.1,180.4,11.4,3.48
2002-03-19,267.0,118.0,0.7,11.9,50.0,1.7,145.3,12.0,4.13
2002-03-20,196.0,98.0,0.8,10.4,61.0,1.5,126.4,12.5,2.98
2002-03-21,236.0,124.0,1.0,9.5,86.0,1.8,159.6,12.7,2.91
2002-03-22,160.0,77.0,1.1,11.3,85.0,2.6,221.4,12.8,2.26
2002-03-23,160.0,81.0,1.3,12.0,91.0,2.7,231.4,13.2,1.9
2002-03-24,252.0,125.0,1.0,9.6,84.0,2.9,251.3,13.4,2.89
2002-03-25,242.0,121.0,0.9,9.9,77.0,2.0,172.5,13.2,3.12
2002-03-26,226.0,120.0,1.1,10.4,84.0,1.8,154.2,13.5,2.86
2002-03-27,270.0,135.0,1.2,13.0,78.0,2.5,217.0,13.8,3.51
2002-03-28,228.0,121.0,1.2,11.1,87.0,1.7,142.8,14.4,2.71
2002-03-29,205.0,111.0,1.2,11.0,93.0,1.8,151.5,14.8,2.39
2002-03-30,153.0,80.0,1.3,11.1,97.0,1.7,142.6,15.1,1.69
2002-03-31,207.0,108.0,1.3,11.1,97.0,1.7,146.9,15.4,2.31
2002-04-01,176.0,94.0,1.3,11.1,95.0,1.9,167.3,15.6,1.97
2002-04-02,83.0,27.0,1.2,11.2,92.0,1.7,146.6,15.5,0.95
2002-04-03,72.0,19.0,1.1,11.2,85.0,1.5,133.4,15.2,0.93
2002-04-04,123.0,50.0,1.1,11.3,79.0,1.5,131.8,15.1,1.75
2002-04-05,216.0,105.0,1.2,13.3,78.0,2.0,170.8,16.5,3.22
2002-04-06,216.0,105.0,1.2,13.3,78.0,2.0,170.8,16.5,3.22
2002-04-07,216.0,105.0,1.2,13.3,78.0,2.0,170.8,16.5,3.22
2002-04-08,216.0,105.0,1.2,13.3,78.0,2.0,170.8,16.5,3.22
2002-04-09,216.0,105.0,1.2,13.3,78.0,2.0,170.8,16.5,3.22
2002-04-10,216.0,105.0,1.2,13.3,78.0,2.0,170.8,16.5,3.22
2002-04-11,216.0,105.0,1.2,13.3,78.0,2.0,170.8,16.5,3.22
2002-04-12,216.0,105.0,1.2,13.3,78.0,2.0,170.8,16.5,3.22
2002-04-13,216.0,105.0,1.2,13.3,78.0,2.0,170.8,16.5,3.22
2002-04-14,216.0,105.0,1.2,13.3,78.0,2.0,170.8,16.5,3.22
2002-04-15,216.0,105.0,1.2,13.3,78.0,2.0,170.8,16.5,3.22
2002-04-16,216.0,105.0,1.2,13.3,78.0,2.0,170.8,16.5,3.22
2002-04-17,281.0,0.0,1.0,10.3,79.0,0.5,42.4,15.9,0.0
2002-04-18,323.0,173.0,0.8,9.8,68.0,0.5,43.0,15.2,3.92
2002-04-19,320.0,167.0,0.9,9.7,77.0,0.5,41.4,14.9,4.08
2002-04-20,285.0,163.0,1.1,10.2,86.0,0.5,41.6,15.1,3.53
2002-04-21,303.0,170.0,1.1,10.7,82.0,0.5,40.7,15.8,3.89
2002-04-22,319.0,169.0,1.1,14.2,66.0,0.5,41.1,16.0,4.61
2002-04-23,429.0,172.0,1.2,13.5,80.0,3.1,264.6,16.3,3.62
2002-04-24,300.0,169.0,1.2,13.8,74.0,2.3,197.5,16.4,4.34
2002-04-25,228.0,123.0,1.3,13.1,84.0,2.5,216.1,16.7,3.05
2002-04-26,70.0,18.0,1.2,10.7,92.0,3.1,271.0,16.0,0.77
2002-04-27,259.0,148.0,1.1,11.1,83.0,2.7,234.8,15.6,3.11
2002-04-28,299.0,169.0,1.0,11.0,73.0,1.9,161.8,16.0,4.07
2002-04-29,228.0,127.0,1.0,11.3,76.0,2.0,171.7,16.2,3.18
2002-04-30,312.0,170.0,1.0,10.2,81.0,2.9,254.7,16.0,3.66
2002-05-01,143.0,57.0,1.0,9.9,82.0,2.5,219.8,15.5,1.95
2002-05-02,324.0,174.0,1.1,10.5,86.0,2.6,221.2,15.1,3.74
2002-05-03,320.0,178.0,1.2,11.7,86.0,2.3,201.4,15.8,3.64
2002-05-04,313.0,175.0,1.2,11.7,86.0,2.4,206.8,16.4,3.65
2002-05-05,291.0,162.0,1.2,11.4,89.0,2.0,174.7,16.9,3.45
2002-05-06,315.0,176.0,1.2,11.4,88.0,2.5,214.5,16.9,3.68
2002-05-07,329.0,181.0,1.1,11.2,81.0,2.4,209.8,17.0,3.8
2002-05-08,340.0,182.0,1.1,12.0,81.0,2.4,203.6,17.1,4.16
2002-05-09,334.0,183.0,1.1,11.5,82.0,2.6,228.7,17.2,4.09
2002-05-10,339.0,184.0,1.0,10.5,81.0,3.0,260.8,16.8,3.91
2002-05-11,345.0,181.0,1.0,11.7,74.0,2.4,203.2,16.5,4.71
2002-05-12,337.0,180.0,1.2,14.6,70.0,2.1,180.9,17.0,5.17
2002-05-13,321.0,177.0,1.1,11.6,84.0,2.6,226.5,17.3,3.94
2002-05-14,346.0,184.0,1.1,11.9,81.0,2.8,241.6,17.1,4.26
2002-05-15,307.0,173.0,1.2,11.1,87.0,2.3,195.3,17.4,3.57
2002-05-16,316.0,179.0,1.2,11.2,89.0,2.3,202.2,17.1,3.71
2002-05-17,338.0,188.0,1.2,11.5,86.0,2.2,188.7,17.4,4.19
2002-05-18,301.0,173.0,1.2,12.1,85.0,2.2,192.2,17.9,3.77
2002-05-19,252.0,135.0,1.3,13.3,84.0,2.7,232.8,17.9,3.3
2002-05-20,245.0,129.0,1.2,13.6,79.0,3.5,305.8,17.6,3.43
2002-05-21,330.0,185.0,1.2,12.0,83.0,3.2,273.2,17.5,3.89
2002-05-22,350.0,187.0,1.1,12.1,75.0,2.9,250.6,17.2,4.7
2002-05-23,354.0,187.0,1.1,13.6,68.0,2.3,202.5,17.2,5.17
2002-05-24,335.0,181.0,1.2,15.9,65.0,2.4,210.1,17.4,5.13
2002-05-25,267.0,154.0,1.3,13.2,88.0,2.4,211.2,17.9,3.28
2002-05-26,207.0,109.0,1.3,12.9,87.0,2.0,173.4,18.0,2.53
2002-05-27,330.0,189.0,1.3,12.7,90.0,2.5,213.1,18.2,3.8
2002-05-28,330.0,187.0,1.4,13.2,91.0,2.4,204.3,18.4,3.86
2002-05-29,348.0,189.0,1.5,19.5,67.0,2.5,216.6,18.9,6.25
2002-05-30,335.0,187.0,1.5,18.0,74.0,2.5,211.9,19.6,4.89
2002-05-31,304.0,177.0,1.5,14.5,88.0,2.4,209.5,19.7,3.93
2002-06-01,210.0,110.0,1.3,13.1,88.0,2.6,225.7,19.5,2.6
2002-06-02,318.0,183.0,1.2,12.7,82.0,2.8,241.5,19.2,3.78
2002-06-03,334.0,191.0,1.2,12.6,85.0,2.5,214.2,19.1,3.99
2002-06-04,350.0,190.0,1.3,16.4,69.0,2.2,190.5,19.2,5.7
2002-06-05,351.0,189.0,1.4,20.9,56.0,2.2,188.8,20.0,6.83
2002-06-06,363.0,195.0,1.3,15.3,77.0,2.3,199.4,20.2,5.24
2002-06-07,356.0,196.0,1.2,12.6,84.0,2.5,218.2,19.4,4.27
2002-06-08,344.0,192.0,1.2,12.9,80.0,2.4,210.3,19.1,4.48
2002-06-09,364.0,193.0,1.0,14.5,61.0,2.7,229.6,18.9,5.71
2002-06-10,347.0,188.0,1.1,18.7,51.0,2.7,230.8,19.0,5.96
2002-06-11,301.0,169.0,1.4,15.1,81.0,2.3,201.6,19.0,4.11
2002-06-12,351.0,196.0,1.3,15.7,75.0,2.2,192.5,19.2,5.04
2002-06-13,328.0,185.0,1.3,13.4,82.0,2.5,218.7,19.1,4.33
2002-06-14,345.0,196.0,1.3,13.1,84.0,2.5,219.6,19.0,4.31
2002-06-15,359.0,198.0,1.3,13.4,82.0,2.5,217.6,18.9,4.76
2002-06-16,368.0,196.0,1.2,14.5,75.0,2.4,210.3,18.9,5.41
2002-06-17,364.0,194.0,1.2,15.3,71.0,2.3,202.8,19.0,5.54
2002-06-18,347.0,193.0,1.4,15.9,80.0,2.7,236.3,19.4,4.9
2002-06-19,349.0,194.0,1.3,13.7,85.0,2.4,209.3,19.4,4.34
2002-06-20,206.0,113.0,1.3,12.8,88.0,3.0,256.0,18.9,2.52
2002-06-21,281.0,157.0,1.3,13.1,85.0,2.8,239.1,18.5,3.38
2002-06-22,358.0,197.0,1.3,13.7,85.0,2.8,244.9,18.7,4.25
2002-06-23,356.0,195.0,1.3,14.1,82.0,2.7,229.2,18.9,4.79
2002-06-24,318.0,183.0,1.4,12.9,91.0,2.2,186.0,18.9,3.89
2002-06-25,314.0,182.0,1.3,12.9,90.0,2.1,178.6,19.5,3.86
2002-06-26,377.0,167.0,1.4,15.1,80.0,2.9,246.5,20.2,3.77
2002-06-27,322.0,187.0,1.4,14.1,87.0,2.3,202.0,20.2,4.08
2002-06-28,295.0,165.0,1.4,13.4,88.0,2.2,193.1,20.2,3.71
2002-06-29,356.0,194.0,1.4,16.2,75.0,2.3,197.1,20.2,5.28
2002-06-30,348.0,192.0,1.5,18.2,71.0,1.8,159.2,20.7,5.7
2002-07-01,334.0,186.0,1.5,15.3,86.0,2.2,186.7,21.0,4.41
2002-07-02,288.0,168.0,1.5,14.5,89.0,2.1,183.4,21.0,3.7
2002-07-03,315.0,185.0,1.4,13.5,90.0,2.4,204.0,20.8,3.71
2002-07-04,295.0,168.0,1.3,13.4,84.0,2.1,182.9,20.4,4.02
2002-07-05,332.0,189.0,1.3,13.4,84.0,2.4,206.4,20.1,4.23
2002-07-06,345.0,197.0,1.3,14.5,81.0,2.1,181.4,20.4,4.57
2002-07-07,347.0,195.0,1.4,15.0,81.0,2.5,217.8,20.5,4.71
2002-07-08,356.0,192.0,1.4,19.9,59.0,2.5,212.5,20.7,6.39
2002-07-09,354.0,191.0,1.4,22.0,52.0,2.2,189.4,21.2,6.37
2002-07-10,345.0,192.0,1.6,19.2,70.0,2.4,205.5,21.4,5.81
2002-07-11,337.0,189.0,1.5,17.2,78.0,2.0,170.3,21.6,5.22
2002-07-12,336.0,192.0,1.5,16.9,79.0,2.2,190.1,21.4,5.15
2002-07-13,316.0,185.0,1.5,15.4,88.0,2.1,185.1,21.5,4.24
2002-07-14,328.0,193.0,1.5,15.8,83.0,2.1,184.7,21.5,4.57
2002-07-15,342.0,194.0,1.4,15.1,85.0,2.5,212.2,21.2,4.47
2002-07-16,324.0,188.0,1.4,14.9,84.0,2.4,203.6,21.2,4.27
2002-07-17,336.0,191.0,1.4,14.8,85.0,2.2,190.9,21.2,4.4
2002-07-18,319.0,182.0,1.5,15.0,85.0,2.5,212.9,21.1,4.2
2002-07-19,306.0,181.0,1.5,15.3,85.0,2.2,188.7,21.1,4.09
2002-07-20,325.0,188.0,1.5,15.9,83.0,2.6,226.0,21.2,4.37
2002-07-21,229.0,121.0,1.5,15.4,83.0,2.2,191.1,21.1,3.15
2002-07-22,348.0,191.0,1.3,14.3,82.0,2.4,203.6,20.5,4.67
2002-07-23,349.0,189.0,1.3,15.3,76.0,2.4,205.7,20.2,5.17
2002-07-24,340.0,188.0,1.4,15.2,84.0,2.1,180.9,20.4,4.67
2002-07-25,335.0,190.0,1.4,14.9,84.0,2.3,197.8,20.5,4.6
2002-07-26,315.0,182.0,1.4,14.5,86.0,2.4,205.5,20.5,4.01
2002-07-27,321.0,186.0,1.5,16.1,83.0,2.4,203.9,20.6,4.34
2002-07-28,267.0,155.0,1.5,16.6,81.0,2.3,195.9,20.9,3.79
2002-07-29,318.0,183.0,1.5,15.5,84.0,2.5,219.8,20.5,4.28
2002-07-30,301.0,178.0,1.5,15.5,88.0,2.2,186.7,20.8,3.94
2002-07-31,303.0,173.0,1.5,15.6,87.0,2.3,197.8,21.0,3.96
2002-08-01,268.0,158.0,1.6,15.5,93.0,2.7,233.0,21.1,3.28
2002-08-02,190.0,103.0,1.6,16.1,90.0,2.1,185.4,21.0,2.64
2002-08-03,217.0,123.0,1.6,16.4,85.0,2.4,211.0,20.8,3.05
2002-08-04,318.0,180.0,1.4,16.2,78.0,2.2,186.2,20.9,4.42
2002-08-05,321.0,181.0,1.4,15.6,79.0,2.3,197.6,20.7,4.57
2002-08-06,328.0,180.0,1.3,14.3,80.0,2.5,214.3,19.9,4.47
2002-08-07,326.0,180.0,1.3,14.4,82.0,2.1,182.6,19.5,4.4
2002-08-08,326.0,179.0,1.3,18.2,64.0,2.3,194.7,19.8,6.05
2002-08-09,325.0,176.0,1.5,18.8,68.0,2.1,178.4,20.2,5.82
2002-08-10,311.0,174.0,1.6,16.2,84.0,2.1,177.5,20.4,4.42
2002-08-11,304.0,172.0,1.5,14.9,86.0,2.2,192.4,20.8,4.1
2002-08-12,301.0,172.0,1.5,15.8,82.0,2.3,200.4,21.3,4.11
2002-08-13,306.0,174.0,1.5,15.7,85.0,1.9,163.1,21.0,4.24
2002-08-14,279.0,159.0,1.5,15.2,89.0,2.1,178.6,21.0,3.68
2002-08-15,282.0,161.0,1.6,15.6,90.0,2.0,175.7,21.1,3.74
2002-08-16,237.0,135.0,1.6,15.3,90.0,2.0,175.7,21.1,3.1
2002-08-17,225.0,125.0,1.5,15.2,89.0,2.2,188.1,20.9,2.89
2002-08-18,233.0,131.0,1.5,14.6,88.0,2.2,190.5,20.7,3.06
2002-08-19,205.0,108.0,1.4,14.8,86.0,2.2,187.0,20.4,2.72
2002-08-20,259.0,144.0,1.4,14.6,85.0,2.2,190.5,20.2,3.42
2002-08-21,279.0,158.0,1.4,13.8,86.0,2.3,196.0,19.7,3.55
2002-08-22,242.0,131.0,1.4,14.2,84.0,2.2,192.2,19.8,3.12
2002-08-23,287.0,159.0,1.4,14.6,83.0,2.5,212.0,19.8,3.77
2002-08-24,293.0,164.0,1.4,13.9,87.0,2.5,213.1,19.9,3.67
2002-08-25,299.0,165.0,1.4,13.6,87.0,2.5,213.9,20.0,3.78
2002-08-26,293.0,161.0,1.3,13.0,88.0,2.2,191.4,19.8,3.7
2002-08-27,378.0,150.0,1.4,17.7,70.0,2.5,215.5,20.0,4.36
2002-08-28,224.0,123.0,1.5,15.3,87.0,2.2,190.0,19.5,3.18
2002-08-29,172.0,84.0,1.5,15.1,89.0,1.7,147.2,19.4,2.3
2002-08-30,259.0,148.0,1.5,15.0,89.0,2.1,182.0,19.7,3.33
2002-08-31,281.0,155.0,1.5,14.8,87.0,1.9,161.2,20.1,3.89
2002-09-01,275.0,155.0,1.4,15.4,81.0,1.8,154.2,20.4,4.25
2002-09-02,286.0,155.0,1.4,19.1,65.0,1.8,151.2,20.2,5.52
2002-09-03,276.0,155.0,1.5,16.3,82.0,2.0,170.8,20.3,4.09
2002-09-04,230.0,125.0,1.5,16.7,77.0,2.1,181.1,20.3,3.76
2002-09-05,159.0,82.0,1.2,17.6,60.0,1.9,163.1,19.7,3.49
2002-09-06,248.0,136.0,1.3,14.6,79.0,2.3,202.2,19.1,3.51
2002-09-07,283.0,148.0,1.2,13.4,81.0,2.4,204.3,18.9,3.86
2002-09-08,285.0,142.0,1.2,15.6,67.0,2.2,193.6,18.8,4.77
2002-09-09,284.0,132.0,1.0,22.6,36.0,2.7,234.6,19.1,6.85
2002-09-10,278.0,135.0,1.2,21.0,46.0,2.1,183.8,19.5,5.89
2002-09-11,274.0,139.0,1.4,14.7,84.0,2.3,201.4,20.2,3.55
2002-09-12,241.0,132.0,1.4,13.4,91.0,2.0,169.5,19.5,2.96
2002-09-13,249.0,134.0,1.4,13.6,89.0,2.0,174.4,19.5,3.19
2002-09-14,246.0,133.0,1.4,14.1,86.0,1.7,143.7,19.5,3.43
2002-09-15,249.0,133.0,1.4,13.6,89.0,2.1,183.3,19.3,3.18
2002-09-16,265.0,132.0,1.4,15.9,79.0,2.7,229.4,19.3,3.84
2002-09-17,262.0,131.0,1.4,15.0,81.0,2.1,179.1,18.8,3.77
2002-09-18,261.0,131.0,1.4,16.1,76.0,2.1,180.2,18.8,4.2
2002-09-19,260.0,129.0,1.4,15.2,81.0,1.8,152.8,18.8,3.78
2002-09-20,249.0,129.0,1.4,14.1,87.0,1.9,167.0,18.7,3.3
2002-09-21,244.0,130.0,1.4,14.1,89.0,1.8,155.6,19.2,3.36
2002-09-22,240.0,126.0,1.5,14.6,88.0,1.9,167.8,19.5,3.37
2002-09-23,248.0,125.0,1.4,17.0,74.0,1.9,163.0,19.7,4.21
2002-09-24,168.0,73.0,1.4,18.4,67.0,1.8,154.0,19.4,3.14
2002-09-25,221.0,118.0,1.4,13.5,93.0,1.8,155.2,19.2,2.7
2002-09-26,185.0,95.0,1.4,14.1,89.0,2.0,170.7,19.2,2.33
2002-09-27,74.0,21.0,1.5,15.3,84.0,2.1,179.8,18.6,1.21
2002-09-28,68.0,16.0,1.5,15.5,84.0,1.6,142.1,18.4,1.03
2002-09-29,204.0,97.0,1.3,14.7,78.0,1.9,167.3,18.4,3.13
2002-09-30,205.0,108.0,1.3,13.1,88.0,1.9,163.6,17.9,2.58
2002-10-01,224.0,119.0,1.2,13.6,78.0,2.1,182.5,17.9,3.01
2002-10-02,243.0,113.0,0.9,13.0,61.0,2.1,185.5,16.8,4.11
2002-10-03,239.0,109.0,0.9,14.1,56.0,2.0,172.4,16.3,4.21
2002-10-04,226.0,109.0,1.2,12.6,80.0,1.7,144.5,16.5,3.18
2002-10-05,227.0,110.0,1.1,16.0,62.0,1.8,155.6,16.8,4.13
2002-10-06,229.0,103.0,1.1,22.9,38.0,2.0,168.8,17.6,5.36
2002-10-07,228.0,104.0,1.1,20.9,46.0,1.9,167.0,17.8,5.26
2002-10-08,308.0,110.0,1.5,17.1,79.0,2.4,209.3,18.1,3.23
2002-10-09,184.0,99.0,1.5,13.8,93.0,2.0,174.4,18.2,2.28
2002-10-10,146.0,75.0,1.4,13.6,87.0,2.0,176.5,17.9,1.98
2002-10-11,192.0,98.0,1.3,13.7,84.0,1.8,159.8,17.6,2.62
2002-10-12,163.0,87.0,1.4,13.4,91.0,1.7,142.8,17.4,2.12
2002-10-13,168.0,87.0,1.4,13.6,92.0,1.7,144.8,17.9,2.13
2002-10-14,177.0,90.0,1.4,13.8,89.0,1.9,167.4,18.0,2.26
2002-10-15,111.0,51.0,1.3,13.2,84.0,2.2,191.1,17.7,1.54
2002-10-16,123.0,54.0,1.2,12.9,78.0,2.1,179.5,17.1,1.79
2002-10-17,189.0,94.0,1.2,13.3,80.0,2.0,176.9,16.9,2.55
2002-10-18,145.0,68.0,1.2,12.7,84.0,1.8,156.5,17.0,1.9
2002-10-19,191.0,91.0,1.3,12.3,89.0,1.8,152.7,16.5,2.46
2002-10-20,169.0,85.0,1.4,12.5,94.0,1.9,165.2,17.1,1.99
2002-10-21,39.0,0.0,1.3,12.7,92.0,1.9,160.8,16.5,0.38
2002-10-22,151.0,70.0,1.3,13.5,84.0,1.8,156.6,16.6,2.03
2002-10-23,54.0,9.0,1.2,12.1,84.0,2.0,176.9,16.0,0.8
2002-10-24,97.0,34.0,1.1,10.8,83.0,1.4,122.9,15.4,1.29
2002-10-25,76.0,20.0,1.1,11.3,84.0,1.6,140.8,14.5,1.21
2002-10-26,144.0,69.0,1.2,10.9,90.0,2.1,180.9,14.5,1.78
2002-10-27,159.0,75.0,1.2,12.2,84.0,1.8,158.8,15.1,2.09
2002-10-28,172.0,76.0,1.2,11.4,88.0,1.9,161.2,14.5,2.21
2002-10-29,153.0,70.0,1.2,11.4,89.0,1.9,163.6,15.2,1.93
2002-10-30,166.0,77.0,1.2,11.8,89.0,1.7,149.6,15.3,2.09
2002-10-31,152.0,67.0,1.2,11.3,89.0,1.8,153.9,15.2,1.87
2002-11-01,148.0,65.0,1.1,11.1,83.0,1.8,156.0,15.0,2.05
2002-11-02,148.0,59.0,0.7,13.3,48.0,1.8,152.0,14.1,2.86
2002-11-03,166.0,69.0,0.7,16.9,37.0,1.7,148.6,14.7,3.55
2002-11-04,169.0,68.0,1.1,12.0,77.0,1.8,159.1,14.3,2.4
2002-11-05,164.0,73.0,1.1,10.7,88.0,1.8,153.2,14.5,2.02
2002-11-06,144.0,54.0,1.1,11.2,82.0,1.7,148.7,14.2,1.99
2002-11-07,31.0,-6.0,1.6,14.5,95.0,3.8,329.9,14.8,0.28
2002-11-08,18.0,-15.0,1.9,17.5,96.0,4.9,425.8,16.1,0.11
2002-11-09,72.0,19.0,1.6,14.8,97.0,2.2,189.9,16.6,0.9
2002-11-10,153.0,62.0,1.3,12.9,87.0,1.8,159.2,15.5,2.05
2002-11-11,157.0,58.0,1.1,15.8,63.0,2.5,216.7,15.0,2.9
2002-11-12,128.0,49.0,1.2,14.8,72.0,1.4,117.8,15.0,2.09
2002-11-13,138.0,53.0,1.3,13.9,83.0,2.0,172.5,15.1,2.03
2002-11-14,144.0,50.0,1.1,18.8,49.0,4.7,402.9,15.3,4.02
2002-11-15,140.0,48.0,0.9,16.4,50.0,1.4,116.9,15.2,2.76
2002-11-16,216.0,105.0,1.2,13.3,78.0,2.0,170.8,16.5,3.22
2002-11-17,216.0,105.0,1.2,13.3,78.0,2.0,170.8,16.5,3.22
2002-11-18,216.0,105.0,1.2,13.3,78.0,2.0,170.8,16.5,3.22
2002-11-19,216.0,105.0,1.2,13.3,78.0,2.0,170.8,16.5,3.22
2002-11-20,216.0,105.0,1.2,13.3,78.0,2.0,170.8,16.5,3.22
2002-11-21,216.0,105.0,1.2,13.3,78.0,2.0,170.8,16.5,3.22
2002-11-22,216.0,105.0,1.2,13.3,78.0,2.0,170.8,16.5,3.22
2002-11-23,216.0,105.0,1.2,13.3,78.0,2.0,170.8,16.5,3.22
2002-11-24,216.0,105.0,1.2,13.3,78.0,2.0,170.8,16.5,3.22
2002-11-25,216.0,105.0,1.2,13.3,78.0,2.0,170.8,16.5,3.22
2002-11-26,216.0,105.0,1.2,13.3,78.0,2.0,170.8,16.5,3.22
2002-11-27,216.0,105.0,1.2,13.3,78.0,2.0,170.8,16.5,3.22
2002-11-28,216.0,105.0,1.2,13.3,78.0,2.0,170.8,16.5,3.22
2002-11-29,216.0,105.0,1.2,13.3,78.0,2.0,170.8,16.5,3.22
2002-11-30,216.0,105.0,1.2,13.3,78.0,2.0,170.8,16.5,3.22
2002-12-01,216.0,105.0,1.2,13.3,78.0,2.0,170.8,16.5,3.22
2002-12-02,216.0,105.0,1.2,13.3,78.0,2.0,170.8,16.5,3.22
2002-12-03,216.0,105.0,1.2,13.3,78.0,2.0,170.8,16.5,3.22
2002-12-04,216.0,105.0,1.2,13.3,78.0,2.0,170.8,16.5,3.22
2002-12-05,216.0,105.0,1.2,13.3,78.0,2.0,170.8,16.5,3.22
2002-12-06,216.0,105.0,1.2,13.3,78.0,2.0,170.8,16.5,3.22
2002-12-07,216.0,105.0,1.2,13.3,78.0,2.0,170.8,16.5,3.22
2002-12-08,216.0,105.0,1.2,13.3,78.0,2.0,170.8,16.5,3.22
2002-12-09,216.0,105.0,1.2,13.3,78.0,2.0,170.8,16.5,3.22
2002-12-10,216.0,105.0,1.2,13.3,78.0,2.0,170.8,16.5,3.22
2002-12-11,216.0,105.0,1.2,13.3,78.0,2.0,170.8,16.5,3.22
2002-12-12,216.0,105.0,1.2,13.3,78.0,2.0,170.8,16.5,3.22
2002-12-13,216.0,105.0,1.2,13.3,78.0,2.0,170.8,16.5,3.22
2002-12-14,216.0,105.0,1.2,13.3,78.0,2.0,170.8,16.5,3.22
2002-12-15,216.0,105.0,1.2,13.3,78.0,2.0,170.8,16.5,3.22
2002-12-16,216.0,105.0,1.2,13.3,78.0,2.0,170.8,16.5,3.22
2002-12-17,216.0,105.0,1.2,13.3,78.0,2.0,170.8,16.5,3.22
2002-12-18,216.0,105.0,1.2,13.3,78.0,2.0,170.8,16.5,3.22
2002-12-19,216.0,105.0,1.2,13.3,78.0,2.0,170.8,16.5,3.22
2002-12-20,216.0,105.0,1.2,13.3,78.0,2.0,170.8,16.5,3.22
2002-12-21,216.0,105.0,1.2,13.3,78.0,2.0,170.8,16.5,3.22
2002-12-22,216.0,105.0,1.2,13.3,78.0,2.0,170.8,16.5,3.22
2002-12-23,216.0,105.0,1.2,13.3,78.0,2.0,170.8,16.5,3.22
2002-12-24,216.0,105.0,1.2,13.3,78.0,2.0,170.8,16.5,3.22
2002-12-25,216.0,105.0,1.2,13.3,78.0,2.0,170.8,16.5,3.22
2002-12-26,216.0,105.0,1.2,13.3,78.0,2.0,170.8,16.5,3.22
2002-12-27,216.0,105.0,1.2,13.3,78.0,2.0,170.8,16.5,3.22
2002-12-28,216.0,105.0,1.2,13.3,78.0,2.0,170.8,16.5,3.22
2002-12-29,216.0,105.0,1.2,13.3,78.0,2.0,170.8,16.5,3.22
2002-12-30,216.0,105.0,1.2,13.3,78.0,2.0,170.8,16.5,3.22
2002-12-31,117.0,45.0,1.1,11.5,83.0,2.6,223.7,12.0,1.53
2003-01-01,111.0,27.0,0.9,11.3,64.0,3.4,289.5,11.8,2.02
2003-01-02,118.0,38.0,1.0,12.1,68.0,1.2,105.4,11.6,1.78
2003-01-03,245.0,-20.0,1.0,9.2,84.0,2.4,209.5,15.6,1.14
2003-01-04,264.0,-23.0,1.0,11.2,77.0,1.8,156.9,15.6,3.22
2003-01-05,230.0,-22.0,1.2,12.1,87.0,2.1,180.0,16.0,1.07
2003-01-06,243.0,-21.0,1.0,10.6,79.0,2.9,249.2,15.8,1.16
2003-01-07,283.0,-20.0,1.1,10.8,82.0,2.5,214.6,15.4,1.39
2003-01-08,231.0,-23.0,1.2,11.1,88.0,1.9,164.9,15.7,1.18
2003-01-09,221.0,-23.0,1.2,11.7,85.0,2.3,196.0,15.9,1.0
2003-01-10,254.0,-22.0,1.0,8.8,84.0,2.4,203.9,15.9,1.12
2003-01-11,265.0,-22.0,1.1,10.3,84.0,2.6,222.6,15.7,1.18
2003-01-12,94.0,29.0,1.2,11.5,92.0,1.6,140.1,13.7,1.1
2003-01-13,103.0,34.0,1.2,10.8,95.0,1.6,134.1,13.6,1.13
2003-01-14,108.0,34.0,1.2,11.8,87.0,1.5,129.7,13.9,1.36
2003-01-15,142.0,44.0,1.0,13.4,62.0,3.2,278.9,13.6,2.75
2003-01-16,143.0,43.0,0.9,12.3,63.0,1.3,112.2,13.0,2.3
2003-01-17,142.0,46.0,1.0,12.1,69.0,1.1,97.2,12.9,2.17
2003-01-18,141.0,49.0,1.1,10.7,85.0,1.5,128.1,12.8,1.86
2003-01-19,138.0,53.0,1.2,10.2,93.0,1.6,134.3,12.7,1.59
2003-01-20,110.0,46.0,1.1,9.9,93.0,1.9,162.0,13.1,1.28
2003-01-21,111.0,46.0,1.3,12.1,89.0,1.6,140.1,13.1,1.41
2003-01-22,52.0,4.0,1.4,13.2,93.0,1.4,120.1,13.7,0.65
2003-01-23,107.0,46.0,1.4,14.0,89.0,1.8,159.1,13.8,1.48
2003-01-24,126.0,47.0,1.3,15.9,75.0,2.3,200.4,14.3,2.14
2003-01-25,138.0,53.0,1.2,15.8,66.0,3.0,262.1,14.2,2.7
2003-01-26,139.0,51.0,1.2,15.3,72.0,1.4,119.0,14.2,2.19
2003-01-27,128.0,47.0,1.3,13.1,85.0,1.5,128.0,14.1,1.81
2003-01-28,127.0,50.0,1.2,14.0,78.0,2.6,224.1,14.1,2.05
2003-01-29,149.0,56.0,1.1,15.2,65.0,2.3,200.7,13.9,2.64
2003-01-30,147.0,52.0,1.0,18.9,45.0,4.0,343.6,14.1,4.02
2003-01-31,85.0,54.0,1.4,15.9,76.0,1.3,109.2,14.9,2.76
2003-02-01,81.0,24.0,1.2,12.5,86.0,1.9,166.8,14.7,1.16
2003-02-02,166.0,58.0,0.7,11.6,55.0,3.0,261.6,13.9,2.9
2003-02-03,164.0,58.0,0.8,12.0,55.0,1.9,164.8,13.3,2.79
2003-02-04,162.0,60.0,0.7,11.1,55.0,2.0,175.4,12.9,2.92
2003-02-05,172.0,60.0,0.7,11.0,53.0,2.5,215.4,12.7,2.97
2003-02-06,171.0,64.0,0.7,7.8,67.0,1.3,113.5,12.1,2.39
2003-02-07,100.0,34.0,0.7,8.8,63.0,1.8,157.4,11.8,1.93
2003-02-08,176.0,62.0,0.6,11.5,41.0,2.7,229.0,11.7,3.46
2003-02-09,181.0,62.0,0.6,11.9,41.0,2.7,237.3,11.6,3.58
2003-02-10,124.0,47.0,0.7,13.7,43.0,2.5,216.3,11.7,3.05
2003-02-11,101.0,29.0,1.1,14.2,68.0,2.8,245.2,12.3,2.22
2003-02-12,43.0,3.0,1.5,14.8,92.0,1.8,159.5,13.0,0.55
2003-02-13,69.0,19.0,1.5,14.0,93.0,2.0,173.4,13.9,0.89
2003-02-14,149.0,57.0,1.3,12.7,90.0,2.1,181.9,14.1,1.84
2003-02-15,110.0,49.0,1.2,11.9,89.0,1.9,162.2,13.9,1.42
2003-02-16,152.0,69.0,1.2,12.4,87.0,2.2,189.4,14.2,1.95
2003-02-17,97.0,37.0,0.9,11.9,67.0,1.9,163.7,13.9,1.75
2003-02-18,190.0,78.0,0.9,11.0,68.0,2.1,185.5,13.4,2.78
2003-02-19,115.0,46.0,0.9,8.9,81.0,2.2,186.3,13.1,1.55
2003-02-20,191.0,81.0,0.9,9.7,75.0,2.2,190.5,12.6,2.43
2003-02-21,193.0,85.0,1.1,12.8,72.0,1.9,165.3,12.8,2.87
2003-02-22,190.0,84.0,1.1,14.3,66.0,2.3,199.6,13.2,3.1
2003-02-23,90.0,33.0,1.1,12.3,77.0,1.7,149.3,13.5,1.4
2003-02-24,41.0,-1.0,1.2,11.6,88.0,2.9,249.4,13.6,0.54
2003-02-25,189.0,91.0,1.1,10.8,86.0,2.8,238.6,13.2,2.29
2003-02-26,156.0,74.0,1.1,11.6,78.0,2.3,196.0,13.6,2.05
2003-02-27,181.0,78.0,1.0,10.3,83.0,2.2,186.2,13.5,2.17
2003-02-28,195.0,88.0,1.0,9.6,81.0,1.9,163.7,13.1,2.46
2003-03-01,209.0,94.0,1.0,9.4,84.0,2.1,177.3,13.1,2.51
2003-03-02,210.0,96.0,1.0,10.6,81.0,1.9,163.6,13.0,2.7
2003-03-03,141.0,63.0,1.0,9.4,86.0,1.9,161.0,13.2,1.73
2003-03-04,195.0,97.0,1.0,9.6,83.0,2.0,174.3,13.3,2.34
2003-03-05,214.0,99.0,0.9,9.5,80.0,2.0,168.5,13.0,2.73
2003-03-06,218.0,101.0,1.0,10.4,82.0,1.8,152.0,13.0,2.91
2003-03-07,220.0,104.0,1.0,10.9,78.0,1.9,166.1,13.1,2.89
2003-03-08,222.0,104.0,1.0,10.7,80.0,1.8,152.5,13.2,3.06
2003-03-09,220.0,105.0,1.1,10.6,86.0,1.7,146.4,13.3,2.94
2003-03-10,210.0,100.0,1.2,14.2,72.0,1.8,156.7,13.6,3.34
2003-03-11,201.0,100.0,1.3,14.1,83.0,2.1,179.5,14.2,2.72
2003-03-12,223.0,111.0,1.4,14.3,88.0,2.2,185.8,14.6,2.88
2003-03-13,63.0,15.0,1.3,11.3,97.0,1.8,158.1,14.9,0.6
2003-03-14,159.0,84.0,1.5,14.9,87.0,2.8,240.8,15.0,2.24
2003-03-15,165.0,88.0,1.4,13.6,92.0,3.5,304.8,15.4,1.88
2003-03-16,180.0,71.0,1.1,10.4,88.0,2.2,188.4,15.0,2.18
2003-03-17,242.0,119.0,1.0,9.4,81.0,3.2,277.4,14.4,2.84
2003-03-18,241.0,122.0,1.0,9.7,80.0,2.7,236.5,13.8,2.97
2003-03-19,231.0,116.0,1.0,11.1,78.0,2.3,195.7,13.7,3.01
2003-03-20,239.0,123.0,1.1,11.0,82.0,2.7,231.7,13.9,2.97
2003-03-21,242.0,122.0,1.1,11.8,76.0,1.9,167.4,14.0,3.46
2003-03-22,233.0,127.0,1.2,10.8,94.0,2.0,175.3,14.3,2.53
2003-03-23,135.0,61.0,1.2,10.9,93.0,1.8,152.8,14.6,1.62
2003-03-24,247.0,129.0,1.1,10.9,87.0,2.3,195.2,14.7,2.93
2003-03-25,242.0,127.0,1.1,13.9,68.0,2.0,170.3,14.8,3.95
2003-03-26,231.0,122.0,1.3,14.0,84.0,2.6,222.8,15.3,2.89
2003-03-27,252.0,130.0,1.0,12.3,68.0,3.3,285.8,15.1,3.63
2003-03-28,258.0,128.0,0.8,15.1,48.0,3.0,255.9,15.1,4.8
2003-03-29,261.0,130.0,0.9,15.5,51.0,2.3,200.3,15.3,4.69
2003-03-30,256.0,129.0,0.9,18.1,45.0,2.4,207.0,15.6,5.39
2003-03-31,176.0,128.0,1.3,14.5,77.0,1.7,144.8,16.4,3.98
2003-04-01,131.0,62.0,1.1,10.6,88.0,1.9,161.4,16.2,1.66
2003-04-02,247.0,129.0,1.0,9.5,81.0,2.2,185.8,15.7,2.91
2003-04-03,268.0,139.0,0.9,8.5,77.0,2.4,203.9,15.4,3.26
2003-04-04,169.0,80.0,0.9,8.1,85.0,2.2,193.4,14.9,1.99
2003-04-05,272.0,141.0,0.8,8.7,75.0,2.7,231.6,14.5,3.23
2003-04-06,269.0,144.0,0.9,10.9,72.0,3.1,272.1,14.4,3.44
2003-04-07,275.0,145.0,1.1,13.0,72.0,2.4,206.3,14.8,3.99
2003-04-08,273.0,145.0,1.1,15.3,63.0,1.8,154.5,15.3,4.49
2003-04-09,256.0,138.0,1.2,13.3,77.0,1.7,150.4,15.8,3.83
2003-04-10,253.0,135.0,1.4,13.2,90.0,2.0,175.0,15.9,3.08
2003-04-11,164.0,85.0,1.3,13.4,87.0,1.9,160.5,16.5,2.2
2003-04-12,121.0,52.0,1.2,12.9,80.0,3.8,328.9,16.2,2.04
2003-04-13,118.0,52.0,1.3,12.8,85.0,2.8,243.0,15.7,1.62
2003-04-14,216.0,105.0,1.2,13.3,78.0,2.0,170.8,16.5,3.22
2003-04-15,216.0,105.0,1.2,13.3,78.0,2.0,170.8,16.5,3.22
2003-04-16,216.0,105.0,1.2,13.3,78.0,2.0,170.8,16.5,3.22
2003-04-17,216.0,105.0,1.2,13.3,78.0,2.0,170.8,16.5,3.22
2003-04-20,216.0,105.0,1.2,13.3,78.0,2.0,170.8,16.5,3.22
2003-04-21,216.0,105.0,1.2,13.3,78.0,2.0,170.8,16.5,3.22
2003-04-22,216.0,105.0,1.2,13.3,78.0,2.0,170.8,16.5,3.22
2003-04-23,216.0,105.0,1.2,13.3,78.0,2.0,170.8,16.5,3.22
2003-04-24,102.0,34.0,1.3,12.7,87.0,2.3,196.3,15.6,1.02
2003-04-25,245.0,142.0,1.1,12.4,77.0,2.1,179.4,15.7,3.37
2003-04-26,318.0,170.0,1.0,11.0,77.0,2.8,241.5,16.0,3.99
2003-04-27,302.0,170.0,1.0,10.7,77.0,2.1,181.0,16.0,3.78
2003-04-28,308.0,169.0,1.1,11.7,78.0,2.4,206.2,16.5,3.89
2003-04-29,316.0,173.0,1.0,9.8,79.0,2.8,241.5,16.4,3.82
2003-04-30,315.0,173.0,1.0,11.2,72.0,2.5,212.9,16.2,4.12
2003-05-01,215.0,107.0,1.1,12.0,80.0,1.9,164.9,16.5,2.92
2003-05-02,85.0,24.0,1.2,12.0,88.0,3.2,280.6,16.3,1.06
2003-05-03,134.0,58.0,1.4,13.6,88.0,3.5,298.6,16.0,1.77
2003-05-04,279.0,157.0,1.1,12.2,81.0,3.0,259.2,16.4,3.42
2003-05-05,300.0,168.0,1.1,11.8,77.0,2.8,242.5,16.5,3.72
2003-05-06,272.0,146.0,1.1,11.0,82.0,2.6,226.8,16.6,3.26
2003-05-07,246.0,133.0,1.2,11.7,84.0,2.8,237.9,16.8,3.0
2003-05-08,300.0,167.0,1.0,10.3,78.0,3.4,294.1,16.6,3.52
2003-05-09,332.0,177.0,0.9,9.5,75.0,3.1,263.5,16.0,4.0
2003-05-10,330.0,177.0,0.9,11.2,71.0,2.5,218.3,16.0,4.5
2003-05-11,329.0,180.0,1.1,12.5,77.0,2.4,209.8,16.3,4.41
2003-05-12,317.0,169.0,1.2,12.3,83.0,1.8,157.6,16.8,4.21
2003-05-13,268.0,146.0,1.3,12.1,89.0,1.8,151.7,17.6,3.3
2003-05-14,209.0,115.0,1.2,12.4,83.0,2.7,233.0,18.0,2.68
2003-05-15,326.0,182.0,1.2,12.8,80.0,2.6,226.8,18.0,4.09
2003-05-16,304.0,171.0,1.2,12.9,78.0,2.3,199.7,17.9,4.11
2003-05-17,285.0,162.0,1.1,11.1,84.0,2.3,197.8,17.9,3.43
2003-05-18,337.0,182.0,1.0,12.4,72.0,1.9,163.2,17.9,4.91
2003-05-19,345.0,178.0,0.9,17.3,46.0,2.6,224.4,18.2,6.62
2003-05-20,339.0,179.0,1.1,19.0,49.0,2.3,195.3,18.7,6.29
2003-05-21,333.0,186.0,1.3,13.7,80.0,2.2,191.9,19.1,4.41
2003-05-22,308.0,178.0,1.3,12.1,89.0,2.0,171.3,19.3,3.76
2003-05-23,307.0,182.0,1.3,12.5,88.0,2.2,190.6,19.7,3.82
2003-05-24,176.0,92.0,1.3,11.7,91.0,2.0,172.5,19.7,2.04
2003-05-25,286.0,166.0,1.3,13.6,87.0,2.2,193.1,19.5,3.55
2003-05-26,325.0,186.0,1.3,14.0,84.0,2.2,193.3,19.9,4.08
2003-05-27,336.0,183.0,1.1,21.6,43.0,2.4,204.8,20.2,6.6
2003-05-28,335.0,187.0,1.4,18.0,67.0,1.9,161.2,20.7,5.64
2003-05-29,314.0,181.0,1.4,13.3,88.0,2.4,207.4,20.8,3.77
2003-05-30,333.0,190.0,1.3,13.4,85.0,2.4,206.7,20.6,4.12
2003-05-31,309.0,178.0,1.3,12.7,86.0,2.1,181.5,20.3,3.9
2003-06-01,340.0,190.0,1.3,15.1,73.0,1.9,163.9,20.3,5.21
2003-06-02,332.0,189.0,1.4,15.3,80.0,1.9,166.2,20.4,4.79
2003-06-03,189.0,101.0,1.5,14.3,89.0,2.1,181.2,20.5,2.44
2003-06-04,185.0,96.0,1.5,14.9,86.0,1.9,167.2,20.3,2.53
2003-06-05,149.0,71.0,1.4,14.4,86.0,1.8,159.4,20.1,1.91
2003-06-06,154.0,67.0,1.4,13.9,86.0,1.9,164.8,19.7,1.98
2003-06-07,294.0,170.0,1.4,14.7,81.0,2.8,246.2,19.7,3.81
2003-06-08,235.0,130.0,1.4,13.4,89.0,2.4,210.5,19.9,2.75
2003-06-09,139.0,66.0,1.3,13.6,87.0,1.8,159.8,19.8,1.83
2003-06-10,173.0,90.0,1.3,14.5,81.0,2.1,177.4,19.6,2.58
2003-06-11,143.0,67.0,1.2,13.1,82.0,2.5,215.0,19.3,1.93
2003-06-12,269.0,153.0,1.2,13.3,81.0,2.4,208.5,19.1,3.37
2003-06-13,338.0,191.0,1.3,14.2,80.0,2.6,225.1,19.4,4.46
2003-06-14,334.0,190.0,1.3,13.8,81.0,2.5,215.0,19.8,4.41
2003-06-15,341.0,192.0,1.2,13.8,77.0,2.3,199.9,19.9,4.77
2003-06-16,330.0,189.0,1.3,14.0,80.0,1.9,167.8,19.7,4.61
2003-06-17,321.0,187.0,1.3,13.3,84.0,2.0,175.9,20.1,4.2
2003-06-18,290.0,165.0,1.3,13.2,85.0,2.2,188.4,20.2,3.87
2003-06-19,194.0,101.0,1.3,12.8,85.0,2.4,204.6,20.2,2.4
2003-06-20,262.0,153.0,1.3,13.4,82.0,2.4,205.6,19.8,3.27
2003-06-21,336.0,187.0,1.3,13.4,82.0,2.6,221.8,20.0,4.07
2003-06-22,340.0,193.0,1.2,12.5,82.0,2.4,211.6,20.1,4.12
2003-06-23,281.0,162.0,1.2,12.3,82.0,2.7,234.5,20.0,3.45
2003-06-24,342.0,192.0,1.2,14.4,70.0,2.5,214.4,20.0,4.98
2003-06-25,344.0,187.0,1.1,22.8,40.0,2.7,233.8,20.3,7.77
2003-06-26,342.0,189.0,1.3,20.9,52.0,2.3,194.7,21.1,6.28
2003-06-27,343.0,193.0,1.4,16.1,79.0,2.0,170.8,21.2,5.05
2003-06-28,314.0,183.0,1.5,14.9,86.0,2.0,170.6,21.5,4.31
2003-06-29,327.0,185.0,1.4,14.4,87.0,2.3,195.5,21.8,4.16
2003-06-30,333.0,190.0,1.3,14.3,83.0,2.5,214.7,21.9,4.43
2003-07-01,330.0,191.0,1.3,14.7,79.0,2.0,174.5,21.7,4.87
2003-07-02,339.0,193.0,1.3,14.8,76.0,2.0,174.6,21.5,5.05
2003-07-03,333.0,194.0,1.3,13.8,83.0,2.2,188.9,21.6,4.44
2003-07-04,337.0,194.0,1.3,13.7,81.0,2.3,197.6,21.5,4.56
2003-07-05,346.0,193.0,1.2,13.4,81.0,2.4,211.4,21.3,4.55
2003-07-06,321.0,184.0,1.2,12.4,87.0,2.6,221.9,21.2,3.84
2003-07-07,328.0,191.0,1.2,12.6,84.0,2.4,208.4,21.2,4.11
2003-07-08,345.0,190.0,1.1,15.4,63.0,2.5,215.1,20.9,5.58
2003-07-09,329.0,191.0,1.2,13.5,79.0,2.2,186.0,20.8,4.67
2003-07-10,341.0,192.0,1.3,15.0,73.0,2.3,197.3,20.9,5.01
2003-07-11,337.0,193.0,1.2,13.9,78.0,2.2,190.4,20.8,4.55
2003-07-12,330.0,187.0,1.3,18.3,60.0,2.0,176.6,21.0,6.16
2003-07-13,329.0,187.0,1.3,17.8,64.0,2.1,180.4,21.4,5.51
2003-07-14,333.0,189.0,1.3,16.2,69.0,2.0,170.4,21.4,5.29
2003-07-15,330.0,189.0,1.3,14.2,81.0,1.9,165.7,21.3,4.42
2003-07-16,326.0,186.0,1.3,15.4,75.0,2.1,177.5,21.3,4.82
2003-07-17,319.0,182.0,1.3,17.0,69.0,1.8,152.9,21.4,5.3
2003-07-18,269.0,160.0,1.4,17.3,72.0,1.8,157.9,21.6,4.67
2003-07-19,162.0,77.0,1.4,16.8,75.0,1.5,130.3,21.6,2.89
2003-07-20,316.0,182.0,1.5,16.5,79.0,1.9,162.9,21.5,4.8
2003-07-21,307.0,182.0,1.5,16.3,83.0,2.0,172.1,21.9,4.5
2003-07-22,294.0,177.0,1.6,16.1,85.0,2.0,169.2,22.2,4.18
2003-07-23,289.0,170.0,1.5,16.5,81.0,2.0,174.6,22.3,4.3
2003-07-24,306.0,180.0,1.6,16.3,84.0,2.3,198.7,22.3,4.2
2003-07-25,260.0,147.0,1.6,16.5,86.0,2.1,181.7,22.2,3.6
2003-07-26,306.0,180.0,1.6,16.6,84.0,2.0,176.9,22.4,4.26
2003-07-27,303.0,175.0,1.6,16.4,83.0,2.1,178.0,22.6,4.26
2003-07-28,274.0,163.0,1.6,16.0,87.0,2.0,170.1,22.5,3.72
2003-07-29,254.0,149.0,1.6,18.1,79.0,2.1,182.6,22.5,4.05
2003-07-30,195.0,71.0,1.8,18.5,84.0,2.4,205.6,22.3,2.18
2003-07-31,290.0,173.0,1.7,17.8,84.0,2.1,183.3,22.3,4.27
2003-08-01,274.0,165.0,1.7,17.4,85.0,2.1,180.1,22.6,3.94
2003-08-02,262.0,149.0,1.6,17.6,82.0,2.1,184.4,22.7,3.87
2003-08-03,283.0,166.0,1.6,17.5,82.0,2.4,209.4,22.7,4.06
2003-08-04,264.0,148.0,1.5,16.6,82.0,2.3,194.8,22.5,3.84
2003-08-05,313.0,176.0,1.6,17.5,78.0,2.5,212.3,22.0,4.8
2003-08-06,299.0,174.0,1.6,17.1,82.0,2.6,224.6,22.2,4.28
2003-08-07,309.0,173.0,1.5,16.8,79.0,2.4,207.5,22.1,4.61
2003-08-08,304.0,175.0,1.4,16.4,78.0,2.1,184.5,21.9,4.68
2003-08-09,314.0,174.0,1.4,18.2,68.0,2.1,179.8,22.0,5.3
2003-08-10,306.0,171.0,1.4,17.3,71.0,1.9,166.3,22.0,5.12
2003-08-11,306.0,170.0,1.3,18.0,65.0,2.3,201.7,22.0,5.17
2003-08-12,310.0,173.0,1.3,15.0,79.0,2.2,194.2,21.6,4.5
2003-08-13,296.0,168.0,1.3,15.0,79.0,2.1,185.2,21.4,4.35
2003-08-14,294.0,168.0,1.3,15.6,76.0,2.0,172.7,21.5,4.5
2003-08-15,297.0,166.0,1.3,16.2,73.0,2.0,174.7,21.4,4.85
2003-08-16,301.0,167.0,1.4,15.8,77.0,2.1,178.3,21.2,4.49
2003-08-17,286.0,165.0,1.4,14.5,87.0,2.4,205.0,21.5,3.76
2003-08-18,274.0,162.0,1.5,14.7,88.0,2.2,189.0,21.6,3.55
2003-08-19,251.0,140.0,1.5,16.3,83.0,2.0,175.7,21.8,3.57
2003-08-20,264.0,150.0,1.5,16.2,84.0,2.1,178.2,21.9,3.75
2003-08-21,244.0,133.0,1.5,17.0,80.0,2.0,172.5,22.0,3.55
2003-08-22,221.0,117.0,1.5,17.1,76.0,2.3,194.7,21.9,3.61
2003-08-23,296.0,163.0,1.5,16.9,79.0,2.0,170.4,21.6,4.45
2003-08-24,291.0,164.0,1.6,17.2,81.0,1.9,163.8,21.8,4.49
2003-08-25,251.0,146.0,1.7,17.6,85.0,2.0,169.3,22.2,3.81
2003-08-26,238.0,132.0,1.7,16.6,88.0,2.0,174.7,22.4,3.28
2003-08-27,250.0,138.0,1.5,15.4,86.0,2.1,185.0,22.4,3.4
2003-08-28,266.0,148.0,1.4,14.6,86.0,2.3,200.8,22.0,3.47
2003-08-29,248.0,137.0,1.4,13.5,87.0,2.2,187.0,21.4,3.2
2003-08-30,258.0,143.0,1.4,14.1,86.0,2.1,179.8,21.4,3.35
2003-08-31,265.0,147.0,1.4,15.2,83.0,1.9,161.2,21.6,3.67
2003-09-01,268.0,152.0,1.5,15.3,84.0,1.9,162.7,21.8,3.81
2003-09-02,261.0,150.0,1.5,15.3,85.0,1.9,165.3,21.7,3.71
2003-09-03,239.0,134.0,1.5,15.5,86.0,2.0,174.5,21.8,3.31
2003-09-04,269.0,148.0,1.6,17.0,81.0,2.3,194.9,21.8,3.93
2003-09-05,275.0,148.0,1.5,16.4,79.0,2.1,181.4,21.9,4.1
2003-09-06,274.0,147.0,1.3,15.7,74.0,2.0,176.4,21.5,4.29
2003-09-07,279.0,148.0,1.4,14.9,82.0,2.2,185.9,21.2,3.83
2003-09-08,266.0,144.0,1.4,15.2,81.0,2.3,197.3,21.1,3.81
2003-09-09,253.0,131.0,1.4,15.7,76.0,2.1,182.9,20.6,3.9
2003-09-10,266.0,139.0,1.5,18.1,74.0,2.1,185.4,20.9,4.38
2003-09-11,262.0,135.0,1.4,20.9,57.0,2.2,190.7,21.1,4.96
2003-09-12,263.0,136.0,1.4,20.0,61.0,1.9,168.1,21.3,4.97
2003-09-13,259.0,135.0,1.5,16.0,82.0,1.8,156.5,21.2,3.81
2003-09-14,236.0,128.0,1.6,15.5,88.0,1.9,164.5,21.5,3.17
2003-09-15,192.0,98.0,1.5,15.1,88.0,1.8,156.4,21.5,2.55
2003-09-16,246.0,132.0,1.4,15.2,81.0,2.3,198.7,21.4,3.48
2003-09-17,310.0,131.0,1.3,17.6,66.0,0.5,42.1,20.7,3.7
2003-09-18,255.0,125.0,1.1,20.3,45.0,0.5,41.8,20.5,3.95
2003-09-19,253.0,127.0,1.3,17.5,65.0,0.5,40.7,20.4,3.85
2003-09-20,242.0,128.0,1.4,14.6,85.0,0.5,40.3,20.7,3.38
2003-09-21,249.0,125.0,1.3,17.7,66.0,0.5,40.2,20.8,3.87
2003-09-22,242.0,125.0,1.5,16.0,82.0,0.5,40.9,20.9,3.48
2003-09-23,237.0,107.0,1.5,16.7,81.0,2.5,218.2,21.3,2.76
2003-09-24,113.0,46.0,1.5,15.6,84.0,2.1,183.3,20.9,1.67
2003-09-25,224.0,118.0,1.5,15.8,82.0,2.3,196.7,20.7,3.17
2003-09-26,229.0,119.0,1.4,15.0,85.0,2.3,199.1,20.5,3.09
2003-09-27,202.0,104.0,1.4,14.2,90.0,2.2,188.8,20.5,2.45
2003-09-28,157.0,72.0,1.4,13.8,89.0,1.8,157.5,20.5,2.06
2003-09-29,226.0,112.0,1.3,14.9,78.0,1.8,154.5,20.0,3.51
2003-09-30,227.0,115.0,1.5,15.0,85.0,2.4,204.7,20.0,3.19
2003-10-01,167.0,84.0,1.4,13.8,87.0,1.9,164.9,20.1,2.23
2003-10-02,201.0,107.0,1.4,13.2,89.0,2.3,196.6,19.8,2.42
2003-10-03,185.0,96.0,1.3,13.8,84.0,2.0,171.4,19.7,2.49
2003-10-04,187.0,98.0,1.3,13.6,85.0,1.6,142.5,19.9,2.55
2003-10-05,196.0,108.0,1.4,13.5,88.0,1.7,150.2,20.0,2.64
2003-10-06,204.0,107.0,1.3,13.6,86.0,1.9,168.0,19.9,2.85
2003-10-07,213.0,109.0,1.3,14.6,81.0,1.9,168.2,19.6,3.12
2003-10-08,201.0,104.0,1.3,14.3,82.0,1.9,161.0,19.7,2.94
2003-10-09,209.0,108.0,1.3,13.4,81.0,2.2,193.5,19.3,2.94
2003-10-10,217.0,98.0,1.0,15.5,55.0,2.3,199.5,18.8,3.82
2003-10-11,208.0,97.0,0.9,18.8,39.0,2.2,189.5,18.5,4.55
2003-10-12,210.0,95.0,0.9,20.7,37.0,2.5,215.6,18.7,4.89
2003-10-13,216.0,91.0,0.7,20.0,31.0,2.0,173.5,18.8,5.0
2003-10-14,209.0,95.0,0.9,16.7,48.0,1.8,154.4,18.4,4.04
2003-10-15,271.0,90.0,1.3,13.3,84.0,2.1,178.6,18.0,2.29
2003-10-16,206.0,95.0,1.1,14.0,67.0,1.9,164.2,17.9,3.53
2003-10-17,195.0,87.0,1.1,13.0,72.0,1.5,128.8,17.5,3.02
2003-10-18,193.0,93.0,1.1,14.1,71.0,1.6,140.1,17.4,3.15
2003-10-19,189.0,89.0,1.2,15.9,68.0,1.5,128.2,17.7,3.38
2003-10-20,193.0,88.0,1.3,13.9,80.0,1.6,140.3,17.9,2.9
2003-10-21,194.0,87.0,1.2,12.3,85.0,1.5,129.9,17.8,2.72
2003-10-22,172.0,81.0,1.3,11.8,92.0,1.6,141.7,17.9,2.14
2003-10-23,179.0,79.0,1.1,21.4,44.0,2.3,200.6,18.0,4.75
2003-10-24,184.0,74.0,0.9,24.1,30.0,2.1,180.6,18.6,5.05
2003-10-25,184.0,78.0,1.1,18.9,52.0,1.4,122.7,18.7,3.59
2003-10-26,183.0,74.0,1.0,19.5,42.0,1.5,127.3,18.6,3.98
2003-10-27,178.0,71.0,0.9,19.3,39.0,1.4,117.2,18.4,3.79
2003-10-28,173.0,71.0,0.9,18.0,42.0,1.4,124.9,18.2,3.7
2003-10-29,129.0,58.0,1.2,13.2,81.0,2.0,174.4,17.7,1.79
2003-10-30,176.0,73.0,0.9,11.6,69.0,2.7,235.2,17.5,2.58
2003-10-31,58.0,9.0,1.0,8.9,85.0,1.7,149.0,16.3,0.74
2003-11-01,162.0,65.0,0.9,8.9,75.0,1.8,151.3,15.2,2.24
2003-11-02,171.0,71.0,0.8,9.9,69.0,2.3,196.2,14.7,2.45
2003-11-03,135.0,52.0,1.0,9.5,81.0,2.3,198.7,14.5,1.78
2003-11-04,167.0,67.0,0.8,8.5,72.0,1.9,166.6,14.0,2.29
2003-11-05,140.0,59.0,0.8,11.0,62.0,1.9,161.3,13.7,2.31
2003-11-06,158.0,64.0,1.0,15.1,59.0,2.1,177.4,14.3,2.83
2003-11-07,121.0,49.0,1.3,14.8,79.0,2.1,184.8,15.1,1.97
2003-11-08,50.0,6.0,1.5,14.4,90.0,2.3,197.5,15.7,0.64
2003-11-09,93.0,36.0,1.4,14.1,86.0,1.6,137.6,16.1,1.36
2003-11-10,146.0,59.0,1.1,13.8,70.0,2.0,174.1,15.9,2.5
2003-11-11,152.0,53.0,0.9,17.0,49.0,5.6,481.2,15.6,4.38
2003-11-12,62.0,13.0,1.1,15.2,63.0,2.0,168.8,15.5,1.45
2003-11-13,130.0,44.0,1.2,12.7,79.0,1.7,149.8,15.5,1.88
2003-11-14,70.0,18.0,1.1,12.2,78.0,1.6,134.1,15.4,1.21
2003-11-15,56.0,11.0,1.1,9.9,91.0,1.2,100.2,15.1,0.71
2003-11-16,151.0,56.0,1.0,10.6,77.0,1.8,157.9,14.6,2.05
2003-11-17,146.0,54.0,1.1,13.0,72.0,2.8,238.3,14.4,2.3
2003-11-18,105.0,44.0,1.0,14.5,62.0,1.4,122.0,15.2,2.76
2003-11-19,138.0,45.0,1.1,12.4,73.0,1.3,114.4,14.9,2.19
2003-11-20,145.0,54.0,1.1,11.5,84.0,1.5,132.8,14.7,1.95
2003-11-21,145.0,49.0,0.8,11.1,62.0,2.7,230.3,14.8,2.43
2003-11-22,150.0,42.0,0.5,9.6,41.0,3.3,282.2,13.9,2.96
2003-11-23,151.0,40.0,0.5,8.5,44.0,1.9,159.8,13.1,2.57
2003-11-24,28.0,-9.0,0.6,7.2,61.0,1.1,95.0,12.4,0.47
2003-11-25,142.0,46.0,0.7,7.6,66.0,2.1,180.5,11.9,2.05
2003-11-26,140.0,46.0,0.8,11.4,57.0,3.4,291.8,11.9,2.52
2003-11-27,125.0,38.0,0.6,12.0,46.0,2.1,179.7,12.3,2.38
2003-11-28,82.0,25.0,0.7,11.4,52.0,1.3,111.6,12.6,1.73
2003-11-29,102.0,31.0,0.9,10.5,68.0,1.4,121.6,12.6,1.64
2003-11-30,72.0,20.0,0.9,11.6,66.0,1.6,134.2,12.7,1.5
2003-12-01,99.0,35.0,0.9,14.3,58.0,2.8,241.7,13.1,2.24
2003-12-02,136.0,47.0,1.2,12.4,86.0,1.8,153.0,13.8,1.8
2003-12-03,113.0,38.0,1.0,13.6,63.0,2.8,237.6,13.9,2.28
2003-12-04,127.0,45.0,0.9,9.2,81.0,1.4,121.7,13.6,1.59
2003-12-05,58.0,16.0,1.2,12.6,84.0,1.1,99.1,13.6,0.96
2003-12-06,34.0,1.0,1.5,14.0,94.0,1.6,142.3,14.4,0.38
2003-12-07,53.0,5.0,1.3,12.3,88.0,2.3,198.7,14.7,0.66
2003-12-08,135.0,41.0,0.7,10.0,58.0,2.5,212.5,13.9,2.16
2003-12-09,116.0,36.0,0.8,9.9,63.0,2.4,207.6,12.8,2.23
2003-12-10,73.0,20.0,1.2,11.0,89.0,2.2,187.6,13.0,0.98
2003-12-11,96.0,19.0,0.9,9.6,79.0,2.3,199.0,13.1,1.3
2003-12-12,88.0,26.0,0.7,7.7,70.0,1.5,129.3,12.3,1.36
2003-12-13,117.0,43.0,1.0,10.2,84.0,1.6,142.2,12.1,1.57
2003-12-14,93.0,26.0,1.1,10.5,83.0,2.5,219.0,12.8,1.14
2003-12-15,133.0,39.0,0.7,9.1,61.0,2.9,252.8,12.2,2.29
2003-12-16,135.0,33.0,0.5,9.1,47.0,1.3,116.2,11.4,2.18
2003-12-17,97.0,29.0,0.6,9.4,48.0,1.2,104.5,11.1,1.67
2003-12-18,132.0,34.0,0.5,10.9,40.0,1.4,123.9,10.9,2.49
2003-12-19,104.0,38.0,0.7,11.6,48.0,2.4,207.9,11.0,2.57
2003-12-20,56.0,15.0,1.2,12.4,85.0,1.8,155.1,11.8,0.85
2003-12-21,134.0,39.0,1.1,11.3,86.0,1.6,140.6,12.7,1.64
2003-12-22,0.0,-3.0,1.1,11.0,84.0,1.0,87.5,12.4,0.44
2003-12-23,0.0,-13.0,1.1,11.5,84.0,2.5,215.3,12.4,0.14
2003-12-24,0.0,-13.0,1.2,12.2,87.0,2.7,232.6,12.6,0.04
2003-12-25,0.0,-13.0,1.0,8.5,94.0,2.0,172.6,12.7,0.02
2003-12-26,0.0,-13.0,0.7,5.2,78.0,1.9,164.4,11.3,0.21
2003-12-27,0.0,-13.0,0.6,6.4,63.0,1.9,163.1,10.4,0.25
2003-12-28,0.0,-13.0,0.6,7.3,56.0,1.7,147.0,9.9,0.29
2003-12-29,0.0,-13.0,0.8,8.1,77.0,3.9,334.5,9.9,0.21
2003-12-30,0.0,-13.0,0.8,12.6,55.0,3.0,258.3,10.3,0.26
2003-12-31,0.0,-13.0,0.8,9.0,73.0,1.3,108.0,10.7,0.17
2004-01-01,0.0,-15.0,1.0,9.7,84.0,2.8,245.5,10.8,0.15
2004-01-02,0.0,-15.0,1.0,9.6,85.0,2.0,175.1,11.2,0.15
2004-01-03,0.0,-15.0,0.6,6.9,62.0,2.6,228.3,10.9,0.35
2004-01-04,0.0,-15.0,0.5,7.4,49.0,3.1,265.9,10.0,0.35
2004-01-05,0.0,-15.0,0.6,8.9,55.0,2.4,209.8,9.8,0.35
2004-01-06,31.0,-14.0,0.7,11.3,51.0,1.6,139.9,10.0,0.58
2004-01-07,101.0,20.0,0.8,10.9,58.0,1.6,141.5,10.2,1.75
2004-01-08,132.0,40.0,0.8,9.6,68.0,1.5,128.9,10.5,1.97
2004-01-09,120.0,44.0,1.0,9.7,82.0,1.4,120.9,10.7,1.6
2004-01-10,141.0,44.0,1.0,10.1,82.0,1.4,125.0,10.9,1.91
2004-01-11,129.0,46.0,1.1,9.9,90.0,1.4,124.3,11.5,1.57
2004-01-12,126.0,45.0,1.1,9.7,89.0,1.6,141.4,12.0,1.55
2004-01-13,138.0,47.0,1.1,10.2,89.0,1.5,128.8,12.3,1.63
2004-01-14,97.0,27.0,1.1,10.7,85.0,1.5,127.4,12.3,1.23
2004-01-15,134.0,51.0,1.0,12.9,70.0,2.2,190.7,12.6,2.1
2004-01-16,138.0,50.0,0.9,9.5,76.0,1.8,156.6,12.4,1.87
2004-01-17,145.0,46.0,0.8,8.0,79.0,1.4,118.3,11.9,1.81
2004-01-18,107.0,36.0,1.0,9.1,85.0,1.4,118.0,11.8,1.4
2004-01-19,143.0,50.0,0.9,8.6,79.0,1.7,143.6,11.8,1.85
2004-01-20,94.0,25.0,0.8,9.5,69.0,2.1,179.6,11.5,1.53
2004-01-21,147.0,49.0,0.8,11.1,59.0,2.2,189.2,11.3,2.41
2004-01-22,229.0,47.0,0.8,11.6,62.0,1.6,134.8,11.3,2.2
2004-01-23,155.0,51.0,0.8,7.8,71.0,1.4,121.1,11.1,2.03
2004-01-24,42.0,4.0,1.0,8.7,93.0,1.3,112.8,11.4,0.39
2004-01-25,142.0,45.0,0.8,9.5,70.0,2.3,199.0,11.4,1.98
2004-01-26,107.0,41.0,0.8,8.2,73.0,1.6,141.3,11.1,1.52
2004-01-27,47.0,5.0,1.1,10.2,90.0,1.5,127.5,11.4,0.59
2004-01-28,149.0,50.0,0.9,10.6,74.0,2.5,214.7,11.7,2.03
2004-01-29,151.0,60.0,0.9,10.7,73.0,3.1,269.2,11.9,2.26
2004-01-30,140.0,58.0,1.0,9.0,85.0,2.4,210.0,11.7,1.66
2004-01-31,163.0,58.0,0.7,8.5,67.0,2.9,252.1,11.6,2.27
2004-02-01,113.0,46.0,0.7,8.1,69.0,1.5,128.0,11.1,1.67
2004-02-02,22.0,-13.0,1.1,9.3,90.0,3.0,259.8,11.4,0.17
2004-02-03,112.0,44.0,1.0,8.2,88.0,2.5,213.4,11.2,1.29
2004-02-04,141.0,35.0,0.9,9.3,81.0,2.1,182.0,11.2,1.77
2004-02-05,167.0,69.0,0.9,9.5,75.0,2.2,192.9,11.4,2.26
2004-02-06,166.0,65.0,0.8,9.9,65.0,1.5,131.0,11.5,2.42
2004-02-07,177.0,65.0,0.8,10.7,61.0,2.4,207.6,11.7,2.66
2004-02-08,168.0,61.0,0.7,9.7,60.0,2.3,196.4,11.4,2.55
2004-02-09,179.0,68.0,0.7,11.1,53.0,2.6,222.1,11.3,3.0
2004-02-10,183.0,68.0,0.7,11.0,53.0,2.4,204.4,11.5,3.22
2004-02-11,185.0,71.0,0.7,8.1,69.0,1.5,133.8,11.2,2.58
2004-02-12,184.0,73.0,0.7,8.4,67.0,1.4,119.1,11.1,2.64
2004-02-13,92.0,34.0,0.6,10.2,50.0,1.8,158.5,11.0,2.14
2004-02-14,162.0,77.0,0.9,11.3,70.0,1.8,155.7,11.6,2.31
2004-02-15,133.0,55.0,1.1,10.1,89.0,1.8,151.5,12.2,1.55
2004-02-16,66.0,17.0,1.1,12.3,77.0,2.1,184.9,12.6,1.19
2004-02-17,91.0,34.0,1.1,12.2,78.0,2.2,194.1,12.6,1.48
2004-02-18,94.0,33.0,1.2,11.0,89.0,3.4,295.5,12.9,1.12
2004-02-19,72.0,24.0,1.0,10.5,82.0,2.2,188.8,12.3,1.26
2004-02-20,46.0,5.0,1.0,8.8,86.0,1.3,114.2,12.2,0.5
2004-02-21,75.0,23.0,1.0,9.7,84.0,1.7,148.3,12.1,0.96
2004-02-22,50.0,7.0,1.1,9.4,93.0,1.4,123.8,12.4,0.46
2004-02-23,179.0,77.0,1.0,8.7,86.0,1.7,150.9,12.2,2.07
2004-02-24,112.0,45.0,1.1,10.5,85.0,2.3,201.7,12.4,1.43
2004-02-25,15.0,-18.0,1.2,11.6,85.0,4.7,402.9,12.6,0.31
2004-02-26,170.0,79.0,1.0,10.0,80.0,2.2,187.1,12.6,2.13
2004-02-27,181.0,78.0,0.9,7.7,82.0,2.4,209.2,12.5,2.05
2004-02-28,191.0,95.0,0.9,8.8,78.0,2.2,192.2,12.1,2.33
2004-02-29,192.0,92.0,0.9,8.6,82.0,2.0,173.9,12.3,2.32
2004-03-01,59.0,10.0,1.0,9.0,89.0,2.3,202.3,12.5,0.68
2004-03-02,163.0,70.0,0.9,9.0,79.0,2.1,182.6,12.2,2.11
2004-03-03,186.0,88.0,0.9,11.8,67.0,1.8,158.3,12.6,2.81
2004-03-04,212.0,100.0,0.9,11.0,72.0,2.4,207.9,13.0,2.92
2004-03-05,201.0,96.0,1.1,10.7,82.0,1.8,153.8,13.2,2.7
2004-03-06,209.0,102.0,1.1,14.8,66.0,2.2,190.0,13.7,3.55
2004-03-07,221.0,105.0,1.2,18.4,56.0,1.9,165.7,14.6,4.22
2004-03-08,225.0,107.0,1.2,17.7,58.0,1.5,130.8,15.5,4.04
2004-03-09,225.0,109.0,1.3,16.2,72.0,1.7,144.6,16.0,3.56
2004-03-10,223.0,107.0,1.2,20.2,51.0,2.5,216.3,16.5,4.64
2004-03-11,230.0,110.0,1.2,15.8,65.0,1.6,141.4,16.8,3.88
2004-03-12,141.0,69.0,1.3,11.3,94.0,1.7,148.5,16.8,1.62
2004-03-13,144.0,64.0,1.3,11.6,93.0,1.9,159.8,16.8,1.68
2004-03-14,196.0,107.0,1.2,10.9,95.0,1.6,141.9,17.0,2.19
2004-03-15,231.0,115.0,1.2,16.7,63.0,2.0,176.1,17.3,4.25
2004-03-16,235.0,116.0,1.2,20.8,50.0,1.9,166.4,17.8,4.67
2004-03-17,235.0,119.0,1.4,19.4,62.0,2.0,168.7,18.3,4.32
2004-03-18,192.0,111.0,1.4,13.2,91.0,2.2,192.6,18.3,2.55
2004-03-19,129.0,62.0,1.3,12.0,94.0,1.5,127.0,18.0,1.49
2004-03-20,125.0,59.0,1.3,11.8,93.0,1.9,163.6,17.9,1.47
2004-03-21,159.0,81.0,1.3,12.3,91.0,2.4,208.4,17.6,1.88
2004-03-22,208.0,117.0,1.3,12.7,90.0,2.3,199.6,17.7,2.49
2004-03-23,229.0,125.0,1.2,12.3,86.0,2.5,219.7,17.9,2.81
2004-03-24,244.0,128.0,1.1,13.1,72.0,2.8,241.8,17.3,3.52
2004-03-25,220.0,121.0,1.1,11.7,84.0,2.2,188.7,17.2,2.86
2004-03-26,251.0,132.0,1.0,11.1,73.0,3.1,265.4,17.1,3.37
2004-03-27,250.0,130.0,1.0,13.4,67.0,3.3,286.7,16.6,3.68
2004-03-28,259.0,134.0,1.1,18.4,52.0,2.6,222.7,17.2,4.91
2004-03-29,247.0,135.0,1.2,14.4,75.0,1.6,141.0,17.8,3.73
2004-03-30,194.0,108.0,1.2,11.5,86.0,1.9,166.5,18.1,2.45
2004-03-31,255.0,139.0,1.0,11.4,77.0,2.5,213.0,17.6,3.28
2004-04-01,266.0,140.0,1.0,11.1,73.0,2.5,218.7,17.2,3.53
2004-04-02,267.0,139.0,0.8,11.0,61.0,1.9,162.3,16.8,4.07
2004-04-03,257.0,141.0,1.0,11.8,72.0,1.9,166.6,17.0,3.63
2004-04-04,212.0,115.0,1.1,10.3,88.0,1.9,163.6,17.3,2.43
2004-04-05,277.0,148.0,1.0,10.7,80.0,2.1,180.8,17.5,3.34
2004-04-06,274.0,147.0,1.0,9.7,80.0,2.3,199.2,17.3,3.31
2004-04-07,265.0,143.0,1.0,10.7,78.0,2.1,185.2,17.0,3.59
2004-04-08,201.0,112.0,1.1,10.3,91.0,1.9,163.8,17.1,2.29
2004-04-09,225.0,129.0,1.2,11.0,91.0,1.7,148.6,17.6,2.67
2004-04-10,231.0,134.0,1.2,10.7,92.0,1.9,164.5,18.0,2.58
2004-04-11,226.0,127.0,1.2,11.5,88.0,1.9,167.5,18.3,2.76
2004-04-12,269.0,143.0,1.2,12.8,81.0,2.3,202.8,18.8,3.11
2004-04-13,302.0,135.0,1.1,11.7,78.0,2.7,230.9,18.7,2.97
2004-04-14,274.0,152.0,1.0,11.0,76.0,2.5,218.1,18.0,3.67
2004-04-15,308.0,150.0,0.9,11.5,69.0,3.2,278.4,17.7,3.51
2004-04-16,241.0,133.0,0.9,9.9,75.0,2.1,184.1,17.2,3.11
2004-04-17,282.0,158.0,0.9,9.7,78.0,2.8,240.9,17.0,3.39
2004-04-18,208.0,109.0,0.9,9.3,74.0,2.1,179.1,16.6,2.91
2004-04-19,281.0,155.0,1.0,10.4,77.0,2.1,183.4,16.4,3.65
2004-04-20,265.0,141.0,1.2,11.8,86.0,2.2,191.3,16.6,3.35
2004-04-21,273.0,153.0,1.1,11.4,83.0,2.8,245.1,17.0,3.29
2004-04-22,314.0,166.0,0.9,12.5,63.0,2.6,221.2,16.9,4.55
2004-04-23,312.0,167.0,1.0,15.0,58.0,2.2,185.9,17.2,5.11
2004-04-24,309.0,172.0,1.1,13.8,72.0,1.9,168.3,17.7,4.64
2004-04-25,309.0,171.0,1.1,15.7,62.0,2.0,173.8,18.3,5.25
2004-04-26,310.0,166.0,1.0,21.1,41.0,2.5,214.2,18.8,7.35
2004-04-27,311.0,165.0,0.9,25.2,28.0,2.7,229.0,19.5,6.83
2004-04-28,289.0,170.0,1.2,12.7,79.0,2.3,200.4,19.6,3.59
2004-04-29,311.0,176.0,1.1,12.7,76.0,2.4,209.8,19.5,4.05
2004-04-30,302.0,177.0,1.2,12.2,83.0,2.0,175.5,19.2,3.82
2004-05-01,317.0,171.0,1.1,15.7,65.0,2.0,171.2,19.3,5.36
2004-05-02,319.0,169.0,1.1,20.3,45.0,2.4,205.5,19.8,7.06
2004-05-03,320.0,174.0,1.3,16.0,69.0,1.9,165.4,20.2,5.0
2004-05-04,321.0,175.0,1.2,13.7,77.0,1.8,156.6,20.0,4.69
2004-05-05,305.0,173.0,1.2,13.3,78.0,2.4,206.0,19.9,4.36
2004-05-06,279.0,157.0,1.2,13.0,79.0,2.2,190.0,19.7,3.76
2004-05-07,323.0,177.0,1.2,13.6,78.0,2.3,200.0,19.5,4.41
2004-05-08,315.0,174.0,1.1,14.4,69.0,3.0,262.8,19.6,5.06
2004-05-09,324.0,177.0,1.1,14.1,67.0,2.8,241.3,19.3,4.77
2004-05-10,332.0,177.0,1.0,12.0,70.0,3.7,322.9,18.9,4.44
2004-05-11,329.0,177.0,1.0,11.5,70.0,3.0,258.3,18.3,4.24
2004-05-12,328.0,180.0,1.1,11.5,78.0,2.4,206.0,18.2,4.26
2004-05-13,317.0,177.0,1.1,12.7,76.0,2.1,178.5,18.6,4.43
2004-05-14,328.0,178.0,1.1,14.3,67.0,2.2,193.8,18.9,5.11
2004-05-15,279.0,158.0,1.1,11.9,82.0,2.3,198.5,19.1,3.58
2004-05-16,316.0,183.0,1.1,11.8,81.0,2.6,226.5,19.0,3.94
2004-05-17,307.0,181.0,1.2,13.1,78.0,3.4,290.0,19.2,3.94
2004-05-18,326.0,181.0,1.1,12.3,76.0,2.6,224.7,19.1,4.35
2004-05-19,325.0,184.0,1.1,12.0,82.0,2.5,216.3,19.0,3.98
2004-05-20,215.0,117.0,1.1,11.9,82.0,2.8,238.8,18.9,2.71
2004-05-21,297.0,169.0,1.1,12.6,79.0,2.9,250.6,18.7,3.66
2004-05-22,328.0,185.0,1.1,12.6,79.0,2.6,221.9,18.9,4.16
2004-05-23,322.0,179.0,1.1,12.4,78.0,2.4,208.9,19.2,4.03
2004-05-24,312.0,178.0,1.1,13.2,71.0,2.6,226.5,19.4,4.2
2004-05-25,269.0,146.0,1.2,13.6,77.0,2.1,184.6,19.4,3.7
2004-05-26,311.0,181.0,1.3,14.5,77.0,2.5,218.9,19.6,4.07
2004-05-27,188.0,95.0,1.3,14.2,82.0,2.1,183.0,19.7,2.58
2004-05-28,294.0,169.0,1.4,14.2,84.0,2.8,244.7,19.8,3.72
2004-05-29,336.0,188.0,1.1,12.9,75.0,2.6,225.1,19.6,4.57
2004-05-30,342.0,188.0,1.1,15.4,66.0,2.3,198.5,19.7,5.46
2004-05-31,336.0,188.0,1.2,14.9,72.0,2.3,197.1,20.1,5.24
2004-06-01,337.0,189.0,1.2,14.1,75.0,2.0,176.6,20.1,4.9
2004-06-02,333.0,190.0,1.2,13.4,78.0,2.1,180.1,20.2,4.65
2004-06-03,314.0,182.0,1.2,12.7,82.0,2.0,169.6,20.3,4.16
2004-06-04,343.0,191.0,1.2,12.5,81.0,2.3,196.6,20.1,4.37
2004-06-05,340.0,190.0,1.2,14.4,72.0,2.5,220.1,20.0,5.05
2004-06-06,340.0,189.0,1.2,15.6,65.0,2.6,222.8,20.2,5.5
2004-06-07,339.0,190.0,1.1,12.7,77.0,2.7,230.8,20.1,4.34
2004-06-08,343.0,191.0,1.1,11.8,78.0,2.8,241.6,19.5,4.26
2004-06-09,274.0,157.0,1.3,13.2,83.0,3.2,277.3,19.4,3.43
2004-06-10,324.0,189.0,1.2,12.9,81.0,2.3,202.7,19.6,4.18
2004-06-11,321.0,188.0,1.1,12.0,82.0,2.4,208.9,19.5,4.09
2004-06-12,328.0,188.0,1.1,12.1,80.0,2.4,204.5,19.5,4.29
2004-06-13,329.0,186.0,1.2,14.1,74.0,2.2,193.0,19.8,4.74
2004-06-14,324.0,188.0,1.2,14.4,75.0,2.2,189.7,20.3,4.72
2004-06-15,322.0,180.0,1.3,16.2,73.0,2.8,239.6,20.6,4.87
2004-06-16,267.0,158.0,1.4,15.0,83.0,2.3,196.6,20.7,3.69
2004-06-17,151.0,74.0,1.5,15.8,84.0,1.9,165.5,20.9,2.13
2004-06-18,262.0,152.0,1.3,15.3,76.0,2.4,204.2,20.8,3.77
2004-06-19,333.0,189.0,1.3,13.8,79.0,2.3,199.0,20.7,4.4
2004-06-20,324.0,190.0,1.3,14.2,81.0,2.7,233.0,21.1,4.22
2004-06-21,319.0,187.0,1.3,13.4,83.0,2.4,210.6,21.1,4.0
2004-06-22,318.0,187.0,1.3,13.9,80.0,2.3,199.8,21.1,4.34
2004-06-23,390.0,186.0,1.3,14.7,78.0,2.8,240.8,21.4,4.22
2004-06-24,322.0,185.0,1.3,14.7,77.0,2.3,197.2,21.2,4.63
2004-06-25,340.0,189.0,1.1,17.7,56.0,2.6,227.2,21.1,6.15
2004-06-26,336.0,190.0,1.3,15.1,73.0,2.7,233.8,21.1,4.77
2004-06-27,333.0,191.0,1.2,13.7,80.0,2.3,199.4,21.1,4.39
2004-06-28,172.0,86.0,1.3,14.7,79.0,2.4,210.6,20.9,2.61
2004-06-29,233.0,124.0,1.3,16.3,71.0,2.1,179.8,20.8,3.69
2004-06-30,256.0,143.0,1.3,15.1,74.0,2.2,186.5,20.7,3.98
2004-07-01,311.0,184.0,1.3,14.2,83.0,2.2,188.1,20.7,4.04
2004-07-02,312.0,186.0,1.4,14.8,81.0,2.3,202.4,20.9,4.29
2004-07-03,277.0,162.0,1.4,14.9,83.0,2.2,189.9,21.2,3.8
2004-07-04,301.0,178.0,1.4,15.0,83.0,2.6,224.6,21.7,3.94
2004-07-05,311.0,185.0,1.4,15.4,82.0,2.2,191.1,22.0,4.22
2004-07-06,298.0,176.0,1.5,15.3,84.0,2.2,188.8,22.0,3.96
2004-07-07,257.0,153.0,1.4,15.0,84.0,2.3,202.1,22.0,3.48
2004-07-08,218.0,116.0,1.4,15.3,80.0,2.4,203.0,21.6,3.08
2004-07-09,254.0,143.0,1.3,14.8,79.0,2.3,197.5,21.5,3.57
2004-07-10,307.0,180.0,1.3,13.7,82.0,2.0,175.9,21.2,4.23
2004-07-11,334.0,190.0,1.4,15.8,77.0,2.1,179.1,21.6,5.06
2004-07-12,308.0,181.0,1.4,14.8,82.0,2.1,183.6,22.1,4.21
2004-07-13,324.0,190.0,1.4,15.1,80.0,2.1,184.6,22.3,4.58
2004-07-14,312.0,184.0,1.3,14.7,80.0,1.9,162.6,22.3,4.44
2004-07-15,326.0,185.0,1.2,18.4,59.0,2.0,173.9,22.2,6.07
2004-07-16,302.0,171.0,1.4,16.7,71.0,1.9,167.1,22.2,4.96
2004-07-17,306.0,180.0,1.4,16.9,73.0,1.9,164.4,22.4,4.94
2004-07-18,316.0,182.0,1.4,16.8,76.0,2.1,180.0,22.7,4.94
2004-07-19,301.0,182.0,1.5,16.1,82.0,2.1,180.7,22.8,4.35
2004-07-20,313.0,180.0,1.5,16.5,80.0,2.3,199.3,22.6,4.53
2004-07-21,432.0,184.0,1.5,16.4,80.0,2.5,213.1,22.6,4.27
2004-07-22,294.0,174.0,1.5,15.2,85.0,2.1,180.7,22.6,3.93
2004-07-23,278.0,162.0,1.5,15.4,85.0,2.1,183.3,22.5,3.68
2004-07-24,290.0,169.0,1.5,16.6,82.0,2.2,191.2,22.7,4.16
2004-07-25,273.0,158.0,1.5,15.6,87.0,2.1,184.4,22.9,3.65
2004-07-26,285.0,166.0,1.5,15.2,86.0,2.0,174.4,22.9,3.89
2004-07-27,263.0,149.0,1.4,14.8,84.0,2.1,184.0,22.8,3.5
2004-07-28,295.0,170.0,1.4,15.5,77.0,2.3,200.7,22.5,4.14
2004-07-29,286.0,165.0,1.4,15.8,78.0,2.3,196.0,22.3,4.01
2004-07-30,277.0,161.0,1.4,15.5,82.0,2.2,190.3,22.4,3.79
2004-07-31,256.0,145.0,1.4,14.6,85.0,2.2,187.1,22.5,3.32
2004-08-01,248.0,146.0,1.4,14.8,83.0,2.7,232.8,22.1,3.46
2004-08-02,289.0,171.0,1.4,15.8,78.0,2.3,197.6,22.1,4.08
2004-08-03,296.0,174.0,1.4,14.8,83.0,2.5,215.0,22.0,4.02
2004-08-04,301.0,177.0,1.5,15.5,83.0,2.2,188.0,22.1,4.16
2004-08-05,303.0,176.0,1.4,15.2,82.0,2.2,186.4,21.8,4.3
2004-08-06,309.0,174.0,1.4,15.7,76.0,2.0,174.3,21.3,4.68
2004-08-07,309.0,174.0,1.4,16.8,74.0,2.2,190.9,21.4,4.77
2004-08-08,283.0,168.0,1.4,14.5,86.0,2.0,174.4,21.9,3.76
2004-08-09,257.0,146.0,1.4,14.8,85.0,2.4,207.5,21.9,3.36
2004-08-10,269.0,157.0,1.4,14.7,87.0,2.2,190.7,21.7,3.57
2004-08-11,279.0,162.0,1.4,15.0,85.0,2.0,172.6,21.9,3.8
2004-08-12,248.0,141.0,1.4,14.5,86.0,1.9,165.5,21.8,3.35
2004-08-13,246.0,139.0,1.5,15.4,83.0,2.0,175.1,21.6,3.39
2004-08-14,267.0,152.0,1.4,15.9,79.0,2.3,200.7,21.7,3.73
2004-08-15,280.0,161.0,1.4,15.3,80.0,2.2,190.5,21.6,4.11
2004-08-16,293.0,164.0,1.4,16.1,78.0,2.1,185.7,21.5,4.32
2004-08-17,290.0,164.0,1.4,15.8,79.0,1.9,166.0,21.4,4.43
2004-08-18,332.0,164.0,1.4,16.1,79.0,2.3,201.4,21.8,3.92
2004-08-19,265.0,154.0,1.5,15.3,84.0,2.3,198.9,21.5,3.64
2004-08-20,241.0,139.0,1.4,15.4,83.0,2.1,177.6,21.4,3.41
2004-08-21,214.0,115.0,1.5,17.0,77.0,2.4,205.5,21.3,3.31
2004-08-22,233.0,131.0,1.4,17.4,72.0,2.0,176.5,21.6,3.78
2004-08-23,254.0,144.0,1.5,15.8,83.0,2.1,178.4,21.1,3.61
2004-08-24,244.0,141.0,1.6,16.8,84.0,2.2,185.8,21.5,3.53
2004-08-25,269.0,155.0,1.6,17.3,81.0,2.1,180.1,21.8,3.91
2004-08-26,251.0,142.0,1.5,16.8,81.0,2.0,176.8,21.7,3.91
2004-08-27,276.0,150.0,1.5,18.5,69.0,2.0,170.6,21.3,4.47
2004-08-28,262.0,150.0,1.6,16.3,86.0,2.1,185.2,21.6,3.65
2004-08-29,237.0,135.0,1.6,16.3,86.0,2.1,184.0,21.9,3.27
2004-08-30,248.0,140.0,1.5,15.7,85.0,2.0,169.5,21.9,3.38
2004-08-31,256.0,145.0,1.5,16.3,82.0,1.8,153.8,21.8,3.74
2004-09-01,267.0,149.0,1.5,16.7,78.0,2.0,174.0,21.6,4.17
2004-09-02,262.0,151.0,1.4,14.8,82.0,2.3,200.6,21.3,3.68
2004-09-03,269.0,152.0,1.3,14.9,75.0,1.9,166.3,20.5,4.04
2004-09-04,272.0,146.0,1.3,18.2,62.0,2.0,175.6,20.5,4.83
2004-09-05,274.0,140.0,0.9,21.8,36.0,1.9,164.9,20.9,6.25
2004-09-06,270.0,138.0,1.0,21.9,38.0,1.8,155.7,21.1,6.02
2004-09-07,265.0,136.0,1.2,21.0,48.0,2.0,173.8,21.1,5.7
2004-09-08,260.0,135.0,1.3,20.6,55.0,1.8,151.7,21.2,5.16
2004-09-09,249.0,132.0,1.6,17.9,78.0,1.9,159.9,21.4,4.05
2004-09-10,251.0,135.0,1.5,16.4,83.0,1.9,167.9,21.7,3.67
2004-09-11,251.0,134.0,1.5,15.6,83.0,1.8,158.2,21.4,3.66
2004-09-12,230.0,126.0,1.5,15.7,84.0,2.3,198.0,21.6,3.31
2004-09-13,243.0,129.0,1.4,16.1,76.0,2.6,222.8,21.0,3.92
2004-09-14,245.0,127.0,1.4,16.4,77.0,2.0,176.5,21.1,3.94
2004-09-15,243.0,126.0,1.4,16.2,79.0,2.1,180.3,20.7,3.65
2004-09-16,208.0,114.0,1.6,15.4,89.0,1.9,167.9,20.9,2.78
2004-09-17,225.0,71.0,1.6,17.1,81.0,2.3,200.4,21.1,2.22
2004-09-18,199.0,100.0,1.2,15.1,71.0,2.6,225.0,20.6,3.37
2004-09-19,232.0,114.0,1.1,12.8,74.0,2.4,203.6,19.6,3.42
2004-09-20,248.0,123.0,1.0,13.3,68.0,2.4,209.3,19.0,3.81
2004-09-21,250.0,119.0,0.9,17.8,44.0,2.3,195.3,18.8,4.93
2004-09-22,248.0,115.0,0.8,18.9,36.0,1.8,155.6,19.1,5.04
2004-09-23,207.0,95.0,1.0,15.1,56.0,1.7,145.6,18.9,3.78
2004-09-24,241.0,119.0,1.2,12.9,78.0,1.8,152.2,18.5,3.5
2004-09-25,209.0,110.0,1.3,13.4,86.0,1.8,154.4,19.1,2.86
2004-09-26,225.0,117.0,1.3,14.0,81.0,1.6,136.1,19.6,3.31
2004-09-27,198.0,101.0,1.3,13.4,86.0,2.2,189.8,19.6,2.57
2004-09-28,229.0,113.0,1.2,14.6,75.0,2.1,180.3,19.7,3.31
2004-09-29,215.0,107.0,1.3,13.6,81.0,2.0,174.0,19.1,2.98
2004-09-30,79.0,23.0,1.2,12.7,83.0,1.7,151.1,18.7,1.19
2004-10-01,215.0,110.0,1.1,12.6,77.0,1.8,152.0,17.9,3.09
2004-10-02,211.0,108.0,1.3,13.0,84.0,1.9,163.7,18.0,2.8
2004-10-03,116.0,56.0,1.3,13.1,88.0,1.9,167.0,18.4,1.46
2004-10-04,208.0,110.0,1.3,13.7,83.0,2.2,191.5,18.5,2.74
2004-10-05,206.0,109.0,1.4,13.8,86.0,2.0,172.3,18.7,2.83
2004-10-06,212.0,106.0,1.3,14.5,78.0,2.0,171.8,18.7,3.31
2004-10-07,211.0,103.0,1.2,17.3,62.0,2.1,181.8,18.7,3.99
2004-10-08,185.0,96.0,1.3,15.6,73.0,2.1,177.6,18.7,3.23
2004-10-09,186.0,93.0,1.3,14.3,82.0,2.4,209.9,18.9,2.56
2004-10-10,192.0,92.0,1.0,14.2,64.0,2.0,172.6,18.4,3.25
2004-10-11,186.0,90.0,1.1,15.7,64.0,1.8,154.9,18.0,3.18
2004-10-12,185.0,86.0,0.9,20.6,37.0,2.6,223.3,18.2,5.15
2004-10-13,210.0,88.0,1.5,16.4,81.0,2.5,218.2,18.6,3.2
2004-10-14,171.0,87.0,1.4,13.5,88.0,1.6,137.9,18.8,2.26
2004-10-15,155.0,79.0,1.3,12.1,89.0,1.8,154.7,18.5,1.92
2004-10-16,94.0,39.0,1.4,15.4,81.0,2.5,216.2,18.3,1.62
2004-10-17,40.0,0.0,1.6,16.4,86.0,2.3,201.1,18.2,0.55
2004-10-18,183.0,92.0,1.4,15.0,81.0,2.0,168.5,18.4,2.6
2004-10-19,18.0,-16.0,1.4,14.4,86.0,3.9,336.6,17.2,0.31
2004-10-20,160.0,75.0,1.2,13.4,78.0,2.1,179.2,16.9,2.26
2004-10-21,175.0,77.0,1.1,11.7,77.0,1.9,161.6,16.3,2.48
2004-10-22,182.0,82.0,1.1,11.8,78.0,1.5,127.2,15.9,2.56
2004-10-23,143.0,62.0,1.2,12.2,85.0,1.6,134.9,15.9,1.94
2004-10-24,50.0,5.0,1.4,13.9,88.0,1.7,145.5,16.3,0.61
2004-10-25,152.0,63.0,1.2,12.8,82.0,2.1,182.5,16.5,2.05
2004-10-26,12.0,-21.0,1.1,10.0,89.0,2.6,226.5,15.4,0.13
2004-10-27,146.0,50.0,0.9,9.8,78.0,1.5,125.5,14.2,1.99
2004-10-28,175.0,76.0,1.0,10.5,78.0,1.9,166.5,14.3,2.31
2004-10-29,170.0,72.0,1.0,12.2,69.0,1.9,164.0,14.3,2.61
2004-10-30,167.0,69.0,1.0,13.4,67.0,2.3,196.0,14.7,2.77
2004-10-31,168.0,72.0,1.0,13.5,66.0,2.4,206.6,14.8,2.73
2004-11-01,172.0,65.0,0.7,12.9,46.0,1.7,150.8,14.6,3.08
2004-11-02,171.0,67.0,0.8,11.6,59.0,1.4,120.4,14.4,2.74
2004-11-03,123.0,40.0,0.9,9.9,76.0,2.8,242.7,14.0,1.83
2004-11-04,25.0,-11.0,1.1,9.6,88.0,2.5,217.4,12.7,0.24
2004-11-05,131.0,50.0,0.9,12.9,62.0,2.1,180.5,13.1,2.36
2004-11-06,166.0,73.0,1.0,11.9,74.0,1.6,139.7,13.5,2.36
2004-11-07,155.0,62.0,1.1,11.2,84.0,1.5,126.1,14.0,2.02
2004-11-08,55.0,11.0,1.2,11.8,86.0,1.5,125.5,14.0,0.76
2004-11-09,54.0,10.0,1.1,11.0,84.0,1.3,110.4,14.2,0.81
2004-11-10,76.0,23.0,1.1,11.4,83.0,1.4,120.5,13.7,1.14
2004-11-11,97.0,33.0,1.3,13.1,84.0,1.4,124.4,14.3,1.39
2004-11-12,147.0,58.0,1.2,12.5,84.0,1.9,167.6,14.8,1.92
2004-11-13,102.0,25.0,1.1,14.2,70.0,2.4,211.2,14.7,1.8
2004-11-14,148.0,55.0,1.0,13.3,68.0,1.4,122.2,14.6,2.35
2004-11-15,117.0,35.0,1.1,12.1,74.0,1.3,113.0,14.5,1.75
2004-11-16,192.0,51.0,1.2,12.6,83.0,1.5,132.5,14.5,1.76
2004-11-17,144.0,53.0,1.1,10.8,87.0,1.4,120.1,14.4,1.87
2004-11-18,74.0,51.0,1.2,12.6,80.0,1.7,149.6,15.1,2.14
2004-11-19,142.0,49.0,0.9,11.0,71.0,2.2,190.2,14.2,1.99
2004-11-20,138.0,48.0,0.8,10.3,66.0,2.1,179.9,13.6,2.18
2004-11-21,145.0,44.0,0.5,8.6,47.0,2.2,191.2,12.7,2.64
2004-11-22,142.0,46.0,0.7,7.4,65.0,1.5,129.2,12.0,2.0
2004-11-23,138.0,47.0,0.8,7.6,81.0,1.4,122.9,11.9,1.73
2004-11-24,138.0,46.0,0.8,8.5,75.0,1.4,117.2,11.9,1.9
2004-11-25,134.0,46.0,1.0,9.3,83.0,1.4,123.3,12.0,1.71
2004-11-26,139.0,43.0,1.0,11.5,75.0,1.6,138.1,12.6,1.96
2004-11-27,40.0,-6.0,1.0,9.0,87.0,2.5,212.3,12.6,0.51
2004-11-28,140.0,38.0,0.5,8.1,45.0,2.5,217.5,11.2,2.45
2004-11-29,137.0,38.0,0.5,6.0,55.0,1.5,133.5,10.5,1.96
2004-11-30,131.0,38.0,0.6,6.0,64.0,1.7,143.6,10.2,1.74
2004-12-01,130.0,40.0,0.5,8.6,43.0,2.1,178.8,10.1,2.28
2004-12-02,128.0,40.0,0.5,11.0,39.0,3.7,318.8,10.2,2.84
2004-12-03,129.0,37.0,0.4,11.7,32.0,4.8,410.6,10.4,3.62
2004-12-04,124.0,43.0,0.6,8.0,60.0,1.7,143.5,10.3,1.87
2004-12-05,30.0,13.0,0.8,10.4,60.0,1.8,157.7,11.1,1.62
2004-12-06,118.0,41.0,0.8,8.0,77.0,1.7,143.2,10.7,1.48
2004-12-07,26.0,-7.0,1.1,10.3,87.0,3.6,310.3,11.0,0.45
2004-12-08,28.0,-7.0,1.2,12.2,88.0,1.5,131.7,11.6,0.31
2004-12-09,112.0,42.0,1.3,14.0,83.0,1.5,128.8,12.9,1.58
2004-12-10,126.0,42.0,1.1,12.6,77.0,1.1,94.6,13.0,1.82
2004-12-11,125.0,42.0,1.2,12.4,80.0,1.2,100.3,12.9,1.81
2004-12-12,23.0,-7.0,1.2,11.0,93.0,1.8,151.5,13.0,0.15
2004-12-13,122.0,41.0,1.1,11.1,84.0,1.4,123.4,13.1,1.53
2004-12-14,129.0,41.0,0.8,12.7,58.0,2.0,171.1,12.6,2.31
2004-12-15,125.0,37.0,0.8,12.9,51.0,2.2,191.3,12.4,2.41
2004-12-16,139.0,29.0,0.9,14.6,53.0,1.4,119.4,11.9,1.73
2004-12-17,130.0,33.0,0.6,13.0,37.0,1.8,157.8,11.4,2.87
2004-12-18,128.0,35.0,0.7,11.6,49.0,1.5,125.5,11.3,2.23
2004-12-19,126.0,39.0,0.8,9.6,67.0,1.2,101.9,11.1,1.85
2004-12-20,123.0,39.0,1.0,9.9,80.0,1.6,139.4,11.0,1.55
2004-12-21,124.0,37.0,0.8,10.0,61.0,2.0,170.6,11.4,2.05
2004-12-22,108.0,33.0,0.7,10.1,54.0,1.6,135.4,10.9,1.89
2004-12-23,124.0,37.0,0.6,9.3,53.0,2.0,170.1,10.4,2.26
2004-12-24,124.0,36.0,0.6,7.5,57.0,1.3,114.7,10.0,1.9
2004-12-25,113.0,38.0,0.7,7.3,72.0,1.3,113.0,9.6,1.51
2004-12-26,43.0,5.0,1.0,10.2,82.0,3.0,258.9,10.2,0.84
2004-12-27,26.0,-6.0,1.1,11.0,83.0,5.4,464.8,10.7,0.7
2004-12-28,44.0,6.0,1.1,10.7,83.0,3.2,274.1,10.8,0.74
2004-12-29,104.0,35.0,1.0,9.8,82.0,2.2,190.2,11.2,1.26
2004-12-30,16.0,-13.0,1.2,11.3,89.0,5.6,480.3,11.3,0.25
2004-12-31,81.0,24.0,1.0,10.3,81.0,3.4,290.3,11.8,1.17
2005-01-01,71.0,19.0,1.0,8.8,87.0,1.5,130.9,11.2,0.83
2005-01-02,61.0,7.0,1.0,9.3,86.0,2.6,221.8,11.1,0.86
2005-01-03,89.0,21.0,0.9,8.4,85.0,1.6,137.9,11.0,1.03
2005-01-04,117.0,38.0,0.8,6.4,82.0,1.5,125.7,10.4,1.35
2005-01-05,74.0,21.0,0.9,8.1,80.0,1.6,135.0,10.1,1.04
2005-01-06,91.0,31.0,0.9,8.3,80.0,1.4,122.2,10.3,1.2
2005-01-07,33.0,-2.0,1.1,10.9,83.0,5.3,459.3,10.5,0.71
2005-01-08,20.0,-11.0,1.2,11.8,90.0,2.4,203.4,11.3,0.2
2005-01-09,21.0,-11.0,1.4,12.9,94.0,2.1,177.7,12.3,0.14
2005-01-10,36.0,-1.0,1.3,12.3,93.0,2.2,192.4,12.8,0.4
2005-01-11,71.0,18.0,0.9,9.1,79.0,3.3,282.0,11.9,1.13
2005-01-12,135.0,42.0,0.7,7.9,68.0,2.7,233.0,10.5,1.91
2005-01-13,66.0,13.0,0.7,7.2,73.0,1.2,102.3,9.7,0.93
2005-01-14,137.0,44.0,0.8,8.0,70.0,1.2,107.3,9.7,1.85
2005-01-15,132.0,45.0,0.9,8.5,76.0,1.3,115.3,9.9,1.78
2005-01-16,137.0,42.0,0.7,13.7,47.0,2.1,184.3,10.5,2.88
2005-01-17,115.0,34.0,0.8,14.5,50.0,1.9,161.0,11.1,2.38
2005-01-18,137.0,47.0,0.9,15.1,54.0,1.5,130.6,11.7,2.52
2005-01-19,141.0,47.0,1.0,13.9,61.0,1.2,100.2,12.3,2.3
2005-01-20,162.0,40.0,1.1,14.2,66.0,1.4,121.7,13.0,1.57
2005-01-21,120.0,48.0,1.1,9.5,89.0,1.5,130.8,12.4,1.46
2005-01-22,122.0,49.0,1.2,10.5,91.0,1.4,119.4,13.3,1.47
2005-01-23,132.0,55.0,1.3,12.6,87.0,1.7,144.8,13.6,1.76
2005-01-24,124.0,47.0,1.2,12.6,83.0,1.9,165.7,14.0,1.71
2005-01-25,82.0,27.0,1.2,13.0,82.0,1.9,166.6,13.6,1.24
2005-01-26,56.0,12.0,1.2,11.8,89.0,2.1,177.6,13.6,0.75
2005-01-27,92.0,33.0,1.0,10.1,84.0,2.4,205.5,12.8,1.27
2005-01-28,103.0,34.0,1.1,10.3,85.0,2.6,222.7,12.9,1.3
2005-01-29,145.0,53.0,0.8,8.5,75.0,2.2,188.0,11.8,1.89
2005-01-30,153.0,56.0,0.8,9.6,67.0,2.0,172.2,11.6,2.19
2005-01-31,157.0,58.0,0.8,9.6,68.0,1.5,133.1,11.5,2.17
2005-02-01,161.0,59.0,0.8,11.6,62.0,2.1,180.7,11.7,2.75
2005-02-02,164.0,58.0,0.7,12.3,51.0,1.7,150.0,12.1,2.84
2005-02-03,165.0,63.0,0.8,10.3,64.0,1.5,127.4,12.1,2.43
2005-02-04,162.0,64.0,1.0,9.6,83.0,1.4,123.5,11.9,2.02
2005-02-05,155.0,67.0,1.1,10.3,87.0,1.9,167.6,12.6,1.91
2005-02-06,137.0,57.0,1.0,10.4,83.0,1.9,163.7,13.1,1.73
2005-02-07,102.0,37.0,1.0,9.3,85.0,1.6,137.5,12.7,1.29
2005-02-08,151.0,70.0,0.9,8.9,82.0,1.5,128.0,12.6,1.88
2005-02-09,162.0,70.0,0.9,8.9,82.0,1.5,128.2,12.4,2.08
2005-02-10,132.0,49.0,0.9,14.6,54.0,2.8,239.1,12.3,2.87
2005-02-11,61.0,14.0,1.1,13.9,71.0,3.3,285.0,12.9,1.58
2005-02-12,130.0,57.0,1.3,13.1,87.0,1.6,137.1,13.7,1.67
2005-02-13,37.0,-2.0,1.3,12.0,89.0,1.3,109.1,14.1,0.36
2005-02-14,158.0,68.0,1.1,12.5,73.0,1.8,153.9,13.9,2.25
2005-02-15,41.0,1.0,1.2,12.0,82.0,2.7,231.6,13.9,0.67
2005-02-16,138.0,61.0,1.3,14.3,78.0,2.2,188.5,14.6,1.97
2005-02-17,27.0,-10.0,1.3,12.2,89.0,1.5,130.6,13.8,0.24
2005-02-18,158.0,80.0,1.3,13.5,82.0,2.6,225.8,14.1,2.13
2005-02-19,76.0,25.0,1.2,12.2,84.0,3.4,293.6,14.0,1.13
2005-02-20,66.0,17.0,1.1,13.0,76.0,4.1,358.5,13.7,1.44
2005-02-21,80.0,26.0,1.2,11.9,85.0,3.9,337.0,13.5,1.14
2005-02-22,71.0,21.0,1.1,10.5,83.0,2.1,177.6,13.0,1.04
2005-02-23,187.0,81.0,1.1,10.7,84.0,1.9,163.3,12.8,2.27
2005-02-24,186.0,85.0,1.1,10.8,88.0,1.7,149.4,13.7,2.22
2005-02-25,185.0,84.0,1.1,10.4,86.0,1.9,166.3,13.5,2.31
2005-02-26,158.0,73.0,1.1,10.2,87.0,1.8,156.5,13.6,1.89
2005-02-27,165.0,79.0,1.1,12.0,79.0,2.5,215.2,13.9,2.32
2005-02-28,199.0,93.0,1.1,11.2,85.0,1.8,158.0,14.4,2.43
2005-03-01,134.0,54.0,1.1,10.4,86.0,1.7,146.7,14.1,1.7
2005-03-02,145.0,70.0,1.2,12.2,85.0,1.8,159.0,14.0,1.91
2005-03-03,137.0,66.0,1.2,12.4,83.0,2.3,198.3,14.7,1.99
2005-03-04,152.0,55.0,1.2,12.0,83.0,2.1,183.1,14.8,1.96
2005-03-05,187.0,85.0,1.2,11.8,84.0,2.1,178.8,14.6,2.32
2005-03-06,206.0,97.0,1.2,12.5,84.0,1.7,149.0,14.7,2.75
2005-03-07,203.0,104.0,1.3,13.1,89.0,1.8,152.2,15.8,2.56
2005-03-08,164.0,85.0,1.4,12.7,93.0,1.6,141.5,16.5,1.95
2005-03-09,220.0,108.0,1.4,13.8,86.0,1.7,149.4,16.9,2.85
2005-03-10,210.0,105.0,1.4,21.3,54.0,3.4,297.0,17.4,4.68
2005-03-11,215.0,106.0,1.4,16.8,73.0,2.5,215.6,17.9,3.28
2005-03-12,53.0,8.0,1.4,12.8,91.0,1.5,131.5,17.4,0.56
2005-03-13,49.0,4.0,1.2,12.0,87.0,1.7,145.7,16.3,0.5
2005-03-14,198.0,98.0,1.2,12.8,81.0,1.9,163.1,16.2,2.71
2005-03-15,227.0,113.0,1.0,11.8,74.0,1.7,144.5,16.0,3.32
2005-03-16,311.0,111.0,1.1,13.6,68.0,2.2,188.8,15.8,3.22
2005-03-17,102.0,40.0,1.0,10.4,82.0,1.6,133.9,15.2,1.51
2005-03-18,57.0,9.0,1.0,10.3,81.0,2.7,235.8,14.3,0.79
2005-03-19,89.0,32.0,1.2,12.2,87.0,2.7,231.8,14.1,1.22
2005-03-20,171.0,91.0,1.3,13.0,84.0,2.0,173.6,14.7,2.22
2005-03-21,177.0,88.0,1.2,12.8,81.0,1.8,157.0,15.5,2.42
2005-03-22,45.0,2.0,1.2,11.9,89.0,3.9,336.1,15.1,0.59
2005-03-23,186.0,92.0,1.0,9.9,80.0,2.3,196.9,14.4,2.32
2005-03-24,193.0,97.0,1.0,9.9,79.0,1.8,155.2,14.3,2.5
2005-03-25,247.0,127.0,0.9,10.6,70.0,2.4,208.9,14.2,3.28
2005-03-26,212.0,111.0,1.0,12.5,70.0,1.8,156.2,14.5,3.25
2005-03-27,202.0,107.0,1.1,12.0,81.0,1.9,166.6,15.3,2.74
2005-03-28,248.0,133.0,1.0,10.9,79.0,3.5,299.7,15.7,2.96
2005-03-29,166.0,79.0,1.0,10.5,78.0,2.4,204.6,14.7,2.16
2005-03-30,261.0,134.0,0.9,11.5,66.0,2.5,218.2,15.0,3.69
2005-03-31,267.0,133.0,0.8,15.5,47.0,2.6,225.5,15.8,5.05
2005-04-01,259.0,133.0,0.9,12.5,63.0,1.5,133.4,16.5,4.01
2005-04-02,237.0,122.0,1.1,10.7,83.0,1.9,166.2,16.5,2.94
2005-04-03,223.0,109.0,1.0,10.9,78.0,2.4,204.1,16.6,2.75
2005-04-04,267.0,142.0,0.9,10.0,75.0,2.7,231.7,16.3,3.33
2005-04-05,269.0,140.0,0.9,14.1,58.0,2.4,210.5,16.4,4.4
2005-04-06,251.0,137.0,1.1,11.7,81.0,1.8,156.7,16.8,3.41
2005-04-07,227.0,125.0,1.0,10.1,81.0,3.0,262.7,16.4,2.73
2005-04-08,151.0,72.0,0.9,9.0,80.0,2.3,200.2,15.0,1.96
2005-04-09,230.0,117.0,1.0,10.0,80.0,2.4,206.8,14.5,2.86
2005-04-10,271.0,148.0,1.0,11.0,80.0,2.1,181.7,15.2,3.46
2005-04-11,270.0,147.0,1.1,11.2,84.0,2.0,173.4,16.1,3.4
2005-04-12,265.0,149.0,1.1,10.8,83.0,2.1,177.4,16.3,3.31
2005-04-13,269.0,151.0,0.8,11.7,57.0,3.5,301.9,15.7,4.14
2005-04-14,284.0,151.0,0.7,12.7,48.0,3.6,312.9,15.2,4.86
2005-04-15,282.0,151.0,0.8,15.0,48.0,2.9,247.1,15.7,5.01
2005-04-16,280.0,155.0,1.0,14.0,65.0,2.0,174.3,16.7,4.14
2005-04-17,258.0,148.0,1.1,10.7,86.0,2.2,188.2,17.4,3.09
2005-04-18,287.0,159.0,0.9,9.4,77.0,2.5,218.5,16.6,3.53
2005-04-19,352.0,161.0,1.0,11.6,74.0,2.9,247.6,16.4,3.51
2005-04-20,283.0,163.0,1.0,9.6,84.0,2.3,201.2,16.2,3.27
2005-04-21,289.0,160.0,1.0,11.6,75.0,1.9,161.2,16.2,3.97
2005-04-22,181.0,91.0,1.0,11.5,75.0,2.8,238.8,16.1,2.61
2005-04-23,136.0,62.0,1.1,12.0,78.0,1.9,166.1,15.5,2.08
2005-04-24,258.0,147.0,1.1,11.4,85.0,2.1,183.0,16.0,3.18
2005-04-25,293.0,165.0,1.1,11.2,82.0,2.3,202.9,16.4,3.6
2005-04-26,274.0,156.0,1.1,11.2,82.0,1.8,153.2,16.5,3.51
2005-04-27,146.0,69.0,1.2,12.1,82.0,2.8,240.0,16.3,2.0
2005-04-28,163.0,78.0,1.1,12.1,81.0,2.3,199.6,15.7,2.3
2005-04-29,291.0,171.0,1.1,12.1,80.0,2.0,175.8,15.9,3.86
2005-04-30,251.0,142.0,1.2,12.0,85.0,1.9,164.3,17.1,3.21
2005-05-01,268.0,145.0,1.1,12.0,80.0,2.2,189.0,17.5,3.48
2005-05-02,297.0,164.0,1.2,12.6,82.0,2.3,197.3,17.8,3.8
2005-05-03,270.0,169.0,1.3,14.1,83.0,2.7,236.6,19.2,3.94
2005-05-04,180.0,92.0,1.4,13.4,88.0,1.8,156.5,18.4,2.35
2005-05-05,187.0,96.0,1.4,14.0,87.0,2.1,184.8,18.0,2.32
2005-05-06,284.0,153.0,1.2,12.9,81.0,2.5,213.7,18.2,3.59
2005-05-07,321.0,173.0,1.1,12.5,79.0,2.2,190.9,18.1,4.17
2005-05-08,240.0,134.0,1.2,13.7,79.0,2.4,208.1,18.7,3.43
2005-05-09,307.0,169.0,1.2,13.3,77.0,3.1,264.0,18.9,4.02
2005-05-10,337.0,176.0,1.0,11.6,73.0,2.8,238.8,18.0,4.33
2005-05-11,332.0,177.0,1.1,12.8,74.0,2.7,232.2,17.9,4.36
2005-05-12,325.0,178.0,1.2,13.9,75.0,2.1,184.5,18.3,4.64
2005-05-13,302.0,171.0,1.3,14.3,81.0,2.0,172.9,18.8,4.27
2005-05-14,315.0,179.0,1.3,15.0,76.0,2.4,208.0,19.5,4.53
2005-05-15,312.0,178.0,1.5,15.3,84.0,2.1,177.5,20.6,4.43
2005-05-16,261.0,149.0,1.3,13.4,87.0,3.0,260.9,20.5,3.13
2005-05-17,302.0,172.0,1.1,12.7,73.0,2.5,218.2,19.2,4.18
2005-05-18,316.0,183.0,1.3,14.8,80.0,2.0,168.7,19.4,4.33
2005-05-19,433.0,185.0,1.6,17.6,81.0,3.1,269.4,21.0,4.44
2005-05-20,315.0,179.0,1.4,16.4,73.0,2.5,217.7,21.3,4.84
2005-05-21,338.0,179.0,1.1,18.5,52.0,2.5,213.8,21.4,6.07
2005-05-22,334.0,182.0,1.2,17.9,57.0,2.9,246.8,21.9,5.81
2005-05-23,338.0,185.0,1.2,13.0,77.0,2.2,189.9,21.5,4.36
2005-05-24,336.0,187.0,1.3,13.6,81.0,1.8,155.3,21.1,4.59
2005-05-25,277.0,159.0,1.3,13.3,87.0,1.8,154.1,21.2,3.46
2005-05-26,224.0,126.0,1.3,12.5,90.0,2.1,178.2,21.0,2.68
2005-05-27,240.0,137.0,1.3,12.6,89.0,2.0,172.3,20.7,2.91
2005-05-28,244.0,138.0,1.2,12.5,85.0,2.1,182.4,20.8,3.11
2005-05-29,327.0,187.0,1.2,12.5,80.0,2.7,231.9,20.5,4.2
2005-05-30,333.0,187.0,1.3,13.7,81.0,2.3,198.5,20.7,4.35
2005-05-31,307.0,180.0,1.3,13.5,86.0,2.0,170.7,21.0,3.87
2005-06-01,311.0,181.0,1.3,14.5,82.0,2.1,179.5,21.2,4.23
2005-06-02,220.0,125.0,1.3,13.2,85.0,2.3,195.0,20.9,2.83
2005-06-03,322.0,188.0,1.2,12.9,82.0,2.3,196.6,20.8,3.9
2005-06-04,268.0,151.0,1.2,11.5,85.0,2.2,189.0,20.5,3.15
2005-06-05,335.0,191.0,1.1,12.1,76.0,2.2,194.2,20.8,4.27
2005-06-06,344.0,186.0,0.9,11.2,71.0,3.0,260.1,20.0,4.55
2005-06-07,342.0,187.0,1.0,12.8,66.0,2.9,248.0,19.7,4.76
2005-06-08,300.0,173.0,1.3,13.6,81.0,2.8,242.7,19.8,3.94
2005-06-09,274.0,160.0,1.4,13.9,89.0,2.4,209.3,20.4,3.48
2005-06-10,330.0,187.0,1.3,13.5,84.0,2.5,213.1,20.8,4.0
2005-06-11,309.0,179.0,1.2,12.1,86.0,2.3,201.0,20.9,3.6
2005-06-12,318.0,185.0,1.2,13.1,77.0,1.8,153.2,21.1,4.46
2005-06-13,337.0,189.0,1.3,15.3,72.0,1.8,151.5,21.6,5.18
2005-06-14,328.0,189.0,1.3,14.1,79.0,1.7,149.3,21.8,4.54
2005-06-15,296.0,172.0,1.3,13.0,85.0,2.3,196.6,21.3,3.82
2005-06-16,243.0,136.0,1.2,13.2,81.0,2.0,175.4,21.0,3.18
2005-06-17,321.0,185.0,1.3,13.8,82.0,2.5,213.7,21.2,4.1
2005-06-18,340.0,192.0,1.2,13.2,78.0,2.6,220.8,21.1,4.52
2005-06-19,337.0,190.0,1.3,14.3,77.0,2.5,213.2,21.6,4.5
2005-06-20,332.0,192.0,1.3,14.2,80.0,2.2,187.2,21.8,4.43
2005-06-21,334.0,190.0,1.3,14.6,78.0,2.5,211.8,21.9,4.53
2005-06-22,338.0,190.0,1.3,14.5,77.0,2.5,215.7,21.6,4.52
2005-06-23,267.0,154.0,1.3,14.2,81.0,2.5,213.0,21.2,3.56
2005-06-24,316.0,185.0,1.3,15.2,74.0,2.5,213.1,21.6,4.43
2005-06-25,319.0,184.0,1.3,14.9,74.0,2.1,185.0,22.2,4.53
2005-06-26,312.0,184.0,1.3,14.2,82.0,2.2,188.5,22.4,4.12
2005-06-27,248.0,138.0,1.3,14.2,82.0,2.2,194.3,22.1,3.3
2005-06-28,303.0,175.0,1.4,15.0,81.0,2.3,199.4,22.0,4.02
2005-06-29,318.0,187.0,1.4,14.6,85.0,2.0,169.5,22.4,4.15
2005-06-30,297.0,176.0,1.4,14.2,87.0,1.8,157.5,22.6,3.95
2005-07-01,289.0,170.0,1.4,14.3,87.0,1.9,160.8,22.7,3.76
2005-07-02,271.0,158.0,1.4,14.1,86.0,2.0,170.0,22.9,3.47
2005-07-03,315.0,186.0,1.3,14.3,82.0,2.1,181.4,23.4,4.15
2005-07-04,293.0,171.0,1.3,13.7,85.0,2.1,182.7,23.1,3.73
2005-07-05,291.0,170.0,1.3,13.5,84.0,2.3,198.8,22.6,3.6
2005-07-06,309.0,184.0,1.3,13.8,85.0,2.1,183.6,22.5,3.92
2005-07-07,294.0,174.0,1.4,14.1,84.0,2.0,175.4,22.6,3.93
2005-07-08,322.0,186.0,1.3,14.4,81.0,2.3,201.1,22.3,4.26
2005-07-09,286.0,173.0,1.4,14.3,86.0,2.2,193.6,22.8,3.66
2005-07-10,320.0,187.0,1.4,16.1,75.0,2.4,208.0,23.4,4.8
2005-07-11,324.0,185.0,1.4,16.6,76.0,1.9,167.4,23.3,4.72
2005-07-12,320.0,184.0,1.4,16.7,75.0,1.9,163.4,23.5,4.87
2005-07-13,324.0,186.0,1.4,15.1,80.0,1.9,164.2,23.3,4.6
2005-07-14,299.0,177.0,1.3,13.8,85.0,2.0,171.6,23.1,4.03
2005-07-15,293.0,173.0,1.4,13.8,86.0,1.9,163.6,23.0,3.91
2005-07-16,299.0,178.0,1.4,14.8,82.0,1.8,157.4,23.5,4.3
2005-07-17,311.0,184.0,1.4,15.4,81.0,1.9,168.2,24.2,4.48
2005-07-18,284.0,168.0,1.4,14.1,88.0,2.5,217.0,24.1,3.54
2005-07-19,283.0,167.0,1.5,14.5,88.0,2.6,224.1,24.0,3.52
2005-07-20,285.0,170.0,1.5,15.8,81.0,1.9,167.3,24.3,4.17
2005-07-21,304.0,125.0,1.5,16.6,77.0,2.3,199.6,24.0,3.35
2005-07-22,310.0,179.0,1.4,16.3,78.0,1.9,163.8,23.7,4.62
2005-07-23,318.0,181.0,1.5,18.7,69.0,2.0,172.1,24.2,5.52
2005-07-24,314.0,180.0,1.5,17.4,76.0,2.0,171.3,24.8,5.0
2005-07-25,322.0,187.0,1.4,14.8,84.0,2.0,168.7,24.4,4.36
2005-07-26,301.0,177.0,1.4,14.7,84.0,1.9,163.2,23.8,4.14
2005-07-27,300.0,177.0,1.4,14.7,84.0,2.0,169.8,23.6,4.11
2005-07-28,301.0,178.0,1.4,14.9,84.0,1.9,166.3,23.7,4.06
2005-07-29,274.0,160.0,1.4,15.1,83.0,1.9,164.8,23.5,3.76
2005-07-30,286.0,168.0,1.4,15.2,83.0,1.8,157.3,23.6,3.96
2005-07-31,285.0,169.0,1.4,14.8,86.0,2.0,172.0,23.9,3.84
2005-08-01,282.0,165.0,1.4,14.9,85.0,1.7,150.0,23.8,3.87
2005-08-02,304.0,178.0,1.4,15.1,84.0,1.9,161.0,23.7,4.13
2005-08-03,294.0,173.0,1.4,14.8,85.0,2.2,186.0,23.5,3.96
2005-08-04,286.0,167.0,1.4,14.0,87.0,1.9,166.0,23.3,3.7
2005-08-05,295.0,173.0,1.4,14.5,84.0,1.9,168.0,23.2,4.02
2005-08-06,289.0,166.0,1.4,15.9,79.0,1.9,161.7,23.7,4.41
2005-08-07,293.0,172.0,1.4,15.3,82.0,1.9,161.1,24.2,4.21
2005-08-08,285.0,167.0,1.5,15.2,84.0,2.0,170.1,24.0,3.97
2005-08-09,289.0,166.0,1.5,15.2,84.0,1.9,167.2,23.6,4.02
2005-08-10,284.0,166.0,1.5,15.5,83.0,1.9,165.7,23.7,3.99
2005-08-11,300.0,173.0,1.4,14.8,84.0,1.9,163.2,23.6,4.09
2005-08-12,276.0,163.0,1.4,14.7,84.0,2.0,176.3,22.7,3.68
2005-08-13,146.0,69.0,1.4,14.7,83.0,2.0,168.7,22.3,1.96
2005-08-14,222.0,121.0,1.4,15.4,77.0,1.9,165.7,22.3,3.27
2005-08-15,115.0,47.0,1.5,15.1,85.0,1.5,132.9,21.6,1.69
2005-08-16,261.0,155.0,1.5,15.7,85.0,2.0,172.3,21.4,3.49
2005-08-17,255.0,149.0,1.5,15.3,86.0,1.8,159.7,22.1,3.42
2005-08-18,176.0,89.0,1.4,15.0,84.0,1.8,158.2,22.0,2.43
2005-08-19,265.0,153.0,1.4,15.3,81.0,2.0,173.4,21.9,3.67
2005-08-20,276.0,159.0,1.4,15.5,82.0,2.1,182.5,22.6,3.84
2005-08-21,270.0,156.0,1.4,14.7,84.0,2.1,177.4,23.1,3.63
2005-08-22,280.0,162.0,1.4,14.2,85.0,2.1,184.7,22.5,3.65
2005-08-23,282.0,163.0,1.4,14.3,85.0,2.0,176.1,22.2,3.74
2005-08-24,222.0,120.0,1.4,13.7,87.0,1.9,160.4,21.8,2.86
2005-08-25,270.0,153.0,1.3,14.2,82.0,1.8,156.0,21.6,3.77
2005-08-26,277.0,152.0,1.4,17.2,69.0,1.8,154.8,21.9,4.69
2005-08-27,280.0,156.0,1.4,15.9,77.0,2.0,169.3,22.4,4.18
2005-08-28,265.0,152.0,1.4,15.0,84.0,2.0,174.1,22.9,3.68
2005-08-29,269.0,153.0,1.3,14.8,79.0,2.1,182.4,23.0,4.03
2005-08-30,290.0,151.0,1.1,16.9,57.0,2.1,181.4,22.3,5.62
2005-08-31,275.0,156.0,1.4,14.6,83.0,2.1,182.0,22.1,3.8
2005-09-01,228.0,130.0,1.4,14.1,87.0,1.8,159.1,22.6,2.97
2005-09-02,248.0,141.0,1.4,14.1,85.0,1.8,152.5,22.6,3.27
2005-09-03,256.0,150.0,1.4,13.8,86.0,1.9,167.4,22.6,3.33
2005-09-04,247.0,140.0,1.3,13.6,83.0,1.9,159.9,22.7,3.41
2005-09-05,275.0,147.0,1.2,14.0,78.0,1.9,161.7,21.8,4.06
2005-09-06,272.0,147.0,1.3,13.8,80.0,1.9,166.1,21.2,3.86
2005-09-07,234.0,134.0,1.3,13.2,86.0,2.0,172.6,21.2,2.93
2005-09-08,121.0,53.0,1.4,14.8,81.0,1.8,157.9,20.6,1.84
2005-09-09,134.0,60.0,1.4,15.8,80.0,2.0,169.5,20.4,2.17
2005-09-10,242.0,135.0,1.2,14.2,76.0,2.3,197.6,20.7,3.32
2005-09-11,262.0,138.0,1.2,13.2,79.0,2.2,188.1,20.7,3.59
2005-09-12,257.0,135.0,1.2,13.2,80.0,2.2,187.0,20.3,3.54
2005-09-13,237.0,129.0,1.2,13.3,78.0,2.2,185.9,20.1,3.09
2005-09-14,358.0,132.0,1.2,14.4,75.0,2.5,219.3,20.3,3.38
2005-09-15,226.0,125.0,1.3,13.3,82.0,2.0,176.9,20.1,2.92
2005-09-16,223.0,120.0,1.2,13.1,79.0,2.2,189.8,20.2,2.95
2005-09-17,253.0,128.0,1.3,14.7,75.0,2.4,210.0,20.0,3.68
2005-09-18,226.0,119.0,1.2,14.0,76.0,2.0,172.1,20.3,3.42
2005-09-19,246.0,125.0,1.3,14.4,78.0,2.0,174.9,20.2,3.31
2005-09-20,206.0,108.0,1.3,13.2,86.0,1.8,152.8,20.5,2.57
2005-09-21,239.0,122.0,1.2,14.0,78.0,1.8,159.3,19.9,3.38
2005-09-22,223.0,116.0,1.3,13.6,82.0,1.9,167.8,19.7,3.14
2005-09-23,193.0,102.0,1.2,12.7,84.0,1.8,157.2,19.8,2.56
2005-09-24,216.0,114.0,1.1,12.4,78.0,2.0,169.7,19.3,3.02
2005-09-25,197.0,102.0,1.2,12.5,83.0,1.8,155.8,19.1,2.62
2005-09-26,219.0,114.0,1.3,14.0,81.0,2.0,171.7,19.1,3.03
2005-09-27,236.0,116.0,1.2,13.4,78.0,2.0,171.4,19.0,3.38
2005-09-28,233.0,112.0,1.3,20.1,54.0,2.1,178.2,19.8,4.69
2005-09-29,234.0,108.0,1.1,21.5,43.0,1.7,143.8,20.5,5.13
2005-09-30,228.0,107.0,1.2,17.9,57.0,1.7,146.4,20.4,4.34
2005-10-01,219.0,115.0,1.3,14.5,80.0,1.9,166.4,20.2,3.29
2005-10-02,212.0,114.0,1.3,13.5,83.0,2.1,184.5,20.4,2.81
2005-10-03,227.0,110.0,1.0,15.4,55.0,3.3,288.7,19.1,4.1
2005-10-04,224.0,107.0,0.9,15.1,51.0,2.5,220.1,18.3,3.98
2005-10-05,225.0,98.0,0.6,22.2,23.0,4.3,375.7,18.5,7.15
2005-10-06,220.0,100.0,0.8,19.5,37.0,2.3,195.3,19.2,5.12
2005-10-07,214.0,106.0,1.2,12.4,81.0,1.9,161.0,18.5,2.94
2005-10-08,213.0,105.0,1.1,12.3,79.0,2.5,217.5,18.3,2.82
2005-10-09,212.0,103.0,1.0,12.8,71.0,1.9,162.5,17.7,3.26
2005-10-10,211.0,100.0,1.0,15.6,57.0,1.5,132.9,18.0,3.68
2005-10-11,203.0,103.0,1.1,11.3,83.0,1.7,149.7,17.8,2.56
2005-10-12,195.0,102.0,1.2,12.0,83.0,1.7,147.8,18.2,2.53
2005-10-13,207.0,96.0,1.0,17.4,53.0,1.5,127.4,18.3,4.21
2005-10-14,200.0,95.0,1.1,14.2,67.0,1.8,159.4,18.5,3.23
2005-10-15,182.0,86.0,1.2,12.8,79.0,2.5,212.2,18.6,2.62
2005-10-16,196.0,90.0,0.9,17.3,48.0,2.2,189.4,18.1,4.21
2005-10-17,87.0,32.0,1.2,17.9,57.0,2.3,203.0,18.2,2.55
2005-10-18,149.0,73.0,1.3,13.7,86.0,1.4,121.7,17.8,2.0
2005-10-19,189.0,88.0,1.4,14.8,80.0,2.0,174.4,17.9,2.72
2005-10-20,184.0,87.0,1.3,12.9,85.0,1.9,167.7,17.9,2.53
2005-10-21,188.0,86.0,1.2,12.4,86.0,1.7,146.2,17.5,2.45
2005-10-22,136.0,61.0,1.2,11.2,92.0,1.5,131.7,17.4,1.51
2005-10-23,49.0,7.0,1.2,11.4,91.0,1.4,117.0,17.2,0.52
2005-10-24,49.0,3.0,1.3,14.0,82.0,1.6,135.0,16.7,0.65
2005-10-25,115.0,52.0,1.2,12.5,85.0,1.8,155.1,16.7,1.58
2005-10-26,176.0,79.0,1.3,13.4,83.0,2.1,185.2,16.7,2.54
2005-10-27,111.0,41.0,1.1,11.7,84.0,1.5,127.1,17.2,1.57
2005-10-28,172.0,75.0,1.0,11.0,76.0,1.6,138.4,16.1,2.49
2005-10-29,143.0,58.0,1.1,11.2,86.0,1.8,158.1,15.9,1.8
2005-10-30,174.0,72.0,1.1,16.7,58.0,3.2,274.1,16.4,3.52
2005-10-31,171.0,67.0,1.0,20.9,40.0,3.3,286.2,17.4,4.31
2005-11-01,169.0,69.0,1.1,14.7,63.0,1.4,119.6,17.4,2.84
2005-11-02,86.0,32.0,1.2,11.5,89.0,1.7,142.6,16.8,1.15
2005-11-03,166.0,68.0,1.0,10.9,75.0,2.1,183.5,15.6,2.45
2005-11-04,165.0,67.0,1.1,12.7,76.0,2.2,193.0,15.1,2.38
2005-11-05,161.0,63.0,0.9,15.3,51.0,2.1,177.7,15.4,3.07
2005-11-06,128.0,56.0,1.0,15.3,56.0,2.0,172.9,15.9,2.68
2005-11-07,140.0,56.0,1.2,13.4,78.0,1.7,148.3,16.2,2.14
2005-11-08,56.0,12.0,1.4,14.0,87.0,1.4,121.7,16.2,0.83
2005-11-09,66.0,16.0,1.2,12.3,87.0,1.8,156.7,15.7,0.9
2005-11-10,104.0,39.0,1.2,12.6,80.0,1.5,132.5,15.0,1.61
2005-11-11,150.0,58.0,1.1,10.9,82.0,1.7,148.8,15.0,1.95
2005-11-12,148.0,53.0,1.1,13.8,67.0,2.8,243.6,14.6,2.63
2005-11-13,152.0,49.0,0.8,18.0,38.0,3.3,286.5,15.5,4.04
2005-11-14,145.0,53.0,1.1,17.3,55.0,2.6,225.6,16.2,3.07
2005-11-15,151.0,51.0,1.0,19.5,45.0,2.2,190.0,16.9,3.45
2005-11-16,151.0,51.0,0.9,14.0,54.0,1.5,131.8,16.4,2.85
2005-11-17,142.0,49.0,0.8,16.9,42.0,1.6,138.8,15.6,3.17
2005-11-18,153.0,40.0,0.6,19.6,26.0,2.2,193.4,15.6,4.38
2005-11-19,153.0,39.0,0.6,19.2,28.0,2.8,237.9,16.1,4.48
2005-11-20,150.0,41.0,0.6,14.8,34.0,1.3,115.4,15.7,3.13
2005-11-21,141.0,43.0,0.6,13.9,38.0,1.3,113.4,15.0,2.83
2005-11-22,134.0,37.0,0.8,11.7,57.0,1.3,108.2,14.2,2.22
2005-11-23,111.0,48.0,1.2,12.3,83.0,1.7,143.3,14.8,1.69
2005-11-24,113.0,41.0,1.2,11.8,88.0,1.7,145.8,14.6,1.5
2005-11-25,59.0,12.0,1.3,12.5,91.0,1.7,144.7,14.7,0.7
2005-11-26,141.0,41.0,0.6,11.2,49.0,3.0,259.1,13.8,2.75
2005-11-27,140.0,39.0,0.5,9.3,39.0,2.2,187.6,12.5,2.61
2005-11-28,135.0,42.0,0.6,9.8,47.0,1.6,139.8,12.0,2.31
2005-11-29,53.0,6.0,1.2,11.8,87.0,1.3,114.0,12.7,0.72
2005-11-30,132.0,42.0,1.2,12.4,83.0,1.4,118.5,14.0,1.88
2005-12-01,85.0,32.0,1.3,12.7,86.0,2.1,183.7,13.9,1.32
2005-12-02,44.0,6.0,1.1,11.9,77.0,2.5,214.0,14.3,0.97
2005-12-03,135.0,41.0,0.6,9.8,52.0,3.4,292.3,12.4,2.42
2005-12-04,132.0,39.0,0.5,10.7,39.0,3.7,321.8,11.6,3.07
2005-12-05,134.0,36.0,0.5,11.3,35.0,2.1,182.6,11.4,2.79
2005-12-06,132.0,36.0,0.5,11.3,37.0,1.8,154.9,11.5,2.62
2005-12-07,120.0,39.0,0.7,10.4,53.0,1.5,132.5,11.5,2.04
2005-12-08,44.0,2.0,1.0,10.0,82.0,1.2,99.7,12.0,0.57
2005-12-09,61.0,15.0,0.7,12.2,51.0,2.4,209.4,11.5,2.1
2005-12-10,122.0,35.0,0.7,14.0,44.0,2.1,178.7,11.7,2.77
2005-12-11,83.0,31.0,0.8,10.6,63.0,1.2,102.0,11.8,1.49
2005-12-12,121.0,42.0,0.9,10.2,75.0,1.3,116.3,12.0,1.6
2005-12-13,94.0,31.0,0.9,8.5,80.0,1.5,128.2,12.2,1.27
2005-12-14,70.0,38.0,0.9,8.7,82.0,1.6,140.7,11.7,1.37
2005-12-15,114.0,41.0,0.9,7.5,85.0,1.3,113.5,11.3,1.37
2005-12-16,119.0,42.0,0.8,6.9,82.0,1.4,124.2,10.8,1.45
2005-12-17,91.0,33.0,1.0,11.2,73.0,2.4,211.6,11.4,1.56
2005-12-18,43.0,6.0,1.1,12.7,78.0,4.6,394.4,12.2,0.98
2005-12-19,70.0,20.0,1.1,12.1,77.0,1.1,98.7,12.6,1.12
2005-12-20,74.0,23.0,1.1,12.1,77.0,1.3,112.9,12.4,1.26
2005-12-21,28.0,11.0,1.5,15.5,84.0,1.3,111.8,12.7,0.94
2005-12-22,45.0,8.0,1.6,14.7,94.0,1.2,106.4,13.9,0.55
2005-12-23,121.0,42.0,1.5,16.8,76.0,2.3,196.0,14.8,2.11
2005-12-24,126.0,37.0,1.1,15.6,64.0,1.5,125.5,15.0,2.25
2005-12-25,57.0,15.0,1.3,12.0,89.0,1.7,149.0,14.3,0.79
2005-12-26,103.0,40.0,1.3,12.9,85.0,2.0,174.7,14.7,1.37
2005-12-27,91.0,30.0,1.0,10.9,80.0,1.3,113.4,13.9,1.32
2005-12-28,47.0,9.0,1.2,11.6,89.0,1.7,148.9,13.5,0.59
2005-12-29,104.0,28.0,0.9,11.5,66.0,2.0,169.2,12.9,1.66
2005-12-30,101.0,28.0,1.0,11.9,69.0,1.7,147.7,12.6,1.6
2005-12-31,58.0,11.0,1.3,12.8,89.0,3.5,302.3,13.7,0.86
2006-01-01,11.0,-19.0,1.1,11.3,85.0,3.8,330.1,12.4,0.25
2006-01-02,30.0,-5.0,1.2,11.9,88.0,4.8,413.2,12.5,0.51
2006-01-03,89.0,21.0,1.0,9.5,81.0,1.2,107.3,12.2,1.13
2006-01-04,104.0,32.0,0.9,13.4,58.0,1.3,114.9,12.2,1.86
2006-01-05,117.0,23.0,1.0,13.7,64.0,1.0,88.0,12.9,1.93
2006-01-06,131.0,41.0,1.1,12.7,72.0,1.4,119.8,13.0,1.99
2006-01-07,129.0,41.0,1.2,12.5,80.0,2.2,188.0,13.6,1.76
2006-01-08,128.0,40.0,0.9,12.9,63.0,3.8,330.7,13.2,2.4
2006-01-09,131.0,40.0,0.8,13.2,54.0,2.7,231.6,13.0,2.72
2006-01-10,129.0,40.0,0.9,9.6,74.0,1.5,129.6,12.5,1.81
2006-01-11,102.0,33.0,1.1,10.4,85.0,1.5,133.7,12.3,1.36
2006-01-12,131.0,42.0,0.9,14.2,53.0,2.4,210.5,12.9,2.62
2006-01-13,113.0,36.0,1.0,10.6,78.0,1.8,151.5,12.7,1.48
2006-01-14,86.0,27.0,1.0,9.7,84.0,2.6,222.6,12.7,1.17
2006-01-15,137.0,44.0,0.7,7.4,67.0,2.3,200.9,11.3,1.97
2006-01-16,111.0,27.0,0.5,8.6,48.0,1.9,166.4,10.2,2.01
2006-01-17,109.0,31.0,0.7,9.0,64.0,1.4,120.7,10.4,1.68
2006-01-18,72.0,34.0,1.0,9.3,85.0,2.1,181.5,11.9,1.17
2006-01-19,112.0,32.0,0.8,8.0,73.0,1.8,158.5,10.6,1.52
2006-01-20,144.0,46.0,0.7,9.5,57.0,2.1,183.3,10.2,2.22
2006-01-21,138.0,48.0,0.8,10.2,63.0,2.2,192.8,10.3,2.13
2006-01-22,129.0,37.0,0.8,10.7,61.0,4.0,342.1,10.5,2.42
2006-01-23,150.0,44.0,0.5,13.4,35.0,2.5,214.4,10.5,3.25
2006-01-24,148.0,45.0,0.5,15.2,30.0,2.9,248.7,11.3,4.02
2006-01-25,118.0,32.0,0.8,9.0,72.0,1.6,137.0,10.9,1.61
2006-01-26,58.0,13.0,1.0,9.8,84.0,1.8,153.1,11.4,0.76
2006-01-27,145.0,54.0,0.8,8.7,75.0,2.1,185.5,10.8,1.9
2006-01-28,147.0,57.0,0.8,8.9,74.0,1.8,152.9,10.9,2.06
2006-01-29,129.0,52.0,1.1,9.4,90.0,1.6,142.2,11.2,1.48
2006-01-30,129.0,51.0,1.1,10.2,90.0,1.8,152.5,12.3,1.47
2006-01-31,135.0,50.0,0.8,10.2,65.0,1.9,163.6,12.2,2.04
2006-02-01,157.0,59.0,0.9,11.4,69.0,2.2,194.1,11.9,2.35
2006-02-02,135.0,62.0,1.3,12.2,88.0,2.1,177.4,12.9,1.69
2006-02-03,163.0,63.0,1.2,15.2,69.0,2.4,203.6,13.9,2.73
2006-02-04,119.0,52.0,1.2,13.4,77.0,2.3,194.7,14.4,1.92
2006-02-05,148.0,55.0,0.8,14.4,48.0,4.2,362.2,14.1,3.44
2006-02-06,131.0,52.0,1.0,12.1,67.0,1.3,114.0,13.5,2.09
2006-02-07,169.0,61.0,0.7,15.0,43.0,1.8,157.7,13.4,3.45
2006-02-08,181.0,49.0,0.5,20.1,20.0,3.4,292.2,14.0,5.44
2006-02-09,180.0,60.0,0.7,16.3,37.0,1.5,131.9,14.2,3.63
2006-02-10,176.0,70.0,0.9,10.1,76.0,1.7,143.2,13.7,2.23
2006-02-11,172.0,70.0,1.1,12.5,77.0,1.8,156.3,14.3,2.49
2006-02-12,174.0,65.0,0.8,19.8,34.0,2.9,250.6,14.8,4.69
2006-02-13,179.0,68.0,0.8,18.6,37.0,2.7,230.3,15.5,4.31
2006-02-14,166.0,75.0,1.1,10.7,84.0,1.8,155.3,15.1,2.02
2006-02-15,189.0,76.0,0.7,7.9,63.0,3.0,257.7,13.9,2.51
2006-02-16,168.0,65.0,0.6,5.7,61.0,1.8,157.7,12.1,2.3
2006-02-17,76.0,23.0,0.7,5.7,80.0,2.0,175.9,11.1,1.04
2006-02-18,154.0,67.0,0.7,6.6,77.0,2.4,207.4,10.7,1.86
2006-02-19,145.0,54.0,0.7,6.0,77.0,2.0,171.4,10.9,1.71
2006-02-20,164.0,69.0,0.7,5.7,72.0,2.0,173.8,10.0,2.03
2006-02-21,137.0,82.0,0.8,7.4,76.0,2.2,193.9,11.1,2.44
2006-02-22,197.0,85.0,0.7,8.7,63.0,1.8,153.9,10.7,2.84
2006-02-23,201.0,87.0,0.8,8.7,67.0,1.4,124.5,11.3,2.84
2006-02-24,199.0,91.0,0.8,7.7,78.0,1.5,127.9,11.4,2.51
2006-02-25,192.0,94.0,1.0,8.7,85.0,1.6,137.8,12.4,2.27
2006-02-26,80.0,16.0,0.8,12.4,58.0,2.5,213.3,12.6,1.99
2006-02-27,38.0,-2.0,1.0,14.0,65.0,5.7,494.9,12.5,1.79
2006-02-28,198.0,97.0,1.0,11.5,75.0,2.6,224.5,13.6,2.69
2006-03-01,209.0,92.0,0.9,8.3,78.0,1.7,148.3,12.9,2.54
2006-03-02,86.0,24.0,1.0,9.5,82.0,2.2,187.2,12.3,1.24
2006-03-03,154.0,70.0,0.9,8.2,78.0,3.0,257.6,12.4,1.9
2006-03-04,203.0,88.0,0.7,7.0,68.0,1.7,146.4,11.4,2.57
2006-03-05,162.0,74.0,0.7,9.3,63.0,2.3,198.4,11.5,2.57
2006-03-06,150.0,67.0,1.1,10.4,85.0,2.6,223.8,12.6,1.79
2006-03-07,164.0,79.0,1.0,9.3,82.0,2.4,206.2,12.8,2.03
2006-03-08,212.0,101.0,0.8,8.7,74.0,2.2,188.3,12.2,2.59
2006-03-09,181.0,85.0,0.8,8.6,74.0,3.7,319.8,12.4,2.39
2006-03-10,158.0,78.0,0.7,6.3,78.0,1.9,165.1,12.1,1.76
2006-03-11,199.0,96.0,0.7,5.6,77.0,2.9,253.7,11.5,2.14
2006-03-12,184.0,87.0,0.7,5.9,77.0,2.2,188.5,11.0,2.07
2006-03-13,236.0,111.0,0.7,6.0,71.0,1.7,150.2,11.1,2.83
2006-03-14,104.0,42.0,0.9,7.5,83.0,1.9,165.3,11.2,1.24
2006-03-15,191.0,101.0,0.9,8.7,77.0,2.6,222.6,12.2,2.46
2006-03-16,168.0,80.0,0.9,8.6,80.0,1.7,149.3,11.8,2.12
2006-03-17,132.0,56.0,0.9,9.1,82.0,2.5,218.1,12.1,1.62
2006-03-18,226.0,109.0,0.8,7.5,78.0,2.6,228.4,11.8,2.62
2006-03-19,233.0,116.0,0.8,7.6,76.0,2.5,214.3,11.8,2.78
2006-03-20,97.0,35.0,0.9,8.2,80.0,2.7,229.0,12.0,1.28
2006-03-21,242.0,121.0,0.8,7.1,78.0,2.1,177.6,11.5,2.74
2006-03-22,232.0,116.0,0.8,9.5,71.0,2.0,169.5,12.1,3.13
2006-03-23,248.0,124.0,0.9,9.8,78.0,1.7,150.9,13.0,3.25
2006-03-24,200.0,107.0,1.0,10.4,82.0,1.8,159.7,13.5,2.66
2006-03-25,122.0,49.0,1.1,11.0,86.0,2.7,230.6,14.0,1.46
2006-03-26,208.0,106.0,0.9,10.4,68.0,2.3,198.7,13.1,3.03
2006-03-27,144.0,65.0,1.0,9.5,85.0,3.3,282.8,12.8,1.81
2006-03-28,57.0,10.0,1.1,9.7,88.0,3.7,320.6,12.6,0.73
2006-03-29,133.0,59.0,1.0,9.1,84.0,2.0,172.5,12.1,1.6
2006-03-30,174.0,86.0,1.0,10.3,79.0,1.8,152.8,12.6,2.29
2006-03-31,94.0,37.0,1.1,11.0,82.0,3.0,258.9,13.2,1.5
2006-04-01,258.0,133.0,0.9,9.0,75.0,1.9,162.3,13.1,3.24
2006-04-02,128.0,52.0,0.9,10.2,75.0,2.2,191.5,12.9,1.98
2006-04-03,47.0,0.0,1.3,12.9,89.0,3.5,298.5,13.3,0.57
2006-04-04,102.0,42.0,1.2,11.8,85.0,3.7,319.0,13.8,1.33
2006-04-05,191.0,98.0,1.0,9.4,81.0,3.3,282.6,13.2,2.22
2006-04-06,277.0,146.0,0.9,9.2,77.0,2.1,177.3,13.2,3.44
2006-04-07,231.0,125.0,1.0,11.0,74.0,3.1,267.8,13.8,3.15
2006-04-08,276.0,145.0,1.0,11.0,77.0,1.9,161.0,14.7,3.53
2006-04-09,211.0,110.0,1.0,10.6,78.0,1.8,156.5,14.8,2.75
2006-04-10,116.0,51.0,1.1,11.4,84.0,1.7,143.0,15.0,1.53
2006-04-11,115.0,49.0,1.1,13.1,71.0,4.0,341.5,14.6,2.34
2006-04-12,188.0,92.0,1.1,14.6,66.0,3.6,308.3,14.6,3.43
2006-04-13,280.0,156.0,1.1,14.0,71.0,2.1,184.0,15.6,4.2
2006-04-14,91.0,32.0,1.3,12.8,85.0,2.1,184.1,16.0,1.19
2006-04-15,180.0,87.0,1.1,12.1,80.0,1.9,166.1,15.8,2.39
2006-04-16,161.0,85.0,1.1,11.9,83.0,2.5,216.7,15.9,2.07
2006-04-17,309.0,156.0,0.9,11.6,65.0,3.6,308.1,16.1,3.75
2006-04-18,260.0,136.0,0.9,13.0,57.0,2.6,223.3,15.6,4.24
2006-04-19,298.0,161.0,1.0,15.3,56.0,2.7,237.3,16.7,5.16
2006-04-20,265.0,149.0,1.2,12.9,81.0,1.7,150.5,17.6,3.58
2006-04-21,202.0,105.0,1.2,12.7,79.0,2.6,221.2,17.8,2.73
2006-04-22,168.0,82.0,1.0,10.6,78.0,2.0,175.2,17.0,2.33
2006-04-23,169.0,81.0,1.0,10.4,79.0,1.4,124.2,16.0,2.31
2006-04-24,297.0,167.0,1.1,11.1,81.0,2.3,197.1,16.0,3.63
2006-04-25,69.0,17.0,1.1,11.3,85.0,2.1,181.5,16.1,0.88
2006-04-26,83.0,27.0,1.2,11.2,89.0,1.7,146.4,14.8,0.9
2006-04-27,130.0,60.0,1.3,12.6,86.0,1.7,146.5,15.5,1.79
2006-04-28,82.0,27.0,1.3,12.9,86.0,1.7,150.9,15.8,1.11
2006-04-29,90.0,33.0,1.3,12.3,88.0,1.8,156.6,15.7,1.1
2006-04-30,228.0,129.0,1.3,12.4,90.0,1.6,141.2,16.6,2.73
2006-05-01,302.0,170.0,1.3,12.5,88.0,1.8,151.3,18.0,3.76
2006-05-02,100.0,35.0,1.2,11.1,90.0,2.0,176.7,17.1,1.21
2006-05-03,87.0,26.0,1.1,11.4,85.0,1.7,144.2,16.2,1.08
2006-05-04,244.0,134.0,1.0,11.7,76.0,1.7,149.9,16.6,3.22
2006-05-05,302.0,170.0,1.1,12.0,82.0,2.3,201.5,17.3,3.62
2006-05-06,153.0,70.0,1.1,10.9,84.0,2.1,178.2,17.5,1.89
2006-05-07,312.0,175.0,1.2,11.7,84.0,2.2,190.1,17.6,3.75
2006-05-08,317.0,177.0,1.2,11.8,84.0,2.2,188.0,18.2,3.87
2006-05-09,307.0,177.0,1.2,11.8,84.0,2.0,173.1,18.5,3.81
2006-05-10,305.0,169.0,1.2,13.2,80.0,1.7,150.1,18.9,4.27
2006-05-11,285.0,164.0,1.3,12.1,89.0,1.8,156.5,19.3,3.49
2006-05-12,258.0,148.0,1.2,11.9,87.0,1.9,160.9,19.4,3.27
2006-05-13,281.0,162.0,1.2,11.9,86.0,1.8,157.2,19.6,3.45
2006-05-14,302.0,166.0,1.2,17.6,59.0,1.7,150.2,20.3,5.35
2006-05-15,226.0,121.0,1.4,14.5,86.0,2.3,197.5,20.5,2.85
2006-05-16,279.0,161.0,1.4,14.2,85.0,2.3,197.8,20.2,3.61
2006-05-17,311.0,176.0,1.3,13.0,86.0,2.1,178.9,20.3,3.83
2006-05-18,270.0,156.0,1.3,12.3,89.0,2.0,172.3,20.4,3.24
2006-05-19,187.0,97.0,1.2,11.9,88.0,1.9,165.6,19.9,2.34
2006-05-20,301.0,168.0,1.3,14.4,77.0,1.9,162.5,19.6,4.26
2006-05-21,42.0,-7.0,1.4,14.2,88.0,2.2,186.0,19.0,0.39
2006-05-22,289.0,153.0,1.2,13.9,78.0,2.3,199.4,18.2,3.84
2006-05-23,325.0,179.0,1.2,13.9,77.0,2.0,172.6,19.1,4.43
2006-05-24,325.0,180.0,1.3,14.6,76.0,2.5,219.4,20.0,4.75
2006-05-25,328.0,184.0,1.2,14.0,75.0,2.7,234.7,20.2,4.49
2006-05-26,317.0,176.0,1.1,12.7,73.0,3.1,268.1,20.0,4.2
2006-05-27,330.0,182.0,1.0,11.1,73.0,3.1,271.4,19.3,4.07
2006-05-28,331.0,184.0,1.0,11.8,73.0,2.4,204.7,19.0,4.41
2006-05-29,337.0,187.0,1.1,12.3,76.0,2.4,209.5,19.0,4.43
2006-05-30,335.0,186.0,1.1,12.9,75.0,2.3,197.0,18.9,4.56
2006-05-31,334.0,187.0,1.2,13.2,82.0,2.1,184.0,19.1,4.46
2006-06-01,323.0,182.0,1.4,17.0,71.0,1.7,150.2,20.1,5.22
2006-06-02,317.0,181.0,1.5,17.3,74.0,2.1,180.7,21.4,4.81
2006-06-03,328.0,185.0,1.4,17.1,73.0,2.1,179.2,22.0,5.24
2006-06-04,323.0,185.0,1.4,16.3,73.0,2.3,200.0,22.3,4.87
2006-06-05,311.0,182.0,1.3,13.3,85.0,2.2,187.8,22.2,3.93
2006-06-06,290.0,169.0,1.3,13.4,84.0,1.8,153.5,21.9,3.83
2006-06-07,329.0,188.0,1.3,13.6,81.0,2.2,193.6,21.2,4.27
2006-06-08,319.0,186.0,1.2,12.5,83.0,2.3,197.3,20.7,3.9
2006-06-09,221.0,124.0,1.2,12.2,85.0,2.0,177.0,19.9,2.81
2006-06-10,235.0,132.0,1.2,12.9,83.0,2.0,176.8,19.7,2.99
2006-06-11,158.0,79.0,1.2,13.2,82.0,1.8,154.1,19.4,2.12
2006-06-12,243.0,132.0,1.2,14.2,75.0,1.9,165.4,19.2,3.55
2006-06-13,333.0,189.0,1.2,14.1,74.0,2.6,225.9,19.2,4.59
2006-06-14,331.0,188.0,1.3,14.0,78.0,2.4,210.6,19.6,4.42
2006-06-15,377.0,181.0,1.3,15.6,74.0,2.5,216.1,20.6,4.38
2006-06-16,340.0,190.0,1.4,20.7,57.0,2.4,207.8,20.9,6.62
2006-06-17,342.0,192.0,1.4,16.5,73.0,1.9,164.5,21.9,5.16
2006-06-18,334.0,189.0,1.3,14.7,77.0,1.7,146.4,21.9,4.84
2006-06-19,329.0,190.0,1.2,12.6,83.0,2.2,191.2,21.6,4.08
2006-06-20,306.0,176.0,1.2,12.8,84.0,1.7,145.5,21.5,3.86
2006-06-21,348.0,186.0,1.3,15.5,76.0,2.2,189.7,22.4,4.61
2006-06-22,302.0,175.0,1.4,14.1,86.0,2.0,172.0,21.3,3.99
2006-06-23,268.0,151.0,1.4,14.4,87.0,1.8,153.9,21.6,3.51
2006-06-24,299.0,175.0,1.4,14.2,86.0,1.9,168.2,21.7,3.94
2006-06-25,260.0,148.0,1.4,14.3,88.0,2.1,177.2,21.7,3.38
2006-06-26,249.0,146.0,1.4,15.0,84.0,2.0,176.4,21.7,3.51
2006-06-27,211.0,120.0,1.5,15.4,84.0,1.7,147.4,21.6,3.1
2006-06-28,309.0,182.0,1.4,14.6,87.0,1.9,166.8,21.9,4.07
2006-06-29,317.0,186.0,1.4,14.4,85.0,2.2,191.5,22.6,4.06
2006-06-30,330.0,189.0,1.3,13.8,83.0,2.3,196.8,22.1,4.34
2006-07-01,325.0,190.0,1.3,13.0,83.0,2.1,181.6,21.8,4.13
2006-07-02,307.0,177.0,1.2,13.1,82.0,2.0,174.9,21.5,3.97
2006-07-03,325.0,191.0,1.2,13.0,82.0,1.8,154.2,21.4,4.34
2006-07-04,305.0,176.0,1.2,13.3,80.0,1.9,163.6,21.6,4.24
2006-07-05,318.0,186.0,1.2,12.3,82.0,2.1,185.6,21.4,4.05
2006-07-06,324.0,190.0,1.2,12.5,80.0,2.2,190.8,21.1,4.24
2006-07-07,340.0,192.0,1.2,13.8,75.0,1.9,166.9,21.1,4.77
2006-07-08,330.0,188.0,1.3,15.3,72.0,2.0,169.7,21.7,5.08
2006-07-09,326.0,187.0,1.3,14.5,77.0,1.9,162.8,22.6,4.79
2006-07-10,322.0,189.0,1.3,14.4,81.0,2.2,187.0,22.8,4.51
2006-07-11,295.0,171.0,1.3,13.7,83.0,1.9,163.6,22.5,3.93
2006-07-12,362.0,187.0,1.3,16.3,69.0,2.5,212.7,22.9,4.89
2006-07-13,337.0,191.0,1.3,15.7,73.0,1.8,158.3,22.4,5.31
2006-07-14,309.0,181.0,1.3,13.9,84.0,1.9,165.9,22.7,4.19
2006-07-15,314.0,184.0,1.3,14.3,81.0,2.0,172.8,23.1,4.4
2006-07-16,315.0,181.0,1.3,16.2,73.0,1.9,161.0,23.7,5.05
2006-07-17,231.0,120.0,1.4,17.1,73.0,1.7,143.4,23.4,3.84
2006-07-18,135.0,63.0,1.6,18.6,76.0,1.4,119.5,22.6,2.55
2006-07-19,304.0,176.0,1.7,19.7,73.0,2.0,174.5,22.8,5.09
2006-07-20,306.0,177.0,1.6,17.8,79.0,1.9,161.6,23.8,4.72
2006-07-21,305.0,177.0,1.6,18.5,75.0,1.7,151.0,24.1,5.02
2006-07-22,304.0,179.0,1.7,20.0,71.0,1.8,153.8,25.0,5.33
2006-07-23,250.0,146.0,1.7,20.6,70.0,1.5,132.0,25.6,4.57
2006-07-24,283.0,164.0,1.7,19.4,73.0,1.8,155.0,25.4,4.96
2006-07-25,306.0,177.0,1.6,18.6,76.0,1.6,142.2,25.3,5.1
2006-07-26,302.0,176.0,1.7,17.5,83.0,1.9,164.4,25.5,4.59
2006-07-27,298.0,176.0,1.7,17.3,84.0,1.8,155.1,25.4,4.35
2006-07-28,186.0,103.0,1.8,18.5,85.0,1.8,151.5,24.8,3.0
2006-07-29,185.0,101.0,1.7,17.4,87.0,1.9,165.4,23.9,2.77
2006-07-30,211.0,119.0,1.7,16.8,87.0,1.9,168.3,23.9,2.98
2006-07-31,244.0,138.0,1.5,16.1,84.0,2.2,193.1,23.9,3.32
2006-08-01,307.0,177.0,1.3,15.0,77.0,2.2,189.6,23.5,4.2
2006-08-02,285.0,165.0,1.4,15.5,79.0,1.9,163.8,23.9,3.99
2006-08-03,255.0,151.0,1.4,15.5,81.0,1.9,162.5,23.8,3.62
2006-08-04,96.0,35.0,1.5,16.0,85.0,1.5,127.1,22.7,1.43
2006-08-05,284.0,166.0,1.5,17.7,75.0,2.0,176.4,22.6,4.42
2006-08-06,290.0,166.0,1.4,16.0,78.0,2.0,172.7,23.2,4.24
2006-08-07,310.0,174.0,1.3,15.9,73.0,2.4,203.5,23.0,4.6
2006-08-08,306.0,173.0,1.4,16.3,76.0,2.0,172.5,22.8,4.62
2006-08-09,310.0,171.0,1.3,21.3,53.0,2.1,177.1,23.3,6.18
2006-08-10,296.0,173.0,1.5,16.4,83.0,1.9,160.8,23.4,4.39
2006-08-11,261.0,153.0,1.5,15.1,85.0,2.1,179.1,22.8,3.49
2006-08-12,232.0,126.0,1.3,14.4,80.0,1.9,160.1,22.4,3.14
2006-08-13,275.0,156.0,1.4,15.1,79.0,1.9,166.3,22.6,3.77
2006-08-14,243.0,133.0,1.3,15.5,75.0,1.9,164.9,23.1,3.54
2006-08-15,296.0,167.0,1.3,14.7,80.0,2.0,175.0,22.5,4.08
2006-08-16,290.0,144.0,1.4,15.8,78.0,2.4,205.8,23.2,3.5
2006-08-17,284.0,154.0,1.4,15.4,79.0,2.0,176.3,22.9,3.96
2006-08-18,294.0,161.0,1.4,14.8,82.0,1.8,159.1,23.2,4.06
2006-08-19,283.0,158.0,1.4,15.1,81.0,2.1,179.9,23.3,3.83
2006-08-20,233.0,130.0,1.4,15.0,80.0,2.1,183.4,23.5,3.26
2006-08-21,278.0,151.0,1.4,15.1,81.0,2.1,180.0,23.0,3.7
2006-08-22,282.0,154.0,1.4,15.2,82.0,1.9,161.8,22.8,3.97
2006-08-23,285.0,159.0,1.4,14.5,84.0,1.9,160.3,23.1,3.92
2006-08-24,268.0,146.0,1.3,13.7,85.0,2.1,178.2,23.0,3.48
2006-08-25,258.0,149.0,1.3,14.1,82.0,2.0,176.3,22.9,3.39
2006-08-26,270.0,150.0,1.3,15.3,77.0,1.9,163.6,23.2,3.82
2006-08-27,285.0,160.0,1.4,15.5,80.0,2.2,189.2,23.6,3.92
2006-08-28,259.0,145.0,1.4,14.6,85.0,2.1,179.2,23.6,3.44
2006-08-29,190.0,95.0,1.4,14.1,85.0,2.1,180.7,23.1,2.65
2006-08-30,273.0,152.0,1.3,13.7,83.0,1.8,157.7,22.7,3.67
2006-08-31,266.0,149.0,1.3,13.7,85.0,1.8,155.3,22.4,3.62
2006-09-01,260.0,145.0,1.3,13.6,84.0,1.8,159.3,22.3,3.43
2006-09-02,258.0,146.0,1.3,13.9,81.0,2.2,188.4,22.4,3.47
2006-09-03,248.0,139.0,1.3,14.0,81.0,2.1,185.4,22.6,3.35
2006-09-04,247.0,136.0,1.3,13.5,83.0,2.0,175.6,22.1,3.28
2006-09-05,259.0,145.0,1.3,13.7,84.0,1.9,162.3,21.8,3.51
2006-09-06,259.0,145.0,1.3,13.3,85.0,1.9,161.7,21.9,3.42
2006-09-07,250.0,140.0,1.3,13.4,85.0,1.9,163.3,21.7,3.26
2006-09-08,105.0,41.0,1.3,14.3,82.0,1.8,151.8,21.0,1.68
2006-09-09,233.0,125.0,1.3,15.4,75.0,1.8,155.7,21.1,3.4
2006-09-10,226.0,122.0,1.3,13.8,84.0,2.0,168.7,21.8,2.94
2006-09-11,260.0,137.0,1.3,14.9,79.0,1.8,156.7,21.8,3.85
2006-09-12,255.0,134.0,1.3,15.4,75.0,1.8,154.5,21.5,3.96
2006-09-13,227.0,125.0,1.4,13.8,86.0,1.7,149.9,21.6,3.01
2006-09-14,100.0,39.0,1.4,14.2,84.0,2.1,179.0,20.8,1.57
2006-09-15,246.0,132.0,1.2,13.7,74.0,2.4,208.7,20.1,3.38
2006-09-16,262.0,128.0,0.9,16.9,48.0,2.9,251.5,19.9,5.14
2006-09-17,252.0,121.0,0.8,21.7,30.0,2.8,245.9,20.9,6.44
2006-09-18,207.0,106.0,1.0,16.8,54.0,1.4,124.1,21.0,3.87
2006-09-19,231.0,123.0,1.3,13.3,84.0,1.7,148.3,20.5,3.13
2006-09-20,252.0,124.0,1.3,15.3,72.0,2.0,171.3,20.3,3.88
2006-09-21,245.0,122.0,1.2,17.0,60.0,2.1,178.6,20.4,4.18
2006-09-22,261.0,102.0,1.4,16.0,76.0,2.1,180.0,21.0,2.9
2006-09-23,230.0,118.0,1.4,16.0,77.0,1.8,158.6,20.3,3.61
2006-09-24,233.0,118.0,1.3,15.2,77.0,1.9,162.8,20.3,3.61
2006-09-25,225.0,119.0,1.4,14.5,86.0,1.7,145.5,20.7,3.01
2006-09-26,194.0,101.0,1.3,14.2,83.0,1.9,167.4,21.0,2.56
2006-09-27,208.0,109.0,1.3,14.6,81.0,1.9,163.6,20.8,2.86
2006-09-28,198.0,105.0,1.4,14.5,84.0,1.8,154.9,20.9,2.67
2006-09-29,164.0,79.0,1.3,13.6,85.0,1.9,164.3,20.6,2.13
2006-09-30,122.0,54.0,1.2,13.1,81.0,1.8,158.6,19.8,1.78
2006-10-01,64.0,17.0,1.2,13.2,82.0,1.6,140.9,18.2,0.95
2006-10-02,224.0,112.0,1.1,13.3,72.0,2.0,171.6,17.8,3.47
2006-10-03,196.0,100.0,1.0,12.4,71.0,2.1,177.8,17.6,3.1
2006-10-04,216.0,112.0,1.1,12.7,77.0,1.8,155.0,17.5,3.03
2006-10-05,182.0,95.0,1.2,13.7,79.0,2.5,215.1,18.0,2.62
2006-10-06,214.0,108.0,1.2,13.5,78.0,2.3,198.6,17.6,3.01
2006-10-07,213.0,106.0,1.2,13.8,78.0,2.2,191.6,17.9,2.96
2006-10-08,214.0,104.0,1.2,17.1,61.0,2.0,168.8,18.0,3.92
2006-10-09,211.0,104.0,1.3,13.6,81.0,1.7,146.7,18.0,2.86
2006-10-10,114.0,49.0,1.2,15.0,72.0,2.1,182.6,18.2,2.0
2006-10-11,141.0,70.0,1.1,13.4,73.0,1.6,136.9,17.5,2.41
2006-10-12,173.0,86.0,1.2,14.5,72.0,1.7,145.3,17.5,2.73
2006-10-13,97.0,39.0,1.3,14.2,82.0,1.7,144.8,17.5,1.55
2006-10-14,85.0,25.0,1.2,13.0,83.0,1.6,140.3,17.0,1.24
2006-10-15,146.0,73.0,1.2,12.6,82.0,1.9,167.4,16.6,2.08
2006-10-16,145.0,63.0,1.2,12.1,85.0,2.1,183.5,16.2,1.95
2006-10-17,199.0,93.0,1.1,11.7,79.0,1.8,158.8,15.9,2.73
2006-10-18,203.0,89.0,0.8,14.6,49.0,1.9,166.1,16.0,3.9
2006-10-19,166.0,83.0,0.9,15.4,51.0,1.8,153.4,17.0,3.95
2006-10-20,195.0,84.0,0.9,15.7,51.0,1.6,133.9,16.2,3.66
2006-10-21,191.0,84.0,1.1,14.2,65.0,1.7,144.3,16.1,3.28
2006-10-22,190.0,85.0,1.1,11.8,82.0,1.5,128.9,16.1,2.68
2006-10-23,161.0,64.0,1.1,14.0,69.0,1.3,115.5,15.9,2.64
2006-10-24,173.0,82.0,1.2,12.2,87.0,1.5,129.9,16.4,2.2
2006-10-25,187.0,77.0,0.9,16.3,50.0,2.4,205.5,16.9,3.78
2006-10-26,185.0,70.0,0.5,16.0,29.0,2.1,178.3,16.4,3.96
2006-10-27,187.0,67.0,0.5,18.0,26.0,1.9,165.1,15.9,4.4
2006-10-28,182.0,72.0,0.8,15.5,43.0,1.5,125.3,16.0,3.5
2006-10-29,138.0,63.0,1.2,12.0,85.0,2.0,175.7,16.2,1.8
2006-10-30,152.0,72.0,1.1,12.2,76.0,1.8,156.1,16.2,1.97
2006-10-31,165.0,73.0,1.0,11.2,74.0,1.8,153.7,16.4,2.17
2006-11-01,156.0,70.0,1.1,11.6,80.0,1.5,130.2,15.5,2.19
2006-11-02,89.0,26.0,1.4,14.6,83.0,1.3,115.3,16.3,1.31
2006-11-03,114.0,46.0,1.5,14.4,91.0,1.8,153.0,16.7,1.52
2006-11-04,162.0,65.0,1.2,16.4,66.0,1.9,164.2,17.1,3.01
2006-11-05,162.0,65.0,1.1,19.5,49.0,2.8,244.9,17.0,3.75
2006-11-06,138.0,61.0,1.1,23.8,38.0,3.1,271.1,18.6,4.43
2006-11-07,160.0,62.0,1.2,22.4,45.0,2.1,183.6,18.3,3.92
2006-11-08,154.0,62.0,1.2,15.6,70.0,2.4,211.4,18.2,2.43
2006-11-09,164.0,56.0,0.7,15.2,38.0,3.2,277.3,16.5,3.75
2006-11-10,149.0,50.0,0.7,15.0,41.0,2.6,228.3,15.9,3.38
2006-11-11,57.0,12.0,1.1,10.2,85.0,1.6,140.9,15.2,0.75
2006-11-12,157.0,56.0,0.8,12.8,52.0,2.5,217.9,14.1,2.87
2006-11-13,129.0,49.0,1.1,12.0,79.0,1.9,167.7,14.0,1.93
2006-11-14,97.0,30.0,1.4,13.3,91.0,1.8,154.2,15.7,1.16
2006-11-15,149.0,53.0,1.1,13.2,71.0,1.5,133.0,14.8,2.29
2006-11-16,145.0,54.0,1.2,11.5,86.0,1.5,131.8,14.5,1.89
2006-11-17,121.0,51.0,1.4,14.7,81.0,2.1,183.4,16.1,2.27
2006-11-18,146.0,52.0,1.3,17.7,63.0,1.6,140.5,16.1,2.75
2006-11-19,146.0,51.0,1.2,14.9,71.0,1.6,134.2,16.2,2.35
2006-11-20,128.0,46.0,1.1,12.7,75.0,1.2,101.8,16.0,2.02
2006-11-21,98.0,37.0,1.2,11.5,88.0,1.3,113.0,15.6,1.26
2006-11-22,91.0,32.0,1.2,12.2,85.0,1.4,122.7,15.8,1.31
2006-11-23,136.0,47.0,0.8,14.3,49.0,3.2,275.6,15.5,2.95
2006-11-24,143.0,41.0,0.6,10.8,43.0,2.1,183.8,14.5,2.7
2006-11-25,138.0,44.0,0.8,9.5,64.0,1.9,166.2,13.7,2.12
2006-11-26,117.0,40.0,0.9,9.3,74.0,1.9,160.9,13.1,1.62
2006-11-27,110.0,40.0,1.0,9.9,81.0,1.8,157.6,13.8,1.43
2006-11-28,138.0,39.0,0.6,9.3,52.0,3.3,283.9,12.9,2.53
2006-11-29,138.0,36.0,0.5,8.7,42.0,3.0,263.1,12.1,2.66
2006-11-30,135.0,37.0,0.5,7.9,45.0,1.7,145.4,11.6,2.35
2006-12-01,133.0,38.0,0.4,13.0,30.0,2.6,222.7,11.2,3.27
2006-12-02,135.0,38.0,0.6,13.4,36.0,1.6,139.6,11.6,2.77
2006-12-03,137.0,34.0,0.4,13.4,28.0,1.8,154.7,11.3,2.94
2006-12-04,138.0,27.0,0.3,15.6,18.0,2.9,246.6,11.1,4.22
2006-12-05,138.0,32.0,0.4,10.6,28.0,1.3,109.1,10.3,2.61
2006-12-06,136.0,37.0,0.5,9.0,47.0,1.2,106.1,10.0,2.15
2006-12-07,136.0,37.0,0.6,9.8,48.0,1.1,98.2,10.1,2.19
2006-12-08,100.0,26.0,0.8,11.9,58.0,2.6,227.6,10.3,2.22
2006-12-09,57.0,12.0,1.3,13.1,84.0,3.4,292.3,12.2,1.04
2006-12-10,32.0,-4.0,1.1,10.5,89.0,1.9,165.5,12.1,0.4
2006-12-11,112.0,37.0,0.9,9.3,79.0,1.5,130.6,11.7,1.55
2006-12-12,77.0,29.0,1.1,10.8,83.0,1.4,120.3,11.6,1.19
2006-12-13,109.0,39.0,1.2,13.2,81.0,1.7,150.6,12.7,1.67
2006-12-14,123.0,43.0,1.3,14.7,75.0,2.2,186.3,13.4,2.06
2006-12-15,92.0,29.0,1.1,12.6,76.0,2.1,185.3,13.0,1.43
2006-12-16,62.0,18.0,0.8,9.0,66.0,2.1,178.2,12.3,1.24
2006-12-17,128.0,42.0,0.7,6.8,72.0,1.8,155.5,11.0,1.6
2006-12-18,126.0,37.0,0.6,8.1,52.0,3.3,280.9,10.0,2.25
2006-12-19,129.0,37.0,0.5,4.5,65.0,1.4,116.7,9.2,1.65
2006-12-20,120.0,22.0,0.6,5.3,72.0,1.5,127.0,8.8,1.49
2006-12-21,73.0,17.0,0.7,8.7,58.0,1.5,128.1,8.8,1.39
2006-12-22,123.0,37.0,0.8,9.2,68.0,3.0,259.3,9.9,1.79
2006-12-23,112.0,35.0,0.7,11.4,50.0,2.1,179.1,9.8,2.14
2006-12-24,106.0,22.0,0.8,11.9,59.0,1.3,109.0,10.6,1.8
2006-12-25,119.0,37.0,0.9,10.6,68.0,1.1,94.7,11.0,1.86
2006-12-26,55.0,14.0,1.0,13.1,63.0,1.9,168.4,11.2,1.34
2006-12-27,107.0,39.0,0.9,9.8,72.0,4.7,401.8,11.6,1.78
2006-12-28,132.0,32.0,0.4,8.6,37.0,3.5,302.8,9.6,2.73
2006-12-29,133.0,31.0,0.5,9.5,42.0,1.9,161.4,9.2,2.3
2006-12-30,128.0,37.0,0.7,8.4,60.0,1.5,127.1,9.4,1.97
2006-12-31,72.0,14.0,0.9,8.5,83.0,2.1,182.1,10.0,0.98
2007-01-01,126.0,35.0,0.7,9.6,61.0,2.2,187.7,10.0,2.0
2007-01-02,105.0,30.0,0.8,11.1,58.0,1.5,133.8,10.2,1.83
2007-01-03,129.0,40.0,1.0,9.9,81.0,1.6,138.0,10.8,1.62
2007-01-04,39.0,1.0,1.0,8.8,85.0,2.3,194.6,10.9,0.51
2007-01-05,135.0,33.0,0.4,8.4,39.0,3.6,312.3,9.4,2.64
2007-01-06,133.0,34.0,0.4,9.8,37.0,2.8,240.8,9.0,2.69
2007-01-07,129.0,35.0,0.5,13.2,36.0,3.9,338.4,10.0,3.48
2007-01-08,135.0,31.0,0.5,16.8,24.0,3.3,282.8,10.7,4.43
2007-01-09,136.0,35.0,0.6,13.8,36.0,1.3,111.9,11.9,2.61
2007-01-10,119.0,38.0,0.8,9.2,67.0,1.4,118.0,11.3,1.73
2007-01-11,123.0,35.0,0.6,6.5,59.0,2.7,229.6,10.9,1.86
2007-01-12,139.0,32.0,0.3,4.4,40.0,2.4,211.6,9.1,2.2
2007-01-13,145.0,31.0,0.2,2.9,29.0,2.3,198.8,7.9,2.29
2007-01-14,145.0,36.0,0.3,3.6,38.0,2.4,203.3,7.2,2.21
2007-01-15,146.0,32.0,0.3,7.3,26.0,2.0,174.6,7.6,2.67
2007-01-16,148.0,37.0,0.4,7.9,41.0,2.1,185.7,8.1,2.65
2007-01-17,120.0,34.0,0.6,6.9,61.0,2.4,203.3,8.5,1.89
2007-01-18,146.0,44.0,0.5,7.1,54.0,1.9,159.8,8.2,2.27
2007-01-19,144.0,45.0,0.6,7.4,59.0,1.8,152.1,8.4,2.22
2007-01-20,142.0,49.0,0.7,7.7,64.0,1.8,152.8,8.9,2.11
2007-01-21,148.0,46.0,0.5,8.5,49.0,1.9,165.5,9.1,2.47
2007-01-22,149.0,47.0,0.5,6.6,52.0,1.3,114.8,9.0,2.2
2007-01-23,153.0,49.0,0.6,7.4,56.0,1.3,114.8,9.1,2.29
2007-01-24,152.0,51.0,0.7,8.4,66.0,1.4,121.1,9.3,2.17
2007-01-25,145.0,57.0,1.0,9.1,83.0,1.6,134.0,10.8,1.78
2007-01-26,128.0,48.0,1.0,9.7,80.0,1.8,156.0,11.5,1.59
2007-01-27,64.0,19.0,1.1,10.3,85.0,2.2,187.7,11.7,0.89
2007-01-28,118.0,45.0,1.1,10.3,84.0,1.5,126.6,11.6,1.45
2007-01-29,112.0,49.0,1.1,10.8,85.0,1.4,119.9,12.4,1.47
2007-01-30,61.0,16.0,1.1,10.6,86.0,1.5,131.7,12.2,0.84
2007-01-31,98.0,31.0,0.9,9.5,76.0,1.8,159.8,12.1,1.43
2007-02-01,139.0,49.0,0.8,7.6,79.0,1.8,157.3,11.1,1.71
2007-02-02,155.0,60.0,0.8,7.3,77.0,1.5,133.7,10.6,1.92
2007-02-03,163.0,65.0,0.8,8.2,76.0,1.3,112.3,10.6,2.2
2007-02-04,153.0,58.0,0.8,11.1,60.0,1.2,99.7,11.0,2.42
2007-02-05,132.0,53.0,0.9,11.5,70.0,1.5,127.2,11.6,2.08
2007-02-06,153.0,59.0,1.0,9.6,81.0,1.7,149.0,12.0,1.92
2007-02-07,61.0,13.0,1.1,10.8,87.0,1.2,102.0,12.1,0.75
2007-02-08,51.0,8.0,1.2,12.0,88.0,1.6,139.1,12.7,0.66
2007-02-09,75.0,24.0,1.2,12.8,84.0,1.5,127.6,12.9,1.1
2007-02-10,42.0,2.0,1.4,13.1,91.0,2.4,210.6,13.4,0.5
2007-02-11,119.0,49.0,1.2,12.3,85.0,2.7,234.3,13.8,1.52
2007-02-12,156.0,68.0,1.0,10.4,79.0,1.6,139.4,13.6,1.92
2007-02-13,149.0,57.0,0.9,9.1,78.0,2.3,200.3,12.9,1.94
2007-02-14,181.0,76.0,0.9,10.3,72.0,2.2,186.6,12.2,2.43
2007-02-15,178.0,76.0,0.9,12.2,66.0,2.1,178.9,12.4,2.72
2007-02-16,180.0,75.0,1.0,17.8,49.0,2.9,248.8,13.3,3.88
2007-02-17,186.0,78.0,1.0,17.7,48.0,2.5,218.7,14.3,4.34
2007-02-18,62.0,16.0,1.1,11.1,86.0,1.6,138.0,14.4,0.78
2007-02-19,191.0,82.0,0.9,10.2,73.0,2.0,175.0,14.0,2.59
2007-02-20,189.0,82.0,0.9,7.7,82.0,1.7,149.0,13.2,2.18
2007-02-21,171.0,76.0,0.9,9.6,79.0,1.7,144.1,13.2,2.09
2007-02-22,77.0,18.0,0.9,8.6,83.0,2.8,240.8,13.0,0.93
2007-02-23,206.0,87.0,0.7,7.4,68.0,2.8,243.0,12.0,2.57
2007-02-24,203.0,88.0,0.7,8.1,68.0,1.9,163.6,11.5,2.68
2007-02-25,112.0,45.0,1.0,9.9,83.0,2.8,242.6,12.1,1.52
2007-02-26,112.0,46.0,1.0,10.1,81.0,2.5,213.8,12.1,1.62
2007-02-27,217.0,95.0,0.8,8.1,74.0,2.8,238.2,12.3,2.47
2007-02-28,184.0,75.0,0.7,6.8,75.0,2.2,190.3,11.7,2.12
2007-03-01,210.0,96.0,0.7,8.4,64.0,3.0,257.9,11.3,2.73
2007-03-02,213.0,97.0,0.8,10.3,62.0,3.1,265.0,11.4,3.06
2007-03-03,210.0,96.0,0.7,13.9,44.0,3.1,270.4,12.1,4.07
2007-03-04,184.0,81.0,0.7,13.1,44.0,1.7,151.0,12.5,3.46
2007-03-05,178.0,80.0,0.9,11.8,62.0,1.5,132.6,12.7,2.86
2007-03-06,218.0,105.0,1.0,10.3,82.0,1.7,146.4,12.8,2.84
2007-03-07,169.0,86.0,1.1,11.0,86.0,2.0,172.4,13.6,2.0
2007-03-08,212.0,102.0,1.0,10.8,80.0,2.1,183.5,13.9,2.67
2007-03-09,203.0,102.0,1.1,10.6,83.0,2.1,184.4,14.0,2.44
2007-03-10,218.0,100.0,0.8,16.7,43.0,2.9,249.7,14.1,4.72
2007-03-11,225.0,106.0,1.0,20.5,41.0,3.7,317.1,15.3,5.64
2007-03-12,235.0,106.0,0.9,19.6,38.0,2.0,173.4,16.1,5.27
2007-03-13,232.0,113.0,1.2,14.9,70.0,1.7,147.7,16.3,3.66
2007-03-14,208.0,113.0,1.2,10.8,90.0,1.7,148.1,16.5,2.41
2007-03-15,236.0,116.0,1.1,12.2,75.0,1.7,146.0,15.9,3.52
2007-03-16,228.0,120.0,1.2,10.8,90.0,1.5,131.9,15.8,2.76
2007-03-17,85.0,30.0,1.1,10.0,92.0,1.6,138.9,15.7,0.94
2007-03-18,204.0,105.0,1.2,11.7,84.0,1.8,158.5,15.6,2.53
2007-03-19,207.0,116.0,1.2,11.5,86.0,1.8,153.9,16.2,2.46
2007-03-20,59.0,10.0,1.2,11.1,88.0,1.9,167.0,15.8,0.64
2007-03-21,141.0,66.0,1.0,10.0,79.0,1.9,168.2,15.0,1.89
2007-03-22,242.0,120.0,1.0,13.6,61.0,1.8,154.2,14.8,3.8
2007-03-23,242.0,129.0,1.1,11.4,84.0,1.9,164.5,15.6,2.92
2007-03-24,73.0,22.0,1.1,11.6,83.0,1.9,168.4,15.6,1.07
2007-03-25,220.0,118.0,1.2,12.2,84.0,2.1,178.8,15.9,2.67
2007-03-26,159.0,85.0,1.2,10.7,90.0,2.1,177.6,16.4,1.84
2007-03-27,254.0,129.0,0.8,7.8,74.0,3.8,326.6,15.1,3.01
2007-03-28,267.0,134.0,0.8,8.6,68.0,2.3,196.2,13.9,3.47
2007-03-29,273.0,131.0,0.7,12.7,50.0,2.0,176.7,14.7,4.48
2007-03-30,267.0,136.0,0.9,11.3,64.0,1.6,136.1,15.5,3.99
2007-03-31,255.0,138.0,1.1,10.4,85.0,1.8,159.0,16.4,3.08
2007-04-01,259.0,141.0,1.1,10.5,85.0,2.1,185.4,16.9,3.18
2007-04-02,255.0,139.0,1.0,11.0,80.0,1.9,164.5,17.1,3.38
2007-04-03,267.0,141.0,1.1,11.3,79.0,1.7,150.7,17.0,3.6
2007-04-04,143.0,67.0,1.1,12.0,79.0,1.8,159.2,16.7,2.21
2007-04-05,193.0,104.0,1.2,12.1,84.0,1.9,163.3,16.7,2.6
2007-04-06,153.0,79.0,1.1,10.7,89.0,2.2,192.2,16.9,1.74
2007-04-07,239.0,138.0,1.3,12.2,88.0,2.4,207.1,17.3,2.89
2007-04-08,255.0,145.0,1.1,11.9,82.0,2.1,179.7,18.0,3.21
2007-04-09,279.0,152.0,1.1,11.2,79.0,2.5,214.2,17.9,3.43
2007-04-10,283.0,149.0,0.9,12.9,58.0,2.3,198.1,17.4,4.51
2007-04-11,181.0,87.0,1.0,9.8,81.0,2.5,214.3,16.7,2.32
2007-04-12,292.0,156.0,0.7,9.5,63.0,3.8,331.3,15.6,3.94
2007-04-13,292.0,156.0,0.8,10.9,63.0,2.2,191.2,15.8,4.26
2007-04-14,127.0,51.0,1.0,9.3,85.0,2.2,189.7,15.8,1.55
2007-04-15,264.0,145.0,0.9,8.7,79.0,2.5,213.1,15.2,3.03
2007-04-16,295.0,161.0,1.0,11.3,71.0,2.1,178.0,16.0,4.07
2007-04-17,255.0,143.0,1.0,9.6,80.0,3.0,262.7,16.7,3.0
2007-04-18,303.0,162.0,0.7,8.9,62.0,3.8,329.9,15.7,3.91
2007-04-19,206.0,72.0,0.8,9.2,71.0,2.3,201.7,14.5,2.05
2007-04-20,194.0,99.0,0.9,8.9,80.0,2.6,222.7,14.2,2.33
2007-04-21,267.0,152.0,1.0,9.5,81.0,2.0,169.0,14.3,3.19
2007-04-22,167.0,82.0,1.1,10.6,84.0,2.7,233.0,15.1,1.95
2007-04-23,305.0,168.0,1.0,10.7,76.0,2.3,201.2,15.2,3.78
2007-04-24,307.0,169.0,1.1,11.9,76.0,2.3,199.6,16.4,4.06
2007-04-25,302.0,168.0,1.0,10.3,83.0,2.5,218.2,16.7,3.39
2007-04-26,291.0,161.0,1.0,11.2,76.0,2.2,190.8,16.7,3.9
2007-04-27,308.0,171.0,1.1,15.6,63.0,1.7,146.1,17.7,5.24
2007-04-28,306.0,171.0,1.1,14.1,70.0,1.7,143.5,18.8,4.8
2007-04-29,278.0,159.0,1.1,11.1,85.0,1.9,162.3,19.1,3.42
2007-04-30,297.0,172.0,1.1,11.6,81.0,1.9,164.3,19.2,3.82
2007-05-01,311.0,172.0,1.1,11.8,79.0,2.0,175.8,18.9,4.02
2007-05-02,235.0,125.0,1.1,11.4,85.0,2.6,222.6,18.9,2.83
2007-05-03,303.0,167.0,0.9,10.2,69.0,3.3,282.0,17.4,3.99
2007-05-04,199.0,103.0,1.1,10.6,85.0,2.3,201.2,17.2,2.37
2007-05-05,313.0,170.0,0.9,11.0,72.0,2.4,205.6,17.0,4.0
2007-05-06,324.0,165.0,0.7,15.5,39.0,1.9,162.2,17.8,5.87
2007-05-07,328.0,168.0,0.8,17.6,39.0,1.9,161.9,19.0,6.37
2007-05-08,322.0,174.0,1.0,16.6,55.0,1.8,153.7,19.8,5.61
2007-05-09,302.0,171.0,1.2,11.5,85.0,1.8,154.8,19.9,3.74
2007-05-10,307.0,174.0,1.1,12.1,81.0,2.1,178.0,20.1,3.84
2007-05-11,272.0,152.0,1.1,11.6,79.0,2.2,190.3,20.3,3.26
2007-05-12,322.0,178.0,1.0,11.7,74.0,2.4,203.0,20.2,4.02
2007-05-13,316.0,179.0,1.1,11.2,80.0,2.3,197.1,20.0,3.86
2007-05-14,313.0,176.0,1.1,10.6,83.0,2.4,205.8,19.4,3.63
2007-05-15,229.0,130.0,1.1,11.3,83.0,2.2,193.9,19.9,2.75
2007-05-16,299.0,172.0,1.1,11.6,80.0,2.0,173.9,20.0,3.68
2007-05-17,318.0,180.0,1.1,12.0,77.0,2.6,226.5,19.8,4.15
2007-05-18,318.0,178.0,1.1,11.8,76.0,2.6,227.3,19.6,4.1
2007-05-19,322.0,180.0,1.1,13.3,71.0,3.0,255.9,19.4,4.18
2007-05-20,325.0,179.0,1.0,12.2,68.0,2.7,236.8,19.2,4.62
2007-05-21,307.0,177.0,1.1,11.6,82.0,2.4,206.4,19.8,3.61
2007-05-22,330.0,184.0,1.0,12.0,74.0,2.2,193.4,19.9,4.53
2007-05-23,319.0,184.0,1.2,12.7,79.0,2.5,218.2,20.2,4.11
2007-05-24,300.0,125.0,1.1,11.8,83.0,1.8,156.8,20.7,2.67
2007-05-25,293.0,170.0,1.1,11.7,83.0,2.0,176.9,20.7,3.57
2007-05-26,244.0,139.0,1.2,11.8,84.0,2.2,193.6,20.7,2.92
2007-05-27,279.0,164.0,1.1,12.0,81.0,2.2,188.4,20.6,3.47
2007-05-28,279.0,158.0,1.1,11.9,80.0,2.1,180.7,20.7,3.38
2007-05-29,206.0,109.0,1.1,12.4,77.0,2.1,177.3,20.4,2.78
2007-05-30,237.0,134.0,1.1,12.5,76.0,2.3,197.6,20.1,3.09
2007-05-31,303.0,178.0,1.1,12.7,77.0,2.8,238.3,20.3,3.84
2007-06-01,197.0,104.0,1.2,12.1,83.0,2.1,184.6,20.2,2.49
2007-06-02,269.0,153.0,1.2,12.3,83.0,2.1,179.9,20.1,3.27
2007-06-03,299.0,179.0,1.2,12.5,83.0,2.1,179.5,21.0,3.63
2007-06-04,281.0,166.0,1.3,12.8,86.0,2.4,203.2,21.3,3.39
2007-06-05,223.0,120.0,1.2,12.7,82.0,2.7,237.2,20.9,2.85
2007-06-06,343.0,189.0,1.0,11.5,70.0,3.4,291.1,19.7,4.45
2007-06-07,341.0,190.0,1.0,11.9,75.0,2.8,241.1,19.5,4.39
2007-06-08,331.0,189.0,1.1,11.5,79.0,2.4,205.1,19.8,4.09
2007-06-09,333.0,190.0,1.1,12.9,76.0,2.2,189.6,20.4,4.44
2007-06-10,330.0,186.0,1.1,13.4,74.0,2.0,175.1,20.7,4.67
2007-06-11,317.0,183.0,1.1,12.9,77.0,2.3,199.5,20.9,4.19
2007-06-12,338.0,189.0,1.1,14.9,67.0,1.9,161.5,21.2,5.23
2007-06-13,332.0,187.0,1.2,16.6,63.0,1.7,146.0,21.9,5.54
2007-06-14,329.0,187.0,1.3,16.7,69.0,1.8,158.8,22.5,5.18
2007-06-15,334.0,190.0,1.4,14.9,80.0,2.0,171.8,22.6,4.56
2007-06-16,263.0,153.0,1.3,12.9,86.0,2.2,187.1,22.4,3.22
2007-06-17,292.0,165.0,1.2,12.7,81.0,2.0,176.0,21.9,3.7
2007-06-18,316.0,183.0,1.2,13.3,80.0,2.0,175.1,22.1,4.1
2007-06-19,272.0,154.0,1.3,14.1,80.0,2.4,210.3,22.0,3.6
2007-06-20,327.0,188.0,1.2,14.3,75.0,2.2,188.9,21.8,4.41
2007-06-21,340.0,193.0,1.2,14.5,74.0,2.4,209.3,21.9,4.87
2007-06-22,345.0,189.0,1.1,15.4,64.0,2.4,205.7,21.7,5.49
2007-06-23,341.0,190.0,1.1,13.8,72.0,2.1,184.4,21.8,4.91
2007-06-24,347.0,192.0,1.1,12.7,72.0,2.5,219.3,21.3,4.84
2007-06-25,342.0,191.0,1.1,13.2,73.0,2.0,175.0,21.1,4.77
2007-06-26,341.0,191.0,1.2,13.3,77.0,2.4,204.5,21.4,4.59
2007-06-27,333.0,192.0,1.2,13.2,78.0,2.1,177.7,21.7,4.41
2007-06-28,343.0,192.0,1.2,14.2,76.0,2.3,198.2,21.7,4.69
2007-06-29,337.0,190.0,1.3,14.6,77.0,2.4,207.4,21.9,4.81
2007-06-30,339.0,190.0,1.2,13.7,78.0,2.4,204.2,22.1,4.55
2007-07-01,344.0,195.0,1.1,13.9,71.0,2.2,192.5,21.9,4.97
2007-07-02,347.0,190.0,1.1,18.0,52.0,2.0,172.5,22.2,6.29
2007-07-03,343.0,192.0,1.2,16.1,68.0,2.6,220.8,22.6,5.09
2007-07-04,338.0,193.0,1.3,14.5,76.0,2.0,171.7,22.3,4.71
2007-07-05,321.0,189.0,1.3,13.9,80.0,2.0,170.2,22.4,4.36
2007-07-06,317.0,185.0,1.3,13.9,82.0,2.1,178.4,22.6,4.28
2007-07-07,284.0,163.0,1.3,13.3,84.0,2.5,216.5,22.5,3.53
2007-07-08,292.0,169.0,1.2,13.5,80.0,1.9,161.8,22.3,3.82
2007-07-09,268.0,151.0,1.3,14.8,78.0,2.1,182.4,22.4,3.85
2007-07-10,89.0,29.0,1.4,15.3,80.0,1.9,166.8,21.5,1.35
2007-07-11,280.0,160.0,1.3,15.8,74.0,2.1,185.6,21.3,4.14
2007-07-12,327.0,185.0,1.2,15.0,73.0,2.4,203.8,21.9,4.83
2007-07-13,319.0,183.0,1.3,15.7,75.0,2.1,180.3,22.3,4.81
2007-07-14,299.0,177.0,1.4,14.7,84.0,2.2,189.2,23.3,3.97
2007-07-15,312.0,181.0,1.4,15.7,77.0,2.0,171.6,23.7,4.58
2007-07-16,299.0,177.0,1.4,14.5,82.0,2.3,194.7,23.7,3.94
2007-07-17,308.0,184.0,1.4,15.3,81.0,2.4,204.1,23.4,4.19
2007-07-18,310.0,182.0,1.5,16.5,82.0,2.6,227.5,23.4,4.45
2007-07-19,321.0,183.0,1.4,16.2,74.0,2.2,193.5,23.3,4.77
2007-07-20,325.0,184.0,1.3,16.0,74.0,2.1,183.9,22.9,4.87
2007-07-21,322.0,182.0,1.4,18.4,67.0,2.1,178.2,23.1,5.27
2007-07-22,317.0,184.0,1.4,16.9,74.0,2.0,174.1,23.3,4.97
2007-07-23,121.0,51.0,1.4,16.4,78.0,1.6,141.9,22.3,2.19
2007-07-24,289.0,165.0,1.4,16.2,78.0,2.2,188.8,22.1,4.23
2007-07-25,304.0,178.0,1.4,15.5,79.0,2.3,194.8,22.6,4.35
2007-07-26,303.0,177.0,1.4,15.2,79.0,2.3,194.6,22.9,4.3
2007-07-27,305.0,177.0,1.3,14.5,81.0,2.0,175.8,22.8,4.15
2007-07-28,300.0,174.0,1.3,14.4,82.0,1.9,165.5,22.9,4.06
2007-07-29,310.0,181.0,1.3,14.6,80.0,2.0,175.6,23.0,4.37
2007-07-30,300.0,175.0,1.3,14.0,83.0,2.0,173.1,22.9,3.99
2007-07-31,302.0,176.0,1.3,14.3,81.0,2.0,176.4,22.9,4.11
2007-08-01,296.0,172.0,1.3,14.1,82.0,2.0,170.4,22.8,3.91
2007-08-02,290.0,169.0,1.4,14.8,81.0,1.9,168.3,22.8,3.91
2007-08-03,294.0,171.0,1.4,14.7,82.0,2.0,168.5,22.8,3.96
2007-08-04,306.0,175.0,1.4,15.3,80.0,2.3,194.6,23.0,4.29
2007-08-05,206.0,111.0,1.4,14.3,83.0,2.0,174.2,22.4,2.72
2007-08-06,267.0,152.0,1.3,15.2,73.0,2.4,210.2,21.8,3.88
2007-08-07,308.0,173.0,1.2,14.7,74.0,2.1,185.7,21.3,4.43
2007-08-08,296.0,171.0,1.3,14.5,79.0,2.3,199.0,21.2,4.04
2007-08-09,263.0,152.0,1.3,14.6,81.0,2.1,183.2,21.1,3.68
2007-08-10,285.0,166.0,1.4,14.7,82.0,1.9,167.4,21.5,3.84
2007-08-11,277.0,159.0,1.3,14.6,79.0,2.2,186.6,21.6,3.85
2007-08-12,303.0,169.0,1.3,14.9,75.0,1.6,140.9,21.3,4.44
2007-08-13,297.0,166.0,1.3,15.6,71.0,2.0,168.8,21.2,4.71
2007-08-14,296.0,166.0,1.3,15.1,75.0,2.0,170.3,21.0,4.34
2007-08-15,286.0,165.0,1.3,13.9,82.0,2.1,181.1,21.0,3.81
2007-08-16,295.0,167.0,1.2,16.7,65.0,2.5,215.5,20.8,4.93
2007-08-17,304.0,164.0,1.2,17.5,58.0,2.3,200.1,20.7,5.23
2007-08-18,295.0,161.0,1.2,16.4,65.0,2.1,178.8,20.6,4.77
2007-08-19,298.0,165.0,1.3,15.0,73.0,1.8,152.1,20.6,4.56
2007-08-20,293.0,160.0,1.3,15.8,72.0,1.8,155.6,20.5,4.82
2007-08-21,293.0,161.0,1.4,15.8,76.0,1.9,160.4,20.8,4.53
2007-08-22,280.0,159.0,1.4,15.0,82.0,2.1,179.7,21.0,3.74
2007-08-23,251.0,138.0,1.3,14.3,82.0,2.3,198.3,21.2,3.36
2007-08-24,262.0,146.0,1.4,15.2,78.0,1.7,148.1,21.1,3.73
2007-08-25,286.0,157.0,1.4,16.1,75.0,1.7,145.9,20.9,4.27
2007-08-26,171.0,87.0,1.4,16.0,77.0,1.7,143.1,20.8,2.75
2007-08-27,273.0,149.0,1.4,16.5,76.0,1.7,144.7,20.6,4.12
2007-08-28,274.0,151.0,1.5,16.7,77.0,1.7,144.5,21.2,4.2
2007-08-29,270.0,152.0,1.5,16.4,79.0,1.9,167.1,21.5,4.13
2007-08-30,244.0,136.0,1.7,18.8,77.0,2.0,173.1,21.8,4.08
2007-08-31,265.0,149.0,1.6,17.7,79.0,1.7,150.9,22.1,4.21
2007-09-01,265.0,150.0,1.5,18.7,70.0,1.8,157.6,22.2,4.75
2007-09-02,273.0,145.0,1.1,24.8,36.0,2.2,189.7,22.5,6.48
2007-09-03,271.0,152.0,1.3,15.6,76.0,2.0,169.9,22.0,4.07
2007-09-04,274.0,149.0,1.3,15.7,75.0,2.3,201.1,21.1,4.39
2007-09-05,255.0,143.0,1.3,14.6,77.0,1.5,129.1,20.6,3.7
2007-09-06,239.0,138.0,1.4,15.4,81.0,2.1,181.3,20.4,3.34
2007-09-07,229.0,127.0,1.4,16.9,74.0,1.8,156.2,20.9,3.51
2007-09-08,262.0,138.0,1.3,15.1,76.0,1.9,162.2,20.5,3.9
2007-09-09,265.0,139.0,1.3,15.4,75.0,1.9,161.1,20.3,3.95
2007-09-10,263.0,138.0,1.4,15.2,78.0,2.0,171.2,20.0,3.78
2007-09-11,200.0,102.0,1.4,15.1,84.0,2.0,169.3,20.2,2.71
2007-09-12,214.0,113.0,1.4,15.7,79.0,2.4,210.8,20.2,3.12
2007-09-13,259.0,133.0,1.3,16.6,67.0,3.0,257.2,19.9,4.56
2007-09-14,256.0,133.0,1.4,16.4,75.0,2.5,214.5,19.6,4.11
2007-09-15,249.0,130.0,1.4,15.5,78.0,2.0,170.6,19.7,3.72
2007-09-16,250.0,129.0,1.3,14.6,78.0,2.4,207.3,19.7,3.54
2007-09-17,246.0,127.0,1.3,14.4,80.0,2.0,171.7,19.2,3.52
2007-09-18,213.0,112.0,1.3,14.1,81.0,2.0,175.0,19.5,2.79
2007-09-19,164.0,71.0,1.2,13.5,76.0,3.1,265.2,19.2,2.47
2007-09-20,192.0,88.0,1.0,13.0,67.0,2.0,168.6,18.3,3.02
2007-09-21,177.0,86.0,1.0,14.2,62.0,1.9,160.9,18.0,3.23
2007-09-22,223.0,116.0,1.1,14.5,66.0,2.0,170.9,18.1,3.5
2007-09-23,204.0,104.0,1.1,13.6,72.0,1.8,157.7,18.0,3.2
2007-09-24,237.0,117.0,1.2,16.4,63.0,2.2,187.3,18.1,4.28
2007-09-25,232.0,112.0,1.1,20.8,43.0,2.5,214.5,18.6,5.16
2007-09-26,233.0,110.0,1.0,21.1,40.0,2.4,209.9,19.0,5.31
2007-09-27,209.0,101.0,1.2,15.0,73.0,1.8,157.4,18.9,3.07
2007-09-28,199.0,99.0,1.3,14.9,74.0,2.0,172.9,19.2,2.95
2007-09-29,229.0,111.0,1.1,14.3,68.0,2.2,187.5,19.0,3.68
2007-09-30,226.0,107.0,1.0,15.8,55.0,1.8,151.5,18.4,3.93
2007-10-01,224.0,112.0,1.2,14.0,72.0,2.2,188.4,18.1,3.49
2007-10-02,224.0,109.0,1.1,19.6,47.0,2.5,218.4,18.4,4.87
2007-10-03,218.0,109.0,1.2,14.4,74.0,1.8,156.0,18.4,3.33
2007-10-04,220.0,109.0,1.1,11.9,77.0,2.3,202.6,17.9,3.06
2007-10-05,215.0,105.0,0.9,10.1,74.0,2.8,245.8,17.0,2.81
2007-10-06,220.0,105.0,0.8,11.3,62.0,2.1,179.5,16.1,3.46
2007-10-07,222.0,99.0,0.7,17.0,36.0,2.1,183.4,16.1,4.65
2007-10-08,221.0,97.0,0.6,17.0,33.0,1.7,143.3,16.4,4.45
2007-10-09,215.0,96.0,1.0,11.4,76.0,2.0,175.3,16.4,2.76
2007-10-10,200.0,96.0,1.2,13.4,81.0,2.4,203.6,16.6,2.61
2007-10-11,207.0,99.0,1.1,13.6,72.0,2.1,183.0,16.6,3.01
2007-10-12,71.0,19.0,1.3,13.7,85.0,2.1,182.9,16.5,1.11
2007-10-13,187.0,90.0,1.3,14.7,80.0,1.8,156.0,16.9,2.69
2007-10-14,198.0,97.0,1.2,12.8,82.0,1.8,157.0,16.8,2.59
2007-10-15,137.0,67.0,1.3,13.0,85.0,1.8,159.6,17.0,1.8
2007-10-16,188.0,93.0,1.2,13.8,76.0,2.6,228.7,16.9,2.78
2007-10-17,192.0,91.0,1.3,14.1,79.0,2.8,245.2,16.9,2.76
2007-10-18,194.0,89.0,1.0,15.3,58.0,2.1,181.6,16.6,3.53
2007-10-19,192.0,86.0,1.2,16.3,65.0,2.1,182.7,16.7,3.35
2007-10-20,177.0,81.0,1.0,15.4,59.0,2.6,226.5,16.8,3.5
2007-10-21,195.0,76.0,0.6,17.7,30.0,4.6,398.4,16.1,5.76
2007-10-22,179.0,70.0,0.5,21.2,20.0,3.0,258.3,16.0,5.18
2007-10-23,192.0,69.0,0.6,24.6,19.0,2.6,225.9,16.4,5.84
2007-10-24,184.0,69.0,0.6,22.7,23.0,1.8,157.9,17.0,4.77
2007-10-25,162.0,75.0,1.1,12.0,77.0,1.5,131.3,16.6,2.13
2007-10-26,131.0,55.0,1.1,10.6,87.0,1.5,128.9,16.5,1.55
2007-10-27,66.0,17.0,1.2,12.7,84.0,1.1,98.2,16.0,0.95
2007-10-28,165.0,74.0,1.3,13.8,82.0,1.2,104.8,16.2,2.42
2007-10-29,116.0,46.0,1.3,13.0,87.0,1.6,137.5,16.3,1.45
2007-10-30,149.0,65.0,1.2,13.2,79.0,1.9,164.2,16.4,2.17
2007-10-31,168.0,72.0,1.2,14.0,77.0,2.3,195.9,16.2,2.52
2007-11-01,166.0,71.0,1.2,12.8,81.0,1.8,156.8,16.3,2.39
2007-11-02,166.0,66.0,1.0,19.3,46.0,2.0,175.6,16.4,3.69
2007-11-03,163.0,64.0,1.0,19.8,43.0,2.5,217.5,16.6,4.6
2007-11-04,163.0,68.0,1.1,11.5,80.0,1.5,130.6,16.1,2.07
2007-11-05,116.0,45.0,1.1,10.1,89.0,1.4,124.8,15.9,1.28
2007-11-06,137.0,59.0,1.1,11.2,85.0,1.5,130.1,15.8,1.69
2007-11-07,118.0,47.0,1.2,11.8,84.0,1.5,125.6,16.0,1.46
2007-11-08,45.0,2.0,1.1,10.9,84.0,1.2,102.2,15.8,0.54
2007-11-09,89.0,28.0,1.1,13.1,74.0,1.8,153.6,15.5,1.61
2007-11-10,148.0,58.0,1.1,11.8,78.0,1.5,125.8,15.1,2.09
2007-11-11,97.0,32.0,1.2,12.8,83.0,2.0,173.1,15.5,1.31
2007-11-12,156.0,53.0,0.8,15.5,46.0,2.3,197.5,15.1,3.45
2007-11-13,150.0,50.0,0.9,20.3,38.0,3.4,290.7,15.1,4.39
2007-11-14,150.0,52.0,1.1,20.5,47.0,2.7,231.2,16.0,3.7
2007-11-15,150.0,54.0,1.2,15.5,66.0,1.7,147.2,16.1,2.67
2007-11-16,102.0,41.0,1.2,11.5,92.0,1.8,157.5,16.1,1.14
2007-11-17,141.0,53.0,1.2,13.0,82.0,1.6,141.0,16.0,2.08
2007-11-18,148.0,51.0,1.0,13.3,68.0,1.5,130.4,15.7,2.53
2007-11-19,145.0,52.0,1.2,13.6,75.0,1.5,131.7,15.4,2.29
2007-11-20,142.0,47.0,1.0,16.2,54.0,3.3,283.0,15.4,3.1
2007-11-21,141.0,45.0,0.7,12.1,51.0,1.9,164.2,14.6,2.64
2007-11-22,144.0,48.0,0.8,8.9,73.0,1.4,122.1,13.7,1.98
2007-11-23,146.0,41.0,0.5,12.0,39.0,2.2,193.6,13.0,3.08
2007-11-24,137.0,41.0,0.6,11.3,42.0,1.7,145.8,12.3,2.69
2007-11-25,79.0,21.0,0.8,8.8,70.0,1.2,106.6,12.0,1.28
2007-11-26,138.0,40.0,0.6,10.2,47.0,1.4,124.2,11.7,2.42
2007-11-27,128.0,36.0,0.6,13.6,35.0,2.5,216.8,11.6,2.96
2007-11-28,132.0,35.0,0.5,15.3,28.0,3.7,318.9,12.1,4.11
2007-11-29,135.0,34.0,0.6,10.6,49.0,1.4,124.7,11.9,2.36
2007-11-30,102.0,24.0,0.7,9.6,56.0,2.4,207.1,11.6,2.04
2007-12-01,132.0,43.0,0.7,6.1,69.0,1.7,150.8,10.8,1.69
2007-12-02,132.0,42.0,0.8,8.2,70.0,1.8,152.3,10.4,1.95
2007-12-03,135.0,44.0,0.8,8.5,70.0,1.5,129.6,10.5,2.0
2007-12-04,125.0,41.0,1.0,14.2,60.0,1.8,156.7,10.9,2.41
2007-12-05,126.0,42.0,1.2,17.0,60.0,2.6,224.6,12.6,2.7
2007-12-06,88.0,32.0,1.1,11.7,78.0,2.5,216.9,12.8,1.3
2007-12-07,81.0,26.0,1.0,9.9,81.0,5.3,455.1,12.9,1.32
2007-12-08,105.0,41.0,0.7,6.4,75.0,2.8,241.9,11.7,1.5
2007-12-09,131.0,39.0,0.6,8.1,58.0,2.1,184.7,10.8,2.02
2007-12-10,129.0,38.0,0.6,8.7,57.0,1.9,167.4,10.7,1.91
2007-12-11,96.0,35.0,0.4,12.7,30.0,3.5,304.9,10.3,2.78
2007-12-12,136.0,35.0,0.5,9.7,42.0,2.1,182.9,10.0,2.42
2007-12-13,130.0,40.0,0.5,10.4,39.0,2.1,181.8,9.8,2.48
2007-12-14,129.0,38.0,0.6,9.1,50.0,1.7,149.6,9.7,2.15
2007-12-15,131.0,40.0,0.7,6.2,78.0,1.2,100.1,9.5,1.58
2007-12-16,134.0,40.0,0.8,6.3,79.0,1.1,97.6,9.3,1.57
2007-12-17,45.0,2.0,1.0,9.7,84.0,1.6,136.6,9.7,0.6
2007-12-18,10.0,-17.0,1.3,12.4,91.0,2.6,227.8,11.2,0.09
2007-12-19,118.0,42.0,1.1,9.9,86.0,1.3,110.7,11.9,1.38
2007-12-20,75.0,14.0,0.9,8.7,81.0,2.4,208.5,11.4,0.95
2007-12-21,130.0,40.0,0.6,7.2,58.0,2.0,169.7,10.2,1.81
2007-12-22,130.0,36.0,0.5,8.4,49.0,1.8,156.9,9.4,2.15
2007-12-23,120.0,30.0,0.5,12.9,33.0,3.9,337.1,9.6,3.48
2007-12-24,125.0,42.0,0.8,13.3,55.0,3.1,270.0,10.3,2.54
2007-12-25,134.0,31.0,0.4,9.1,36.0,2.8,242.9,9.9,2.63
2007-12-26,132.0,34.0,0.5,8.9,44.0,3.2,277.9,9.3,2.62
2007-12-27,121.0,36.0,0.4,5.5,40.0,1.8,154.5,8.6,1.96
2007-12-28,42.0,4.0,0.6,6.7,65.0,1.6,135.1,8.6,0.89
2007-12-29,107.0,35.0,0.9,8.8,84.0,1.5,131.7,9.2,1.32
2007-12-30,122.0,33.0,1.0,11.3,72.0,2.8,245.8,10.4,1.96
2007-12-31,137.0,35.0,0.6,10.9,46.0,3.4,294.2,10.5,2.89
2008-01-01,125.0,33.0,0.6,9.6,47.0,1.1,91.4,9.9,2.1
2008-01-02,127.0,34.0,0.5,8.9,47.0,1.2,104.5,9.5,2.13
2008-01-03,86.0,22.0,0.9,10.4,73.0,1.9,162.3,9.8,1.4
2008-01-04,9.0,-20.0,1.1,12.0,82.0,6.1,525.6,11.1,0.47
2008-01-05,78.0,25.0,1.1,11.3,84.0,2.9,248.4,11.6,1.14
2008-01-06,61.0,16.0,0.9,9.1,79.0,2.1,182.0,11.3,0.84
2008-01-07,108.0,29.0,0.8,8.4,74.0,2.0,169.3,10.7,1.4
2008-01-08,66.0,20.0,0.8,8.2,77.0,1.6,133.9,10.2,0.94
2008-01-09,131.0,29.0,0.9,10.3,72.0,1.6,142.2,10.7,1.74
2008-01-10,132.0,42.0,0.9,11.0,72.0,1.7,150.1,10.8,1.88
2008-01-11,141.0,42.0,1.0,12.5,67.0,1.9,159.8,11.4,2.27
2008-01-12,134.0,44.0,0.8,11.6,58.0,2.5,216.3,11.1,2.49
2008-01-13,143.0,41.0,0.8,13.2,50.0,2.7,233.8,11.2,2.61
2008-01-14,146.0,44.0,0.8,10.0,64.0,1.1,96.9,11.0,2.09
2008-01-15,142.0,45.0,0.9,9.7,72.0,2.0,173.7,10.9,2.07
2008-01-16,124.0,35.0,0.6,10.2,46.0,4.0,349.2,10.5,2.78
2008-01-17,144.0,46.0,0.6,7.1,61.0,1.5,129.9,9.7,2.06
2008-01-18,146.0,46.0,0.6,7.5,57.0,1.4,117.8,9.5,2.22
2008-01-19,149.0,47.0,0.6,8.0,60.0,1.2,101.2,9.4,2.19
2008-01-20,66.0,9.0,0.7,6.2,76.0,1.8,157.9,9.2,0.87
2008-01-21,115.0,21.0,0.8,7.2,76.0,2.3,202.3,9.0,1.51
2008-01-22,35.0,-1.0,1.0,9.0,84.0,3.3,287.0,9.7,0.5
2008-01-23,11.0,-19.0,0.9,6.5,89.0,1.7,150.9,9.7,0.05
2008-01-24,25.0,-10.0,0.8,6.8,83.0,3.9,333.9,8.6,0.44
2008-01-25,45.0,6.0,1.0,11.8,74.0,6.0,517.5,9.3,1.37
2008-01-26,146.0,53.0,0.9,14.1,57.0,4.8,411.3,10.3,3.25
2008-01-27,62.0,14.0,1.1,11.4,81.0,5.6,485.2,11.2,1.16
2008-01-28,108.0,46.0,0.8,8.0,73.0,3.0,260.6,10.9,1.47
2008-01-29,155.0,55.0,0.7,6.6,71.0,1.7,145.7,9.7,1.87
2008-01-30,155.0,57.0,0.7,8.4,62.0,2.5,212.8,9.8,2.28
2008-01-31,154.0,58.0,0.7,8.5,64.0,2.1,180.1,9.4,2.17
2008-02-01,160.0,67.0,0.8,9.1,72.0,2.6,223.1,10.2,2.12
2008-02-02,153.0,60.0,0.7,8.7,66.0,3.0,262.1,9.8,2.12
2008-02-03,106.0,43.0,1.0,9.1,84.0,4.5,384.7,10.5,1.35
2008-02-04,173.0,62.0,0.7,7.8,64.0,2.4,203.4,9.8,2.29
2008-02-05,174.0,64.0,0.6,7.5,56.0,1.8,155.9,9.3,2.45
2008-02-06,170.0,61.0,0.8,8.1,72.0,1.8,154.1,9.3,2.2
2008-02-07,173.0,66.0,0.8,11.8,60.0,2.6,223.6,10.0,2.86
2008-02-08,175.0,67.0,0.8,15.3,43.0,3.7,315.4,10.8,3.8
2008-02-09,182.0,67.0,0.8,13.8,49.0,1.3,111.1,11.3,3.06
2008-02-10,182.0,68.0,0.8,14.5,49.0,1.4,123.1,11.8,3.3
2008-02-11,173.0,65.0,0.7,17.1,38.0,1.9,160.1,12.3,3.61
2008-02-12,186.0,73.0,0.9,12.9,62.0,1.3,111.0,12.6,2.96
2008-02-13,82.0,27.0,0.9,8.5,85.0,1.5,127.4,12.4,0.99
2008-02-14,192.0,67.0,0.4,9.3,35.0,2.4,207.9,11.3,3.33
2008-02-15,193.0,75.0,0.6,7.6,62.0,1.7,144.2,10.6,2.58
2008-02-16,186.0,79.0,0.9,8.0,80.0,1.6,135.0,10.8,2.25
2008-02-17,166.0,78.0,1.0,9.2,84.0,1.7,146.4,11.7,1.87
2008-02-18,60.0,14.0,0.9,9.0,82.0,1.4,121.9,12.0,0.72
2008-02-19,100.0,38.0,1.0,10.0,79.0,1.3,116.1,12.0,1.26
2008-02-20,166.0,77.0,1.1,10.3,84.0,2.5,215.0,12.6,1.85
2008-02-21,55.0,10.0,1.0,9.4,82.0,3.6,311.1,12.0,0.96
2008-02-22,123.0,49.0,1.0,9.8,85.0,2.3,202.6,11.9,1.42
2008-02-23,76.0,24.0,0.9,9.7,72.0,4.5,386.9,11.6,1.76
2008-02-24,104.0,45.0,1.1,11.4,80.0,3.4,294.0,11.4,1.69
2008-02-25,197.0,91.0,0.9,11.5,69.0,3.1,265.3,11.8,2.95
2008-02-26,220.0,91.0,0.9,12.8,63.0,1.5,131.8,12.3,3.48
2008-02-27,213.0,95.0,1.1,12.1,75.0,1.4,117.3,12.9,3.04
2008-02-28,198.0,95.0,1.1,13.9,67.0,1.8,155.1,13.4,3.24
2008-02-29,105.0,47.0,1.1,10.1,91.0,1.8,151.7,13.7,1.24
2008-03-01,200.0,94.0,1.0,11.4,74.0,2.5,217.6,13.8,2.67
2008-03-02,216.0,92.0,0.7,12.0,48.0,3.6,308.1,13.0,3.91
2008-03-03,224.0,98.0,0.7,11.8,53.0,1.9,168.1,13.0,3.53
2008-03-04,226.0,104.0,0.9,10.7,67.0,1.9,163.5,13.1,3.37
2008-03-05,230.0,102.0,0.9,11.6,66.0,1.7,150.3,13.3,3.57
2008-03-06,160.0,70.0,0.8,10.8,60.0,1.6,138.5,13.3,2.73
2008-03-07,205.0,96.0,0.9,12.4,62.0,1.9,166.8,13.0,3.34
2008-03-08,234.0,109.0,1.0,11.8,73.0,2.1,185.5,13.4,3.15
2008-03-09,225.0,105.0,0.9,13.4,58.0,2.1,177.7,13.9,3.77
2008-03-10,232.0,111.0,0.9,13.2,61.0,1.4,124.0,14.1,3.64
2008-03-11,222.0,111.0,1.1,13.3,73.0,2.1,182.6,14.6,3.27
2008-03-12,197.0,97.0,1.1,12.0,80.0,1.7,149.1,14.8,2.59
2008-03-13,202.0,100.0,1.1,10.7,88.0,2.2,185.8,14.8,2.27
2008-03-14,246.0,116.0,0.9,9.2,75.0,2.8,237.6,14.2,2.99
2008-03-15,174.0,85.0,0.7,6.4,76.0,2.1,184.3,13.3,2.02
2008-03-16,257.0,117.0,0.7,7.8,67.0,2.5,219.4,12.4,3.24
2008-03-17,254.0,116.0,0.7,9.5,60.0,2.0,173.9,12.5,3.56
2008-03-18,249.0,124.0,1.0,9.2,83.0,1.9,166.7,13.0,2.92
2008-03-19,166.0,82.0,1.0,8.9,89.0,1.7,146.6,13.7,1.83
2008-03-20,259.0,125.0,0.9,10.6,73.0,2.3,197.6,13.9,3.46
2008-03-21,262.0,120.0,0.7,14.6,43.0,2.8,238.1,13.9,4.77
2008-03-22,264.0,121.0,0.8,15.3,44.0,2.9,248.2,14.3,5.11
2008-03-23,267.0,125.0,0.9,15.6,50.0,2.3,197.8,14.8,4.74
2008-03-24,268.0,130.0,1.0,12.2,72.0,1.9,164.8,15.0,3.83
2008-03-25,257.0,133.0,1.1,12.5,73.0,2.0,171.9,15.1,3.7
2008-03-26,266.0,134.0,0.9,12.1,67.0,2.6,227.4,15.1,3.59
2008-03-27,256.0,126.0,0.8,10.8,61.0,2.5,219.4,14.5,3.66
2008-03-28,268.0,135.0,0.8,9.9,63.0,2.3,198.9,14.1,3.52
2008-03-29,148.0,71.0,1.0,9.7,84.0,1.9,167.5,14.2,1.79
2008-03-30,207.0,101.0,0.8,7.8,74.0,3.2,277.1,13.5,2.43
2008-03-31,278.0,143.0,0.7,6.3,75.0,2.0,176.3,12.8,3.11
2008-04-01,260.0,137.0,0.8,7.6,78.0,1.6,141.8,13.2,3.0
2008-04-02,81.0,21.0,1.1,9.7,88.0,1.6,142.5,13.1,0.94
2008-04-03,263.0,144.0,1.2,12.2,85.0,1.9,161.5,14.2,3.27
2008-04-04,269.0,148.0,1.1,10.5,86.0,2.0,172.5,15.0,3.14
2008-04-05,278.0,149.0,0.9,9.2,79.0,2.4,203.0,15.0,3.19
2008-04-06,279.0,148.0,0.9,9.4,77.0,2.5,212.2,14.6,3.4
2008-04-07,290.0,147.0,0.8,8.7,71.0,2.8,245.2,14.4,3.58
2008-04-08,274.0,147.0,0.8,7.6,78.0,2.7,233.7,13.9,3.06
2008-04-09,288.0,153.0,0.9,8.3,78.0,2.5,219.3,13.7,3.36
2008-04-10,295.0,152.0,0.9,10.5,72.0,1.8,158.8,14.1,4.01
2008-04-11,296.0,152.0,0.9,17.5,44.0,2.6,225.2,15.0,5.8
2008-04-12,303.0,151.0,0.8,19.0,38.0,1.9,165.5,16.0,6.27
2008-04-13,303.0,156.0,1.0,17.1,53.0,1.8,157.5,16.7,5.64
2008-04-14,277.0,156.0,1.0,10.0,84.0,2.5,211.7,16.9,3.14
2008-04-15,303.0,158.0,0.7,10.0,59.0,4.0,342.3,15.6,4.1
2008-04-16,304.0,160.0,0.8,11.1,58.0,2.5,220.1,15.0,4.31
2008-04-17,64.0,161.0,1.0,10.9,79.0,1.4,122.7,16.7,4.91
2008-04-18,246.0,140.0,1.0,9.7,85.0,2.1,177.9,16.2,2.84
2008-04-19,193.0,100.0,0.8,8.7,74.0,2.8,243.3,15.7,2.46
2008-04-20,305.0,163.0,0.6,7.9,59.0,3.5,303.2,14.5,3.91
2008-04-21,304.0,166.0,0.7,8.4,65.0,2.7,230.4,14.1,3.87
2008-04-22,285.0,161.0,0.9,9.1,77.0,2.7,233.9,14.1,3.37
2008-04-23,237.0,132.0,1.0,10.4,81.0,2.6,221.1,14.7,2.86
2008-04-24,311.0,166.0,0.7,11.2,54.0,2.4,210.0,14.8,4.7
2008-04-25,313.0,165.0,0.7,15.5,42.0,2.3,194.5,15.4,5.64
2008-04-26,312.0,168.0,0.9,18.5,44.0,2.2,186.5,16.4,5.82
2008-04-27,301.0,167.0,1.1,20.6,46.0,1.9,159.9,17.6,6.04
2008-04-28,261.0,147.0,1.2,12.7,79.0,2.1,177.9,18.1,3.35
2008-04-29,308.0,177.0,1.0,10.8,79.0,2.7,230.2,17.5,3.79
2008-04-30,318.0,175.0,0.8,10.0,65.0,3.0,259.1,16.7,4.06
2008-05-01,321.0,169.0,0.8,10.5,65.0,2.2,189.4,16.3,4.39
2008-05-02,300.0,163.0,0.9,12.2,64.0,2.2,185.8,16.4,4.23
2008-05-03,308.0,172.0,1.0,10.1,83.0,2.1,185.7,16.5,3.58
2008-05-04,94.0,30.0,1.0,9.4,85.0,1.9,160.6,16.3,1.12
2008-05-05,303.0,172.0,0.9,10.9,73.0,1.9,162.8,16.1,3.76
2008-05-06,280.0,161.0,1.0,10.3,83.0,2.1,177.2,16.7,3.17
2008-05-07,157.0,76.0,1.0,10.5,81.0,2.8,239.7,16.7,2.0
2008-05-08,306.0,176.0,1.0,10.7,80.0,2.5,214.4,16.4,3.49
2008-05-09,297.0,171.0,1.0,10.5,80.0,2.0,174.9,16.9,3.53
2008-05-10,286.0,164.0,1.0,10.3,82.0,1.8,151.5,17.1,3.48
2008-05-11,300.0,175.0,1.1,10.9,83.0,2.4,207.4,17.6,3.57
2008-05-12,301.0,172.0,1.0,10.9,77.0,2.4,206.3,17.7,3.6
2008-05-13,333.0,179.0,1.0,12.7,67.0,1.8,154.3,17.5,4.95
2008-05-14,314.0,175.0,1.1,15.7,59.0,1.7,145.9,18.1,5.52
2008-05-15,322.0,178.0,1.2,19.8,54.0,1.6,141.3,19.0,6.02
2008-05-16,329.0,181.0,1.3,19.4,59.0,1.9,160.1,19.9,6.02
2008-05-17,327.0,182.0,1.4,17.5,69.0,1.9,163.7,20.4,5.39
2008-05-18,332.0,184.0,1.3,14.9,75.0,2.1,181.3,20.4,4.92
2008-05-19,308.0,180.0,1.2,12.0,85.0,2.1,181.0,20.2,3.81
2008-05-20,279.0,163.0,1.2,11.6,86.0,2.1,181.3,19.9,3.24
2008-05-21,337.0,185.0,1.0,11.6,75.0,2.9,247.0,19.4,4.19
2008-05-22,329.0,185.0,1.0,10.1,77.0,2.7,235.4,18.5,3.84
2008-05-23,277.0,154.0,1.0,10.7,75.0,2.6,224.8,18.0,3.32
2008-05-24,212.0,112.0,1.0,12.4,68.0,2.4,203.2,18.0,3.13
2008-05-25,118.0,49.0,1.0,11.7,75.0,1.6,142.3,17.6,1.73
2008-05-26,325.0,187.0,1.0,10.8,78.0,2.2,190.0,17.4,3.98
2008-05-27,270.0,153.0,1.0,11.1,76.0,2.2,191.8,17.7,3.4
2008-05-28,318.0,181.0,1.0,11.7,76.0,2.5,216.4,17.4,4.18
2008-05-29,336.0,190.0,1.1,12.4,77.0,2.4,209.0,17.9,4.46
2008-05-30,305.0,180.0,1.1,11.6,80.0,2.8,243.0,18.0,3.73
2008-05-31,249.0,134.0,1.1,12.0,79.0,2.5,217.5,18.0,3.06
2008-06-01,334.0,190.0,1.1,12.1,78.0,2.5,216.3,18.2,4.21
2008-06-02,333.0,187.0,1.0,10.8,79.0,2.4,208.9,18.0,4.02
2008-06-03,314.0,176.0,1.1,12.1,81.0,2.7,230.6,17.8,3.97
2008-06-04,336.0,190.0,1.1,12.0,76.0,2.9,251.0,18.1,4.21
2008-06-05,341.0,190.0,1.1,12.0,76.0,2.3,201.7,18.0,4.44
2008-06-06,332.0,188.0,1.0,11.9,75.0,2.8,243.9,18.0,4.23
2008-06-07,158.0,72.0,1.0,12.1,70.0,2.3,198.1,17.8,2.85
2008-06-08,156.0,70.0,1.0,15.7,57.0,2.3,198.4,18.2,3.45
2008-06-09,227.0,124.0,1.1,18.1,54.0,2.2,186.5,18.8,4.75
2008-06-10,236.0,128.0,1.2,15.4,68.0,1.8,152.4,19.4,4.04
2008-06-11,237.0,125.0,0.8,18.6,37.0,2.6,224.2,19.7,5.61
2008-06-12,248.0,136.0,1.2,13.7,77.0,2.4,204.9,19.4,3.57
2008-06-13,244.0,137.0,1.3,13.6,82.0,1.9,166.1,19.5,3.33
2008-06-14,218.0,121.0,1.3,13.0,84.0,2.1,177.6,19.9,2.84
2008-06-15,239.0,135.0,1.2,12.9,81.0,2.3,199.5,20.1,3.27
2008-06-16,242.0,137.0,1.2,12.5,81.0,2.2,188.8,20.2,3.28
2008-06-17,247.0,141.0,1.2,13.4,76.0,1.9,165.5,20.3,3.62
2008-06-18,263.0,140.0,0.9,23.5,30.0,2.3,198.7,20.7,6.64
2008-06-19,263.0,139.0,0.8,26.3,23.0,2.2,191.2,21.3,7.09
2008-06-20,253.0,29.0,0.9,28.2,22.0,2.4,205.7,21.8,2.51
2008-06-21,257.0,127.0,1.1,25.8,33.0,1.9,161.0,22.4,6.29
2008-06-22,240.0,131.0,1.3,14.9,74.0,2.3,199.6,22.2,3.7
2008-06-23,238.0,136.0,1.2,12.5,81.0,2.6,221.7,21.3,3.16
2008-06-24,212.0,117.0,1.2,12.4,81.0,2.1,182.1,20.8,2.92
2008-06-25,170.0,88.0,1.1,11.5,84.0,2.1,181.4,20.2,2.14
2008-06-26,208.0,115.0,1.2,13.0,79.0,2.0,174.9,20.0,2.86
2008-06-27,219.0,123.0,1.2,14.0,78.0,2.0,176.9,20.3,3.25
2008-06-28,239.0,135.0,1.3,14.7,78.0,1.9,166.7,20.6,3.46
2008-06-29,242.0,137.0,1.3,14.3,80.0,2.1,184.6,20.9,3.46
2008-06-30,204.0,110.0,1.3,13.7,84.0,2.4,203.5,21.0,2.8
2008-07-01,206.0,114.0,1.3,13.8,84.0,2.5,217.8,20.9,2.78
2008-07-02,228.0,131.0,1.3,13.2,84.0,2.2,190.3,20.8,3.07
2008-07-03,241.0,135.0,1.3,16.4,71.0,2.0,176.9,20.7,4.29
2008-07-04,236.0,136.0,1.3,14.0,83.0,2.2,194.3,20.9,3.21
2008-07-05,248.0,140.0,1.3,14.3,80.0,2.0,168.7,20.9,3.53
2008-07-06,249.0,144.0,1.3,13.7,82.0,2.0,169.3,21.0,3.46
2008-07-07,253.0,145.0,1.3,15.4,77.0,1.7,149.0,21.0,3.87
2008-07-08,258.0,148.0,1.4,15.6,77.0,1.8,152.8,21.2,3.94
2008-07-09,251.0,144.0,1.4,15.8,80.0,1.8,156.5,21.3,3.8
2008-07-10,238.0,136.0,1.5,16.8,79.0,2.1,178.6,21.4,3.71
2008-07-11,219.0,124.0,1.6,16.8,84.0,2.1,183.2,21.4,3.18
2008-07-12,254.0,149.0,1.6,17.7,77.0,2.2,187.7,21.7,4.01
2008-07-13,252.0,144.0,1.5,16.7,80.0,2.0,168.7,21.6,3.78
2008-07-14,203.0,112.0,1.5,16.3,82.0,2.2,187.5,21.6,2.98
2008-07-15,242.0,143.0,1.5,16.5,79.0,2.6,221.5,21.5,3.62
2008-07-16,245.0,142.0,1.5,15.8,81.0,2.4,208.0,21.4,3.52
2008-07-17,260.0,149.0,1.4,14.7,82.0,2.4,205.6,21.2,3.58
2008-07-18,261.0,153.0,1.3,13.8,81.0,2.5,220.1,20.8,3.55
2008-07-19,252.0,146.0,1.3,14.2,81.0,2.1,183.8,20.6,3.53
2008-07-20,195.0,107.0,1.3,14.0,81.0,2.3,198.5,20.5,2.78
2008-07-21,264.0,153.0,1.3,13.9,80.0,2.3,199.9,20.2,3.52
2008-07-22,269.0,157.0,1.3,14.2,79.0,1.9,162.1,20.3,3.81
2008-07-23,267.0,156.0,1.3,14.2,81.0,2.3,195.8,20.6,3.74
2008-07-24,266.0,154.0,1.3,13.8,81.0,2.1,182.2,20.7,3.58
2008-07-25,273.0,159.0,1.3,15.3,74.0,1.8,157.9,20.7,4.23
2008-07-26,278.0,157.0,1.3,18.9,60.0,1.8,154.5,20.9,5.33
2008-07-27,237.0,140.0,1.5,15.8,82.0,2.1,182.4,21.0,3.53
2008-07-28,243.0,140.0,1.4,14.8,85.0,2.1,178.7,21.0,3.26
2008-07-29,249.0,142.0,1.3,14.4,82.0,1.8,158.7,21.0,3.42
2008-07-30,283.0,166.0,1.4,15.2,81.0,1.8,158.9,20.9,4.11
2008-07-31,276.0,161.0,1.4,15.2,79.0,1.8,158.0,21.2,4.04
2008-08-01,292.0,165.0,1.3,15.7,74.0,2.0,170.9,20.9,4.55
2008-08-02,295.0,165.0,1.3,17.1,69.0,2.0,173.7,20.9,4.89
2008-08-03,293.0,166.0,1.3,14.6,78.0,2.1,179.1,20.7,4.14
2008-08-04,275.0,160.0,1.3,14.8,78.0,1.9,163.1,20.7,3.97
2008-08-05,248.0,138.0,1.3,15.5,76.0,1.7,150.8,20.8,3.81
2008-08-06,279.0,159.0,1.4,15.6,77.0,1.8,154.7,20.7,4.09
2008-08-07,265.0,154.0,1.3,14.4,82.0,2.3,196.0,20.7,3.57
2008-08-08,266.0,153.0,1.3,14.4,80.0,2.3,195.5,20.5,3.63
2008-08-09,272.0,156.0,1.3,14.8,78.0,2.0,169.2,20.6,3.93
2008-08-10,278.0,162.0,1.3,14.1,83.0,2.0,169.0,20.9,3.7
2008-08-11,274.0,158.0,1.4,14.9,80.0,2.0,171.4,21.0,3.89
2008-08-12,270.0,155.0,1.4,14.8,83.0,1.9,164.2,21.2,3.66
2008-08-13,279.0,161.0,1.4,15.7,79.0,1.9,164.5,21.3,4.09
2008-08-14,223.0,122.0,1.4,15.9,80.0,1.9,164.5,21.4,3.43
2008-08-15,243.0,134.0,1.5,16.6,80.0,1.8,152.1,21.3,3.69
2008-08-16,266.0,153.0,1.5,15.9,82.0,1.9,166.2,21.4,3.83
2008-08-17,268.0,154.0,1.5,16.0,81.0,2.0,176.1,21.5,3.81
2008-08-18,241.0,140.0,1.4,15.3,83.0,2.2,186.5,21.4,3.25
2008-08-19,270.0,154.0,1.5,15.9,81.0,2.6,220.6,21.3,3.73
2008-08-20,275.0,155.0,1.5,17.1,75.0,2.1,179.3,21.2,4.46
2008-08-21,272.0,155.0,1.6,17.2,81.0,2.2,188.2,21.4,4.2
2008-08-22,268.0,154.0,1.5,16.3,82.0,2.2,192.2,21.5,3.78
2008-08-23,238.0,132.0,1.4,15.0,84.0,1.8,158.4,21.5,3.22
2008-08-24,271.0,155.0,1.4,15.9,80.0,1.7,148.8,21.5,3.95
2008-08-25,280.0,158.0,1.5,16.6,77.0,1.8,152.5,21.5,4.35
2008-08-26,275.0,156.0,1.4,15.5,78.0,1.9,161.1,21.4,4.04
2008-08-27,278.0,157.0,1.4,15.8,78.0,1.8,152.7,21.2,4.26
2008-08-28,278.0,153.0,1.4,15.8,78.0,1.7,144.7,21.1,4.22
2008-08-29,274.0,151.0,1.5,17.1,77.0,1.7,150.1,21.3,4.34
2008-08-30,262.0,149.0,1.5,15.8,83.0,1.7,143.2,21.5,3.7
2008-08-31,257.0,144.0,1.4,15.0,81.0,2.0,169.9,21.4,3.7
2008-09-01,288.0,151.0,1.0,17.3,51.0,2.2,194.1,20.6,5.7
2008-09-02,281.0,149.0,0.9,20.3,39.0,2.2,191.4,20.3,5.92
2008-09-03,279.0,152.0,1.3,16.9,68.0,1.7,143.5,20.2,4.57
2008-09-04,278.0,150.0,1.4,16.9,75.0,1.6,137.6,20.2,4.39
2008-09-05,255.0,145.0,1.5,15.9,83.0,1.6,139.8,20.6,3.67
2008-09-06,267.0,146.0,1.5,16.3,80.0,1.6,137.8,20.9,4.03
2008-09-07,258.0,142.0,1.5,16.0,84.0,1.7,150.8,21.0,3.67
2008-09-08,203.0,108.0,1.5,15.3,85.0,1.8,159.8,21.1,2.71
2008-09-09,209.0,113.0,1.4,15.9,78.0,2.0,173.4,21.0,3.02
2008-09-10,257.0,81.0,1.3,15.1,77.0,2.3,195.6,20.8,2.36
2008-09-11,264.0,141.0,1.4,15.0,83.0,2.0,174.9,20.2,3.63
2008-09-12,241.0,128.0,1.4,15.1,82.0,1.9,161.6,20.4,3.23
2008-09-13,243.0,128.0,1.3,14.7,77.0,2.1,177.8,20.4,3.33
2008-09-14,254.0,134.0,1.3,14.8,77.0,1.8,153.4,20.3,3.6
2008-09-15,241.0,129.0,1.4,14.8,82.0,2.0,174.2,20.0,3.35
2008-09-16,208.0,109.0,1.4,14.6,82.0,2.2,188.1,20.1,2.78
2008-09-17,245.0,130.0,1.2,14.3,75.0,2.1,185.7,20.0,3.41
2008-09-18,257.0,130.0,1.2,13.6,75.0,2.0,170.9,19.3,3.66
2008-09-19,263.0,129.0,1.2,14.2,75.0,2.2,188.4,18.9,3.82
2008-09-20,254.0,128.0,1.4,15.4,78.0,2.2,193.1,18.9,3.78
2008-09-21,249.0,127.0,1.3,14.4,82.0,2.2,187.3,18.8,3.4
2008-09-22,256.0,123.0,1.1,16.9,60.0,1.8,157.2,18.7,4.56
2008-09-23,248.0,121.0,1.2,18.2,56.0,1.9,167.4,18.8,4.44
2008-09-24,244.0,122.0,1.3,14.2,81.0,1.6,134.4,18.8,3.38
2008-09-25,247.0,120.0,1.4,17.7,68.0,1.6,135.4,18.9,4.42
2008-09-26,241.0,119.0,1.4,17.7,69.0,1.6,136.9,19.2,4.23
2008-09-27,231.0,120.0,1.5,15.4,84.0,1.7,149.0,19.5,3.31
2008-09-28,221.0,115.0,1.4,14.4,87.0,1.8,159.1,19.7,2.83
2008-09-29,203.0,105.0,1.4,14.5,84.0,1.8,157.5,19.8,2.8
2008-09-30,231.0,112.0,1.3,16.9,65.0,1.7,142.6,19.4,3.97
2008-10-01,217.0,115.0,1.3,18.3,62.0,1.8,155.9,19.4,4.02
2008-10-02,189.0,98.0,1.5,15.4,85.0,1.9,162.5,19.3,2.59
2008-10-03,144.0,75.0,1.5,15.0,86.0,1.9,165.5,19.5,1.93
2008-10-04,102.0,46.0,1.5,15.3,85.0,2.7,234.0,19.2,1.59
2008-10-05,222.0,110.0,1.2,14.7,72.0,2.1,180.1,18.7,3.51
2008-10-06,224.0,108.0,1.2,18.8,54.0,2.2,194.3,18.6,4.46
2008-10-07,224.0,103.0,1.1,25.2,34.0,2.8,242.8,19.0,6.05
2008-10-08,219.0,103.0,1.2,21.2,47.0,2.3,201.1,19.5,4.89
2008-10-09,215.0,105.0,1.1,14.6,66.0,2.2,191.0,18.9,3.57
2008-10-10,216.0,99.0,0.7,13.2,46.0,3.5,302.3,17.6,3.88
2008-10-11,215.0,101.0,0.7,9.7,60.0,2.4,211.5,16.1,3.23
2008-10-12,213.0,91.0,0.5,12.2,33.0,2.5,214.4,15.3,4.2
2008-10-13,211.0,93.0,0.5,16.0,27.0,2.5,215.1,15.1,4.89
2008-10-14,210.0,92.0,0.7,15.5,41.0,1.7,148.4,15.2,3.99
2008-10-15,209.0,86.0,0.6,21.3,25.0,1.9,165.5,15.7,5.0
2008-10-16,204.0,83.0,0.6,23.0,21.0,2.9,253.1,16.5,6.11
2008-10-17,198.0,88.0,0.8,17.3,43.0,1.7,143.7,16.6,4.03
2008-10-18,194.0,93.0,1.2,14.1,77.0,2.0,168.7,16.8,2.68
2008-10-19,175.0,85.0,1.2,12.4,82.0,1.8,152.6,16.9,2.26
2008-10-20,186.0,88.0,1.1,14.1,69.0,2.0,172.5,16.8,2.87
2008-10-21,194.0,77.0,0.7,21.7,28.0,3.4,296.8,16.6,5.87
2008-10-22,193.0,78.0,0.8,20.6,33.0,1.6,138.1,16.9,4.32
2008-10-23,191.0,72.0,0.7,20.8,27.0,2.0,173.0,17.0,5.11
2008-10-24,189.0,78.0,0.9,18.0,43.0,1.6,137.5,16.9,3.97
2008-10-25,191.0,82.0,1.1,11.9,78.0,1.5,126.3,16.7,2.7
2008-10-26,177.0,83.0,1.1,10.7,87.0,1.6,141.6,16.6,2.17
2008-10-27,139.0,67.0,1.2,11.5,86.0,1.5,129.2,16.6,1.79
2008-10-28,159.0,74.0,1.2,12.0,87.0,1.7,144.7,16.5,2.08
2008-10-29,178.0,79.0,1.2,12.3,82.0,1.6,142.4,16.6,2.39
2008-10-30,77.0,24.0,1.3,15.3,72.0,2.1,183.6,16.5,1.71
2008-10-31,98.0,37.0,1.5,17.5,75.0,2.0,169.0,16.9,1.77
2008-11-01,61.0,12.0,1.4,17.1,74.0,2.9,249.7,17.2,1.61
2008-11-02,144.0,67.0,1.4,14.9,84.0,1.9,163.7,17.2,2.0
2008-11-03,120.0,49.0,1.2,13.1,82.0,1.9,167.1,17.1,1.69
2008-11-04,140.0,55.0,1.0,12.5,67.0,2.7,232.5,16.5,2.39
2008-11-05,166.0,64.0,0.7,13.2,47.0,2.6,228.4,15.6,3.2
2008-11-06,163.0,62.0,0.8,16.1,42.0,4.1,356.1,15.3,4.17
2008-11-07,165.0,64.0,1.0,15.1,58.0,1.5,129.1,15.4,2.92
2008-11-08,135.0,54.0,1.2,14.2,71.0,2.6,224.5,15.3,2.36
2008-11-09,136.0,53.0,1.1,11.4,80.0,2.8,238.8,15.3,1.85
2008-11-10,152.0,58.0,1.0,10.3,80.0,1.8,158.6,14.7,2.0
2008-11-11,147.0,57.0,1.0,12.6,69.0,1.9,164.0,14.5,2.45
2008-11-12,135.0,39.0,1.1,19.1,49.0,3.5,305.4,15.0,3.12
2008-11-13,153.0,56.0,1.1,19.3,51.0,4.0,349.4,15.2,3.77
2008-11-14,153.0,53.0,1.1,22.2,41.0,3.4,295.0,15.9,4.56
2008-11-15,154.0,46.0,0.8,22.4,28.0,2.0,169.5,16.2,4.24
2008-11-16,155.0,46.0,0.7,19.5,31.0,1.7,143.9,16.2,3.79
2008-11-17,153.0,46.0,0.7,17.3,35.0,1.4,119.0,15.8,3.37
2008-11-18,148.0,51.0,1.0,12.4,72.0,1.5,126.1,15.3,2.12
2008-11-19,129.0,51.0,1.1,11.2,86.0,1.7,148.6,15.4,1.65
2008-11-20,140.0,49.0,1.1,16.1,61.0,2.8,244.3,15.4,2.91
2008-11-21,108.0,27.0,0.9,17.2,47.0,4.1,356.6,15.5,3.06
2008-11-22,144.0,46.0,0.8,15.0,49.0,1.5,131.7,15.1,2.66
2008-11-23,130.0,49.0,1.0,12.0,74.0,1.7,143.2,14.6,1.82
2008-11-24,55.0,7.0,1.1,13.9,71.0,1.5,125.6,14.9,1.04
2008-11-25,38.0,-6.0,1.2,14.5,70.0,1.9,162.6,14.8,0.88
2008-11-26,54.0,10.0,1.3,13.7,81.0,1.9,160.0,14.8,0.96
2008-11-27,102.0,28.0,1.3,12.9,84.0,1.6,139.9,14.9,1.41
2008-11-28,132.0,43.0,1.1,13.2,71.0,2.1,178.8,14.7,2.02
2008-11-29,139.0,41.0,1.0,13.8,62.0,1.6,136.3,14.5,2.38
2008-11-30,139.0,43.0,1.1,11.9,77.0,1.4,123.3,14.2,2.06
2008-12-01,86.0,33.0,1.2,11.6,91.0,1.4,122.4,14.4,1.0
2008-12-02,126.0,50.0,1.1,12.5,79.0,1.6,135.9,14.7,1.84
2008-12-03,135.0,46.0,0.9,10.0,76.0,1.6,141.4,14.2,1.85
2008-12-04,121.0,44.0,1.0,9.1,85.0,1.6,135.8,13.6,1.49
2008-12-05,134.0,45.0,0.9,9.6,74.0,1.3,114.1,12.9,1.94
2008-12-06,124.0,44.0,0.8,11.5,60.0,1.4,123.9,12.7,2.17
2008-12-07,104.0,40.0,1.1,11.7,78.0,1.7,143.0,12.9,1.5
2008-12-08,113.0,37.0,0.9,10.3,74.0,2.4,209.3,13.0,1.63
2008-12-09,132.0,40.0,0.7,10.1,54.0,1.6,140.2,12.6,2.18
2008-12-10,129.0,40.0,0.6,10.7,47.0,1.4,123.6,12.0,2.18
2008-12-11,104.0,30.0,0.6,14.0,38.0,1.6,137.5,12.0,2.33
2008-12-12,112.0,43.0,1.0,9.9,82.0,1.5,130.6,12.2,1.42
2008-12-13,70.0,13.0,0.8,8.7,73.0,2.5,211.9,12.2,1.33
2008-12-14,89.0,27.0,0.7,6.6,77.0,2.2,190.8,11.1,1.23
2008-12-15,94.0,33.0,0.9,8.8,83.0,2.0,175.3,11.4,1.15
2008-12-16,62.0,13.0,0.8,5.7,83.0,1.8,158.7,11.0,0.76
2008-12-17,68.0,18.0,0.7,6.8,68.0,3.2,273.1,10.3,1.23
2008-12-18,107.0,37.0,0.6,5.2,71.0,1.4,117.1,9.8,1.42
2008-12-19,91.0,27.0,0.8,7.6,80.0,1.8,153.9,9.6,1.26
2008-12-20,109.0,35.0,0.7,8.3,62.0,2.1,184.6,9.7,1.8
2008-12-21,85.0,22.0,0.8,10.3,64.0,1.9,164.2,9.9,1.59
2008-12-22,81.0,27.0,0.9,8.8,80.0,2.2,190.1,10.5,1.19
2008-12-23,108.0,40.0,0.8,6.4,80.0,1.4,118.4,10.2,1.26
2008-12-24,46.0,8.0,0.9,10.8,67.0,4.3,374.8,10.4,1.45
2008-12-25,65.0,13.0,0.9,8.6,77.0,4.2,366.7,10.6,1.16
2008-12-26,125.0,37.0,0.5,5.6,59.0,2.0,169.6,9.6,1.85
2008-12-27,118.0,37.0,0.5,7.9,47.0,2.5,211.9,9.2,2.08
2008-12-28,123.0,35.0,0.6,8.8,49.0,1.7,144.2,9.2,2.04
2008-12-29,125.0,35.0,0.6,11.5,47.0,1.8,154.4,9.5,2.31
2008-12-30,124.0,37.0,0.8,14.3,49.0,2.1,185.2,10.3,2.63
2008-12-31,126.0,37.0,0.7,11.7,49.0,1.7,149.8,10.5,2.35
2009-01-01,125.0,36.0,0.7,10.5,59.0,1.4,121.4,10.4,1.95
2009-01-02,81.0,20.0,1.0,9.5,84.0,1.8,157.1,10.4,1.02
2009-01-03,108.0,26.0,0.7,8.5,62.0,2.3,201.3,10.4,1.78
2009-01-04,128.0,37.0,0.6,6.2,60.0,1.7,148.6,9.7,1.84
2009-01-05,63.0,15.0,0.7,7.6,68.0,1.4,120.0,9.3,1.0
2009-01-06,120.0,37.0,0.8,10.3,63.0,3.6,309.1,9.7,1.99
2009-01-07,129.0,39.0,0.8,11.6,62.0,1.8,157.9,10.1,2.14
2009-01-08,120.0,42.0,0.8,10.7,64.0,2.2,194.0,10.4,2.25
2009-01-09,136.0,39.0,0.7,10.7,51.0,3.3,285.3,10.5,2.61
2009-01-10,136.0,36.0,0.5,11.8,40.0,1.4,117.1,10.1,2.48
2009-01-11,137.0,27.0,0.4,18.7,17.0,3.4,293.4,10.5,4.61
2009-01-12,139.0,28.0,0.4,20.0,19.0,3.4,295.1,11.1,5.05
2009-01-13,140.0,32.0,0.5,19.4,24.0,2.2,191.9,11.7,4.09
2009-01-14,142.0,37.0,0.6,14.7,36.0,1.3,111.6,11.7,2.79
2009-01-15,142.0,38.0,0.6,14.3,34.0,1.3,114.8,11.6,2.94
2009-01-16,141.0,38.0,0.5,13.6,35.0,1.4,124.0,11.3,2.9
2009-01-17,142.0,35.0,0.5,18.6,23.0,2.6,226.7,11.6,4.38
2009-01-18,143.0,41.0,0.5,13.2,36.0,1.3,114.3,11.5,2.86
2009-01-19,144.0,39.0,0.5,14.8,29.0,1.4,123.0,11.4,3.16
2009-01-20,143.0,44.0,0.6,14.2,39.0,1.2,102.6,11.4,2.68
2009-01-21,55.0,11.0,0.8,15.1,48.0,1.2,107.0,12.1,1.36
2009-01-22,47.0,7.0,1.2,12.8,84.0,1.1,92.8,12.5,0.6
2009-01-23,33.0,-2.0,1.4,14.2,89.0,2.0,171.2,13.0,0.42
2009-01-24,47.0,1.0,1.2,11.8,87.0,2.2,192.3,13.2,0.56
2009-01-25,73.0,21.0,0.9,8.8,82.0,2.2,188.7,12.6,1.01
2009-01-26,127.0,38.0,0.7,7.0,74.0,2.1,178.0,11.5,1.65
2009-01-27,153.0,51.0,0.6,8.8,51.0,2.3,196.8,10.8,2.57
2009-01-28,153.0,51.0,0.6,11.5,42.0,3.3,288.4,10.6,3.22
2009-01-29,161.0,50.0,0.6,14.6,35.0,2.8,239.4,10.8,3.73
2009-01-30,161.0,52.0,0.6,14.3,39.0,1.9,161.1,11.2,3.36
2009-01-31,161.0,58.0,0.8,12.1,57.0,1.5,130.5,11.2,2.64
2009-02-01,165.0,56.0,0.7,14.6,44.0,2.0,169.9,11.5,3.37
2009-02-02,166.0,57.0,0.6,12.7,43.0,1.3,109.5,11.6,3.08
2009-02-03,169.0,57.0,0.6,11.8,40.0,1.5,129.9,11.3,3.24
2009-02-04,147.0,53.0,0.7,11.2,51.0,1.6,141.7,11.1,2.78
2009-02-05,65.0,16.0,1.1,11.5,79.0,2.3,200.0,11.4,1.1
2009-02-06,47.0,3.0,1.1,10.6,87.0,2.5,215.6,11.6,0.62
2009-02-07,91.0,30.0,1.0,9.2,83.0,1.6,136.7,11.4,1.13
2009-02-08,54.0,10.0,1.0,9.3,84.0,1.8,153.5,11.3,0.74
2009-02-09,118.0,47.0,0.7,6.4,78.0,2.4,208.6,10.6,1.38
2009-02-10,176.0,68.0,0.6,6.3,67.0,2.1,180.4,10.0,2.21
2009-02-11,130.0,56.0,0.8,7.1,82.0,1.9,160.4,9.9,1.52
2009-02-12,156.0,61.0,0.8,7.4,80.0,1.8,157.9,10.1,1.84
2009-02-13,120.0,48.0,0.8,7.1,81.0,2.1,185.2,9.9,1.38
2009-02-14,155.0,70.0,0.8,8.1,73.0,2.5,218.3,10.0,2.02
2009-02-15,64.0,13.0,0.7,10.7,55.0,5.2,446.6,10.1,2.4
2009-02-16,69.0,14.0,0.9,9.8,76.0,3.6,309.2,9.9,1.11
2009-02-17,125.0,44.0,0.9,9.9,76.0,2.8,243.1,10.2,1.73
2009-02-18,191.0,82.0,0.8,8.4,73.0,1.3,115.8,10.4,2.47
2009-02-19,197.0,83.0,0.7,9.0,65.0,1.5,126.0,10.4,2.82
2009-02-20,170.0,77.0,0.8,10.0,66.0,1.4,121.9,10.6,2.61
2009-02-21,86.0,32.0,0.9,10.0,74.0,1.3,108.3,10.7,1.32
2009-02-22,50.0,7.0,1.2,14.0,75.0,2.3,201.3,11.3,1.11
2009-02-23,123.0,50.0,1.2,13.3,80.0,1.8,151.7,12.2,1.79
2009-02-24,197.0,90.0,1.1,10.5,87.0,1.9,164.9,12.2,2.29
2009-02-25,194.0,89.0,1.0,10.4,81.0,1.9,160.2,12.5,2.36
2009-02-26,174.0,83.0,1.1,10.1,86.0,2.2,187.2,12.2,2.11
2009-02-27,202.0,90.0,0.9,11.6,69.0,1.7,151.0,12.4,2.89
2009-02-28,153.0,72.0,1.0,13.5,62.0,1.3,110.7,12.6,2.52
2009-03-01,160.0,71.0,1.0,15.4,57.0,1.6,136.9,13.3,2.84
2009-03-02,54.0,8.0,1.3,13.9,85.0,1.9,168.1,13.8,0.79
2009-03-03,109.0,44.0,1.1,12.3,79.0,3.1,268.4,13.5,1.77
2009-03-04,189.0,89.0,0.9,9.6,74.0,2.2,192.5,13.0,2.38
2009-03-05,209.0,91.0,0.8,7.4,75.0,1.6,138.2,12.3,2.56
2009-03-06,184.0,79.0,0.8,7.7,78.0,2.2,185.8,11.8,2.29
2009-03-07,225.0,103.0,0.8,8.4,72.0,1.9,161.5,11.5,2.87
2009-03-08,228.0,106.0,0.9,9.4,74.0,2.1,179.4,11.7,2.76
2009-03-09,214.0,95.0,0.7,8.7,64.0,2.7,234.3,11.8,2.87
2009-03-10,241.0,104.0,0.6,8.0,54.0,2.4,209.6,11.4,3.4
2009-03-11,181.0,80.0,0.7,7.1,73.0,1.6,137.2,11.1,2.34
2009-03-12,233.0,114.0,0.8,8.2,78.0,2.0,173.8,11.1,2.86
2009-03-13,239.0,115.0,1.0,9.9,80.0,2.1,183.9,11.5,3.0
2009-03-14,206.0,100.0,0.9,9.3,80.0,2.4,209.6,12.2,2.41
2009-03-15,235.0,119.0,0.9,9.2,78.0,2.2,189.1,12.0,2.94
2009-03-16,238.0,120.0,1.1,11.6,83.0,2.2,189.0,12.6,2.96
2009-03-17,248.0,118.0,1.1,16.7,58.0,2.6,220.9,13.4,4.41
2009-03-18,241.0,115.0,1.0,17.2,48.0,3.0,261.1,14.2,4.72
2009-03-19,229.0,117.0,1.0,15.2,59.0,2.1,180.2,14.6,3.84
2009-03-20,227.0,123.0,1.2,10.9,89.0,1.8,157.3,14.5,2.63
2009-03-21,106.0,42.0,1.1,10.9,84.0,2.2,189.6,14.5,1.4
2009-03-22,235.0,114.0,0.8,8.8,68.0,4.5,384.9,13.6,2.98
2009-03-23,262.0,122.0,0.6,10.1,45.0,3.2,277.9,12.5,4.1
2009-03-24,259.0,127.0,0.8,10.1,62.0,2.3,194.8,12.6,3.71
2009-03-25,249.0,131.0,1.0,11.0,73.0,2.2,192.1,12.9,3.2
2009-03-26,256.0,132.0,1.1,10.9,80.0,2.0,173.0,13.3,3.12
2009-03-27,264.0,133.0,1.0,12.4,70.0,1.6,142.3,13.7,3.8
2009-03-28,267.0,135.0,1.0,12.2,71.0,1.7,147.1,14.1,3.87
2009-03-29,224.0,118.0,1.0,10.1,80.0,2.4,205.9,14.5,2.66
2009-03-30,275.0,130.0,0.5,11.3,40.0,2.2,191.6,14.0,4.45
2009-03-31,271.0,136.0,0.8,11.1,62.0,2.0,175.9,13.7,4.0
2009-04-01,267.0,142.0,1.0,10.6,77.0,2.2,188.5,13.9,3.46
2009-04-02,255.0,140.0,1.1,10.2,84.0,2.3,198.9,14.2,2.88
2009-04-03,282.0,143.0,0.8,8.2,73.0,2.8,239.4,13.9,3.42
2009-04-04,288.0,142.0,0.7,8.7,58.0,1.8,158.3,13.2,3.97
2009-04-05,290.0,139.0,0.6,11.5,43.0,1.7,149.7,13.2,4.88
2009-04-06,278.0,140.0,0.8,10.9,63.0,1.7,150.2,13.4,3.9
2009-04-07,83.0,20.0,1.1,10.6,83.0,2.4,206.2,13.4,1.15
2009-04-08,229.0,127.0,1.0,10.3,81.0,2.1,184.8,13.3,2.77
2009-04-09,172.0,84.0,1.0,9.7,80.0,1.6,142.2,13.4,2.24
2009-04-10,272.0,149.0,1.0,10.1,78.0,2.6,225.8,13.7,3.2
2009-04-11,292.0,152.0,0.9,8.8,76.0,2.5,214.7,13.5,3.49
2009-04-12,286.0,153.0,1.0,10.9,76.0,2.1,181.0,13.7,3.8
2009-04-13,264.0,150.0,1.1,12.3,75.0,2.3,196.5,14.2,3.51
2009-04-14,289.0,160.0,0.8,8.7,71.0,4.0,347.8,14.1,3.44
2009-04-15,303.0,160.0,0.7,6.4,72.0,3.5,301.6,13.0,3.34
2009-04-16,301.0,159.0,0.8,7.7,74.0,2.2,191.5,12.8,3.52
2009-04-17,301.0,160.0,0.9,11.0,67.0,1.9,162.5,13.2,4.44
2009-04-18,299.0,165.0,1.1,13.0,71.0,1.7,144.5,14.1,4.36
2009-04-19,309.0,160.0,1.0,20.3,44.0,1.8,156.2,15.2,6.15
2009-04-20,300.0,157.0,1.0,23.1,35.0,2.2,192.0,16.4,7.07
2009-04-21,282.0,152.0,1.0,22.4,38.0,2.2,189.4,17.2,6.66
2009-04-22,285.0,162.0,1.2,12.7,84.0,2.1,180.1,17.1,3.58
2009-04-23,84.0,28.0,1.1,11.6,84.0,1.7,148.8,16.6,1.18
2009-04-24,251.0,140.0,1.0,10.7,77.0,2.4,208.3,16.0,3.06
2009-04-25,308.0,172.0,0.8,8.1,76.0,2.8,243.6,15.2,3.46
2009-04-26,308.0,167.0,0.9,8.9,76.0,2.4,206.6,14.7,3.57
2009-04-27,181.0,93.0,0.8,9.1,73.0,2.8,240.1,14.6,2.42
2009-04-28,291.0,166.0,0.8,9.1,69.0,3.0,262.6,14.2,3.69
2009-04-29,318.0,173.0,0.8,9.0,69.0,2.7,231.5,14.0,4.06
2009-04-30,304.0,170.0,0.9,11.4,67.0,2.1,184.6,14.3,4.38
2009-05-01,155.0,71.0,1.1,13.5,74.0,1.7,150.0,14.9,2.32
2009-05-02,247.0,139.0,1.3,14.0,83.0,2.2,187.6,15.6,3.4
2009-05-03,267.0,154.0,1.4,13.8,87.0,2.5,218.3,16.3,3.35
2009-05-04,290.0,164.0,1.3,13.8,84.0,2.3,201.6,16.8,3.72
2009-05-05,302.0,172.0,1.4,14.7,87.0,2.6,226.2,17.3,3.75
2009-05-06,329.0,177.0,1.4,15.6,77.0,2.6,221.4,17.7,4.81
2009-05-07,331.0,176.0,1.2,14.9,69.0,2.7,233.6,17.9,4.85
2009-05-08,330.0,172.0,1.0,16.0,54.0,2.5,211.9,17.6,5.41
2009-05-09,328.0,176.0,1.1,12.3,75.0,2.4,210.6,17.3,4.34
2009-05-10,325.0,177.0,1.1,12.3,76.0,2.0,174.1,17.0,4.41
2009-05-11,325.0,177.0,1.1,12.3,75.0,2.5,217.0,17.1,4.23
2009-05-12,330.0,178.0,1.0,11.1,74.0,2.7,234.4,16.7,4.14
2009-05-13,372.0,176.0,1.0,14.6,58.0,2.5,213.6,16.8,5.13
2009-05-14,320.0,181.0,1.1,12.8,75.0,2.6,228.9,16.8,4.19
2009-05-15,325.0,181.0,1.2,13.1,78.0,2.3,202.3,17.2,4.29
2009-05-16,324.0,181.0,1.2,15.5,68.0,1.8,154.2,17.6,5.07
2009-05-17,324.0,184.0,1.3,14.6,76.0,1.8,157.1,18.3,4.53
2009-05-18,257.0,144.0,1.2,12.9,82.0,2.0,170.8,18.4,3.39
2009-05-19,290.0,161.0,1.2,12.3,84.0,1.9,164.6,18.6,3.58
2009-05-20,319.0,180.0,1.1,12.3,79.0,2.0,172.5,18.8,4.2
2009-05-21,300.0,166.0,1.0,11.0,79.0,1.9,164.4,18.8,3.66
2009-05-22,291.0,167.0,1.1,11.4,78.0,2.1,180.4,18.6,3.61
2009-05-23,284.0,164.0,1.0,11.7,76.0,2.1,184.6,18.9,3.54
2009-05-24,290.0,166.0,1.1,11.8,77.0,2.3,194.5,18.9,3.56
2009-05-25,291.0,165.0,1.1,11.6,78.0,2.2,190.6,19.0,3.53
2009-05-26,320.0,184.0,1.1,12.1,78.0,1.9,161.7,19.2,4.07
2009-05-27,322.0,186.0,1.2,12.6,81.0,2.0,174.0,19.1,4.04
2009-05-28,223.0,123.0,1.3,13.4,82.0,2.0,176.3,19.2,2.89
2009-05-29,199.0,108.0,1.3,13.6,80.0,2.0,174.1,18.8,2.7
2009-05-30,254.0,148.0,1.2,13.8,78.0,2.3,198.5,18.7,3.38
2009-05-31,176.0,92.0,1.2,12.6,82.0,2.0,169.0,18.5,2.22
2009-06-01,217.0,116.0,1.2,12.7,82.0,1.9,160.9,18.2,2.73
2009-06-02,165.0,84.0,1.3,13.4,83.0,1.9,167.2,18.3,2.3
2009-06-03,282.0,157.0,1.2,13.5,78.0,2.0,176.4,18.4,3.82
2009-06-04,334.0,189.0,1.2,14.7,69.0,2.1,185.4,18.6,4.77
2009-06-05,217.0,114.0,1.3,14.6,79.0,2.1,179.5,18.7,3.09
2009-06-06,307.0,174.0,1.3,15.0,75.0,2.2,189.0,18.5,4.41
2009-06-07,333.0,189.0,1.3,14.5,76.0,2.7,229.2,18.6,4.52
2009-06-08,302.0,173.0,1.2,14.2,74.0,2.7,233.6,18.6,4.19
2009-06-09,284.0,167.0,1.2,14.2,73.0,2.6,228.7,18.5,4.0
2009-06-10,145.0,63.0,1.3,14.8,80.0,2.5,216.3,18.3,2.25
2009-06-11,256.0,148.0,1.3,15.1,76.0,2.5,219.5,18.2,3.63
2009-06-12,284.0,165.0,1.3,15.2,73.0,2.6,220.7,18.5,4.17
2009-06-13,268.0,150.0,1.3,15.4,75.0,2.5,211.8,18.7,4.0
2009-06-14,340.0,191.0,1.2,14.9,73.0,2.3,198.4,18.5,4.9
2009-06-15,200.0,98.0,1.3,16.2,72.0,2.1,177.5,18.6,3.24
2009-06-16,310.0,181.0,1.4,15.5,77.0,2.3,195.6,18.6,4.41
2009-06-17,321.0,187.0,1.4,15.4,78.0,2.5,215.7,19.1,4.43
2009-06-18,329.0,193.0,1.4,15.3,78.0,2.1,184.5,19.3,4.64
2009-06-19,333.0,192.0,1.3,15.2,78.0,2.0,176.5,19.6,4.78
2009-06-20,93.0,30.0,1.2,12.6,81.0,2.8,239.7,18.9,1.42
2009-06-21,347.0,191.0,1.1,12.4,76.0,2.4,204.9,17.8,4.41
2009-06-22,340.0,191.0,1.2,13.2,76.0,2.2,186.1,18.0,4.64
2009-06-23,330.0,192.0,1.3,14.0,79.0,2.2,192.8,18.4,4.4
2009-06-24,240.0,135.0,1.3,14.3,79.0,2.3,194.4,18.8,3.31
2009-06-25,296.0,176.0,1.3,14.3,79.0,2.1,183.4,19.0,3.91
2009-06-26,316.0,178.0,1.3,13.6,81.0,2.3,198.9,19.1,4.08
2009-06-27,331.0,189.0,1.3,14.8,75.0,1.8,152.3,19.4,4.92
2009-06-28,335.0,192.0,1.4,15.7,76.0,1.8,158.2,19.6,4.96
2009-06-29,331.0,192.0,1.4,16.0,79.0,1.9,166.5,20.1,4.72
2009-06-30,328.0,188.0,1.4,15.5,79.0,2.0,173.6,20.3,4.52
2009-07-01,312.0,182.0,1.3,15.2,76.0,1.9,166.2,20.3,4.45
2009-07-02,318.0,186.0,1.3,15.2,78.0,1.9,162.9,20.3,4.49
2009-07-03,319.0,189.0,1.4,15.1,80.0,2.2,186.7,20.3,4.32
2009-07-04,322.0,185.0,1.3,15.3,76.0,2.2,189.0,20.3,4.44
2009-07-05,309.0,176.0,1.3,15.2,76.0,2.4,209.7,20.2,4.31
2009-07-06,343.0,194.0,1.3,14.6,76.0,2.4,208.5,20.0,4.78
2009-07-07,343.0,193.0,1.2,13.6,78.0,2.2,193.5,19.5,4.62
2009-07-08,344.0,193.0,1.2,14.0,77.0,2.6,227.8,19.5,4.52
2009-07-09,336.0,190.0,1.2,13.2,78.0,2.0,176.4,19.1,4.57
2009-07-10,326.0,191.0,1.2,14.2,76.0,1.8,159.0,19.1,4.6
2009-07-11,319.0,187.0,1.2,14.6,75.0,1.8,154.7,19.3,4.7
2009-07-12,332.0,190.0,1.3,15.5,71.0,1.9,162.2,19.5,5.08
2009-07-13,332.0,188.0,1.2,16.8,64.0,1.8,154.3,19.6,5.44
2009-07-14,331.0,189.0,1.3,16.9,67.0,1.8,152.4,19.8,5.43
2009-07-15,330.0,189.0,1.4,15.9,76.0,1.8,151.4,20.0,4.95
2009-07-16,308.0,181.0,1.4,15.4,78.0,1.9,163.1,20.2,4.54
2009-07-17,314.0,186.0,1.4,14.9,80.0,2.0,171.6,20.4,4.45
2009-07-18,248.0,142.0,1.4,15.4,79.0,1.9,164.9,20.3,3.77
2009-07-19,305.0,174.0,1.4,16.3,76.0,1.9,159.8,20.2,4.8
2009-07-20,318.0,187.0,1.4,15.1,80.0,2.0,171.1,20.5,4.51
2009-07-21,322.0,188.0,1.3,15.1,78.0,1.9,166.0,20.6,4.63
2009-07-22,318.0,184.0,1.3,14.0,80.0,2.2,194.2,20.4,4.32
2009-07-23,318.0,187.0,1.3,13.6,81.0,2.2,189.6,20.3,4.17
2009-07-24,314.0,179.0,1.3,13.7,82.0,2.4,203.5,20.2,4.08
2009-07-25,303.0,175.0,1.3,14.1,81.0,1.9,166.8,20.2,4.08
2009-07-26,315.0,184.0,1.3,15.0,76.0,1.8,158.6,20.3,4.7
2009-07-27,315.0,181.0,1.3,14.3,79.0,1.9,163.0,20.3,4.43
2009-07-28,272.0,160.0,1.3,13.5,85.0,2.0,170.5,20.3,3.52
2009-07-29,259.0,148.0,1.3,14.0,84.0,1.9,165.0,20.2,3.4
2009-07-30,275.0,164.0,1.4,14.5,83.0,2.1,180.2,20.3,3.68
2009-07-31,288.0,168.0,1.4,14.7,83.0,1.9,161.5,20.4,3.94
2009-08-01,291.0,174.0,1.4,14.5,82.0,2.0,170.6,20.5,3.98
2009-08-02,278.0,161.0,1.3,14.2,82.0,2.1,178.5,20.5,3.87
2009-08-03,310.0,175.0,1.3,15.0,78.0,2.1,185.7,20.5,4.38
2009-08-04,309.0,178.0,1.4,15.6,76.0,2.3,195.2,20.4,4.5
2009-08-05,307.0,175.0,1.4,15.8,79.0,2.2,188.1,20.3,4.47
2009-08-06,309.0,176.0,1.5,16.5,78.0,2.6,224.9,20.3,4.4
2009-08-07,316.0,176.0,1.3,15.3,74.0,2.2,188.2,19.6,4.73
2009-08-08,305.0,175.0,1.3,14.2,81.0,2.2,192.7,19.1,4.19
2009-08-09,290.0,168.0,1.3,15.0,77.0,1.6,139.4,19.0,4.3
2009-08-10,252.0,146.0,1.4,14.9,82.0,2.2,193.0,19.3,3.63
2009-08-11,271.0,157.0,1.4,15.2,82.0,2.0,175.3,19.4,3.79
2009-08-12,293.0,169.0,1.4,15.6,79.0,1.8,151.3,19.6,4.3
2009-08-13,311.0,170.0,1.3,17.2,68.0,2.0,171.8,19.5,5.15
2009-08-14,296.0,167.0,1.3,15.0,75.0,2.4,206.5,19.2,4.3
2009-08-15,287.0,161.0,1.2,13.9,79.0,2.0,168.7,18.8,4.0
2009-08-16,281.0,162.0,1.3,14.0,82.0,1.9,163.6,18.9,3.72
2009-08-17,273.0,155.0,1.3,14.1,82.0,2.0,175.5,19.1,3.61
2009-08-18,279.0,160.0,1.3,14.8,80.0,1.9,159.8,19.2,3.86
2009-08-19,255.0,146.0,1.3,14.5,81.0,1.9,167.3,19.3,3.47
2009-08-20,261.0,148.0,1.3,14.6,80.0,2.0,170.0,19.2,3.59
2009-08-21,279.0,157.0,1.4,15.4,80.0,1.8,157.1,19.2,3.98
2009-08-22,76.0,19.0,1.4,15.3,81.0,1.5,127.6,19.0,1.29
2009-08-23,243.0,131.0,1.4,15.4,82.0,1.9,165.9,18.7,3.45
2009-08-24,274.0,151.0,1.3,14.1,81.0,2.0,170.6,18.8,3.74
2009-08-25,278.0,153.0,1.2,14.0,78.0,1.9,160.3,18.8,3.96
2009-08-26,284.0,155.0,1.2,14.0,75.0,1.7,147.3,18.8,4.29
2009-08-27,290.0,154.0,1.1,20.0,46.0,1.7,150.2,18.7,6.2
2009-08-28,271.0,141.0,0.9,28.2,23.0,2.5,218.0,19.5,7.71
2009-08-29,286.0,146.0,0.9,27.6,24.0,2.2,192.8,19.9,7.61
2009-08-30,277.0,152.0,1.4,16.1,75.0,1.9,163.9,19.8,4.28
2009-08-31,261.0,150.0,1.3,15.2,78.0,1.7,144.6,19.4,3.99
2009-09-01,278.0,156.0,1.3,18.2,63.0,1.5,128.5,19.1,5.11
2009-09-02,259.0,144.0,1.4,21.7,54.0,1.8,155.4,19.5,5.29
2009-09-03,261.0,145.0,1.3,21.0,53.0,1.8,154.5,19.8,5.61
2009-09-04,274.0,147.0,1.3,16.0,72.0,2.2,192.8,19.6,4.22
2009-09-05,279.0,148.0,1.3,14.4,77.0,2.3,199.4,18.9,3.97
2009-09-06,267.0,144.0,1.3,15.3,77.0,2.1,179.5,18.6,4.0
2009-09-07,266.0,143.0,1.2,15.7,70.0,2.1,181.7,18.4,4.2
2009-09-08,263.0,139.0,1.2,14.9,73.0,1.8,151.5,18.1,4.1
2009-09-09,251.0,138.0,1.3,14.8,77.0,1.7,147.6,18.2,3.73
2009-09-10,260.0,139.0,1.3,15.5,72.0,1.6,137.2,18.3,4.16
2009-09-11,191.0,99.0,1.3,14.4,81.0,1.6,141.0,18.3,2.84
2009-09-12,225.0,127.0,1.4,14.0,86.0,1.9,167.4,18.3,2.92
2009-09-13,208.0,109.0,1.3,15.4,75.0,1.6,136.6,18.3,3.05
2009-09-14,216.0,115.0,1.5,15.8,83.0,2.4,204.2,18.6,3.03
2009-09-15,253.0,131.0,1.3,17.8,66.0,2.3,200.4,18.5,4.56
2009-09-16,252.0,130.0,1.4,17.3,71.0,2.1,181.0,18.5,4.29
2009-09-17,252.0,130.0,1.4,16.2,74.0,1.9,163.7,18.5,3.88
2009-09-18,248.0,127.0,1.4,16.8,73.0,1.5,130.6,18.3,4.2
2009-09-19,236.0,121.0,1.4,14.2,84.0,1.8,155.0,18.3,3.2
2009-09-20,233.0,62.0,1.4,14.1,85.0,1.8,157.9,18.3,1.67
2009-09-21,231.0,123.0,1.4,14.2,84.0,1.7,145.3,18.3,3.2
2009-09-22,236.0,125.0,1.3,14.2,83.0,1.6,140.6,18.4,3.29
2009-09-23,240.0,122.0,1.3,15.2,77.0,1.6,138.5,18.4,3.76
2009-09-24,240.0,121.0,1.3,14.5,79.0,1.8,159.8,18.2,3.62
2009-09-25,229.0,122.0,1.3,14.4,79.0,1.6,134.0,18.2,3.34
2009-09-26,235.0,117.0,1.2,16.6,65.0,1.5,131.3,18.1,4.35
2009-09-27,232.0,116.0,1.3,15.8,73.0,1.6,138.6,17.9,3.75
2009-09-28,155.0,74.0,1.4,14.8,83.0,2.1,182.8,18.1,2.18
2009-09-29,214.0,111.0,1.2,13.9,76.0,2.1,185.2,17.9,3.06
2009-09-30,232.0,109.0,0.9,15.1,50.0,2.4,205.1,17.0,4.13
2009-10-01,234.0,105.0,0.6,19.9,25.0,2.6,227.0,16.6,5.72
2009-10-02,229.0,111.0,0.9,15.6,51.0,1.9,164.9,16.5,4.17
2009-10-03,190.0,99.0,1.1,11.3,82.0,2.2,191.7,16.4,2.43
2009-10-04,217.0,111.0,0.9,10.0,74.0,3.0,257.9,15.6,2.91
2009-10-05,219.0,108.0,0.9,10.1,71.0,1.8,158.6,14.8,3.07
2009-10-06,215.0,105.0,0.8,13.2,53.0,2.1,182.8,14.6,3.82
2009-10-07,212.0,105.0,0.9,13.9,60.0,1.9,163.1,14.8,3.48
2009-10-08,200.0,105.0,1.1,11.5,81.0,1.8,159.5,15.3,2.56
2009-10-09,190.0,99.0,1.1,12.4,78.0,1.7,144.5,15.5,2.52
2009-10-10,195.0,104.0,1.1,12.4,79.0,1.8,155.8,15.9,2.57
2009-10-11,142.0,71.0,1.1,13.5,74.0,1.9,167.5,16.1,2.13
2009-10-12,86.0,31.0,1.2,15.4,66.0,3.4,289.5,16.1,2.26
2009-10-13,15.0,-18.0,1.6,16.2,85.0,6.6,570.0,15.4,0.5
2009-10-14,67.0,19.0,1.8,18.0,89.0,2.0,175.3,16.2,1.07
2009-10-15,184.0,94.0,1.7,18.8,78.0,2.0,173.9,17.3,3.07
2009-10-16,194.0,92.0,1.6,24.8,52.0,3.7,321.8,18.0,5.22
2009-10-17,185.0,90.0,1.6,21.1,62.0,1.5,128.5,18.5,3.54
2009-10-18,163.0,79.0,1.5,15.8,85.0,1.6,141.5,18.5,2.29
2009-10-19,148.0,72.0,1.3,14.3,80.0,1.8,157.6,18.1,2.14
2009-10-20,188.0,86.0,1.3,14.4,78.0,2.1,180.3,17.6,2.77
2009-10-21,180.0,82.0,1.2,14.7,73.0,1.9,164.8,17.0,2.87
2009-10-22,181.0,82.0,1.3,16.4,69.0,2.2,191.5,16.9,3.08
2009-10-23,181.0,79.0,1.3,21.3,50.0,1.9,161.6,17.3,3.81
2009-10-24,177.0,81.0,1.3,17.0,69.0,2.0,175.6,17.6,3.03
2009-10-25,181.0,76.0,1.1,19.6,47.0,2.2,188.4,17.3,4.03
2009-10-26,172.0,74.0,1.2,16.7,61.0,1.6,136.0,17.1,3.11
2009-10-27,163.0,70.0,0.9,14.0,53.0,3.2,273.3,16.7,3.42
2009-10-28,178.0,70.0,0.5,12.2,34.0,3.3,288.1,15.2,3.94
2009-10-29,173.0,68.0,0.6,11.2,45.0,2.0,171.6,14.1,3.05
2009-10-30,171.0,69.0,0.8,13.4,51.0,1.8,158.7,13.9,3.07
2009-10-31,171.0,69.0,0.9,16.2,50.0,1.9,167.1,14.2,3.35
2009-11-01,169.0,67.0,1.0,17.8,48.0,1.7,148.3,14.8,3.35
2009-11-02,169.0,67.0,1.0,17.0,50.0,1.5,125.7,15.1,3.25
2009-11-03,166.0,67.0,1.0,14.5,60.0,1.2,106.8,15.0,2.82
2009-11-04,70.0,12.0,1.1,10.4,88.0,1.0,89.3,14.9,0.8
2009-11-05,139.0,51.0,1.1,13.0,76.0,1.4,124.0,14.5,2.11
2009-11-06,158.0,65.0,1.2,12.9,83.0,1.6,136.6,14.7,2.13
2009-11-07,149.0,60.0,1.1,14.3,69.0,2.0,172.2,15.1,2.44
2009-11-08,162.0,59.0,0.7,14.9,43.0,2.7,229.2,14.7,3.54
2009-11-09,133.0,51.0,0.8,11.2,64.0,1.2,107.4,14.2,2.06
2009-11-10,120.0,39.0,0.8,15.6,47.0,1.2,106.6,14.0,2.27
2009-11-11,100.0,37.0,1.0,13.0,65.0,1.2,102.1,14.2,1.67
2009-11-12,50.0,4.0,1.0,11.4,75.0,1.7,146.8,14.1,1.01
2009-11-13,148.0,55.0,0.8,9.7,71.0,1.9,162.9,13.3,2.05
2009-11-14,147.0,54.0,0.8,10.3,68.0,2.1,185.2,12.7,2.18
2009-11-15,148.0,51.0,0.8,12.6,54.0,2.1,184.6,12.8,2.7
2009-11-16,150.0,51.0,0.7,10.0,58.0,1.2,101.3,12.5,2.32
2009-11-17,147.0,52.0,0.9,9.0,76.0,1.5,126.8,12.2,1.95
2009-11-18,133.0,46.0,0.8,12.2,56.0,2.8,242.9,12.3,2.53
2009-11-19,145.0,46.0,0.7,12.3,48.0,1.8,156.7,12.2,2.67
2009-11-20,115.0,42.0,0.9,9.6,78.0,1.4,124.8,12.0,1.55
2009-11-21,136.0,50.0,0.8,11.2,59.0,2.7,230.9,12.2,2.34
2009-11-22,138.0,45.0,0.8,12.1,57.0,2.2,187.4,11.9,2.41
2009-11-23,140.0,44.0,0.8,13.9,50.0,4.5,391.1,12.1,3.22
2009-11-24,140.0,45.0,0.8,11.3,57.0,1.3,112.7,12.0,2.26
2009-11-25,138.0,42.0,0.7,13.5,46.0,1.4,120.0,12.0,2.55
2009-11-26,141.0,39.0,0.7,15.6,39.0,2.2,193.5,12.2,3.38
2009-11-27,88.0,25.0,1.1,10.2,84.0,2.7,236.5,12.3,1.24
2009-11-28,131.0,42.0,0.8,10.1,61.0,2.4,208.1,12.0,2.27
2009-11-29,136.0,38.0,0.6,12.2,41.0,2.1,182.6,11.7,2.67
2009-11-30,136.0,40.0,0.7,9.5,55.0,1.3,109.1,11.4,2.17
2009-12-01,123.0,46.0,0.9,7.8,85.0,1.3,115.9,11.2,1.4
2009-12-02,103.0,39.0,1.0,9.8,80.0,1.7,150.9,11.7,1.26
2009-12-03,128.0,46.0,0.9,8.4,80.0,1.5,132.5,11.8,1.7
2009-12-04,127.0,45.0,0.8,8.6,76.0,1.2,106.2,11.4,1.81
2009-12-05,38.0,0.0,0.9,8.1,81.0,1.7,142.8,11.3,0.59
2009-12-06,66.0,17.0,0.7,6.3,74.0,1.6,139.3,10.5,1.04
2009-12-07,49.0,4.0,0.8,6.8,78.0,3.5,302.8,10.4,0.78
2009-12-08,132.0,39.0,0.5,4.8,53.0,1.9,161.8,9.3,1.77
2009-12-09,129.0,38.0,0.5,6.6,52.0,1.4,124.6,8.9,1.75
2009-12-10,29.0,-5.0,0.9,9.1,75.0,1.9,166.9,9.2,0.51
2009-12-11,54.0,13.0,1.2,12.6,80.0,3.4,294.1,10.1,1.03
2009-12-12,15.0,-14.0,1.3,12.5,87.0,3.4,298.0,11.2,0.22
2009-12-13,90.0,27.0,1.1,11.5,83.0,2.0,172.2,11.4,1.19
2009-12-14,120.0,39.0,1.0,9.1,83.0,1.4,124.1,11.5,1.46
2009-12-15,98.0,36.0,0.9,8.9,82.0,1.1,95.1,11.0,1.29
2009-12-16,120.0,37.0,0.9,10.5,73.0,1.5,131.2,10.8,1.75
2009-12-17,120.0,41.0,0.9,14.4,55.0,2.1,183.9,11.1,2.31
2009-12-18,103.0,29.0,0.9,13.8,55.0,3.0,262.6,11.3,2.39
2009-12-19,110.0,39.0,0.9,12.8,64.0,1.1,95.5,11.4,1.7
2009-12-20,78.0,20.0,0.9,11.5,69.0,0.9,79.1,11.5,1.23
2009-12-21,54.0,12.0,1.0,10.0,83.0,1.5,126.5,11.3,0.74
2009-12-22,127.0,37.0,0.6,8.1,58.0,3.0,260.2,11.0,2.11
2009-12-23,130.0,35.0,0.5,7.6,45.0,2.0,172.5,9.8,2.16
2009-12-24,129.0,37.0,0.6,7.4,57.0,1.3,108.3,9.3,1.85
2009-12-25,128.0,39.0,0.6,7.3,63.0,1.2,106.8,9.2,1.8
2009-12-26,44.0,6.0,0.9,9.0,80.0,2.0,171.8,9.3,0.73
2009-12-27,72.0,18.0,1.0,10.3,82.0,1.3,113.0,10.1,1.01
2009-12-28,66.0,18.0,0.9,10.2,73.0,1.2,102.0,10.3,1.08
2009-12-29,126.0,40.0,0.9,9.8,72.0,1.5,131.5,10.5,1.69
2009-12-30,71.0,16.0,1.0,9.6,87.0,1.7,143.6,10.8,0.84
2009-12-31,124.0,41.0,0.9,9.6,73.0,1.3,111.7,10.7,1.66
2010-01-01,69.0,16.0,0.9,10.9,71.0,1.4,117.0,10.6,1.22
2010-01-02,119.0,32.0,0.8,15.3,48.0,3.4,291.6,10.8,2.91
2010-01-03,133.0,39.0,0.8,11.9,56.0,1.2,102.5,10.9,2.08
2010-01-04,126.0,44.0,0.9,10.7,70.0,1.4,118.9,10.9,1.84
2010-01-05,116.0,35.0,0.7,12.0,53.0,1.3,112.1,10.7,2.0
2010-01-06,121.0,33.0,0.6,14.2,39.0,1.6,136.9,10.8,2.64
2010-01-07,128.0,37.0,0.9,14.6,52.0,1.6,139.4,11.1,2.41
2010-01-08,126.0,40.0,1.1,13.6,69.0,1.3,115.4,11.6,1.88
2010-01-09,76.0,23.0,1.1,11.1,81.0,1.2,107.6,11.7,1.2
2010-01-10,125.0,45.0,1.1,11.3,80.0,1.2,107.9,11.5,1.71
2010-01-11,109.0,38.0,1.0,11.8,75.0,1.1,98.1,11.7,1.63
2010-01-12,70.0,19.0,1.2,12.3,82.0,2.0,176.6,12.0,1.17
2010-01-13,105.0,38.0,1.2,12.0,87.0,2.3,202.3,12.5,1.36
2010-01-14,137.0,44.0,0.9,12.1,63.0,2.5,212.5,12.0,2.34
2010-01-15,97.0,34.0,0.8,11.6,61.0,1.1,92.6,11.6,1.56
2010-01-16,106.0,30.0,0.9,11.2,69.0,1.7,150.8,11.6,1.65
2010-01-17,17.0,-14.0,1.1,10.5,84.0,1.6,138.0,11.4,0.2
2010-01-18,66.0,10.0,1.1,12.4,79.0,4.1,350.6,11.6,1.13
2010-01-19,68.0,17.0,1.0,11.2,77.0,3.5,300.3,11.6,1.13
2010-01-20,21.0,-13.0,1.0,9.9,83.0,4.2,366.2,11.2,0.47
2010-01-21,64.0,8.0,0.9,9.6,79.0,3.5,301.0,10.6,1.01
2010-01-22,39.0,-7.0,0.8,6.6,87.0,1.9,165.4,10.3,0.32
2010-01-23,148.0,54.0,0.9,7.7,82.0,1.4,124.2,9.9,1.72
2010-01-24,107.0,33.0,0.8,7.2,80.0,1.1,97.7,9.9,1.31
2010-01-25,90.0,28.0,0.9,8.8,77.0,1.6,134.2,9.8,1.26
2010-01-26,27.0,-8.0,1.1,10.6,85.0,1.8,154.8,10.4,0.31
2010-01-27,134.0,49.0,1.0,11.6,75.0,1.9,160.8,10.7,1.88
2010-01-28,142.0,56.0,1.0,11.0,78.0,1.7,144.7,11.0,1.98
2010-01-29,134.0,51.0,1.0,9.2,82.0,1.6,140.9,10.8,1.76
2010-01-30,107.0,38.0,1.0,10.3,82.0,1.6,140.8,11.2,1.46
2010-01-31,148.0,54.0,0.9,10.5,73.0,2.2,190.9,11.1,2.15
2010-02-01,103.0,38.0,1.0,9.1,85.0,1.2,107.4,11.1,1.34
2010-02-02,131.0,58.0,1.0,10.1,83.0,1.4,123.9,11.3,1.72
2010-02-03,149.0,61.0,1.0,9.7,81.0,1.4,124.4,11.4,2.0
2010-02-04,86.0,30.0,1.1,11.2,80.0,3.3,285.0,11.5,1.47
2010-02-05,116.0,49.0,1.2,12.6,82.0,4.4,382.9,11.8,1.74
2010-02-06,57.0,9.0,1.1,10.0,86.0,2.0,172.5,12.1,0.71
2010-02-07,93.0,26.0,0.9,7.8,81.0,1.5,129.8,11.1,1.27
2010-02-08,133.0,56.0,0.9,9.2,79.0,1.8,153.7,10.9,1.76
2010-02-09,121.0,55.0,0.9,8.4,79.0,2.2,186.8,11.2,1.49
2010-02-10,161.0,67.0,0.9,8.7,76.0,2.1,181.1,10.7,2.09
2010-02-11,126.0,52.0,0.9,8.3,83.0,1.5,127.7,10.6,1.61
2010-02-12,167.0,71.0,1.0,9.6,84.0,1.7,145.3,10.7,2.17
2010-02-13,171.0,73.0,1.0,11.9,75.0,1.6,141.4,11.4,2.44
2010-02-14,177.0,75.0,1.0,13.8,66.0,1.8,153.0,11.9,2.82
2010-02-15,175.0,74.0,1.0,15.6,55.0,1.9,167.7,12.3,3.15
2010-02-16,176.0,78.0,1.1,16.5,59.0,1.9,164.0,13.0,3.16
2010-02-17,178.0,79.0,1.1,12.8,75.0,1.4,120.4,13.3,2.62
2010-02-18,92.0,37.0,1.1,10.3,90.0,1.6,136.3,13.5,1.09
2010-02-19,94.0,39.0,1.1,11.3,80.0,2.3,201.9,13.4,1.35
2010-02-20,143.0,62.0,1.1,11.1,80.0,1.9,164.1,13.2,1.88
2010-02-21,92.0,34.0,1.1,11.0,84.0,1.8,154.0,13.2,1.24
2010-02-22,185.0,8.0,0.9,10.3,71.0,2.1,178.2,13.0,0.77
2010-02-23,73.0,17.0,0.8,9.5,68.0,1.4,119.6,12.3,1.19
2010-02-24,65.0,18.0,1.2,11.2,90.0,2.2,188.4,12.3,0.7
2010-02-25,193.0,88.0,1.1,11.3,80.0,1.8,155.6,12.7,2.6
2010-02-26,60.0,11.0,1.1,11.5,84.0,2.7,232.7,12.8,0.87
2010-02-27,107.0,47.0,1.1,10.8,84.0,2.5,213.1,12.7,1.36
2010-02-28,175.0,80.0,1.0,10.7,81.0,1.9,161.7,12.5,2.24
2010-03-01,123.0,51.0,1.1,11.1,83.0,1.7,145.8,12.7,1.7
2010-03-02,68.0,18.0,1.1,11.1,85.0,2.4,209.0,12.8,0.95
2010-03-03,107.0,35.0,1.0,8.6,87.0,2.2,192.2,12.2,1.26
2010-03-04,210.0,96.0,0.8,7.9,75.0,2.0,169.2,11.8,2.53
2010-03-05,164.0,77.0,0.8,8.1,75.0,1.4,123.6,11.6,2.09
2010-03-06,104.0,42.0,0.9,9.7,79.0,1.4,121.0,11.9,1.44
2010-03-07,142.0,66.0,1.1,10.7,83.0,2.2,194.0,12.1,1.86
2010-03-08,186.0,91.0,0.9,10.2,72.0,3.2,274.2,12.4,2.56
2010-03-09,225.0,108.0,0.7,7.0,69.0,2.8,237.9,11.6,2.79
2010-03-10,217.0,108.0,0.7,8.0,68.0,2.5,212.7,11.4,2.75
2010-03-11,222.0,107.0,0.7,9.2,65.0,2.0,170.7,11.4,3.09
2010-03-12,182.0,92.0,1.0,10.0,79.0,1.7,146.2,11.7,2.36
2010-03-13,230.0,108.0,0.8,10.4,62.0,2.9,251.4,12.5,3.24
2010-03-14,234.0,111.0,0.7,10.8,52.0,2.5,217.3,12.1,3.64
2010-03-15,233.0,112.0,0.8,12.6,55.0,1.5,133.7,12.5,3.8
2010-03-16,228.0,113.0,1.0,14.4,58.0,1.4,124.4,13.2,3.78
2010-03-17,224.0,113.0,1.1,16.3,60.0,1.8,153.2,14.2,3.97
2010-03-18,233.0,118.0,1.1,13.6,74.0,1.7,150.9,14.7,3.3
2010-03-19,245.0,121.0,0.9,14.7,53.0,1.8,158.9,14.8,4.27
2010-03-20,218.0,111.0,0.9,9.8,75.0,1.4,121.0,14.5,2.99
2010-03-21,190.0,99.0,0.9,8.5,82.0,1.5,127.1,13.9,2.48
2010-03-22,241.0,124.0,1.1,11.6,79.0,1.9,163.1,14.3,3.35
2010-03-23,243.0,125.0,1.0,13.2,65.0,1.9,162.0,14.7,3.62
2010-03-24,225.0,122.0,1.0,9.9,83.0,1.7,147.3,14.7,2.72
2010-03-25,239.0,125.0,0.9,9.8,78.0,2.6,221.2,14.7,2.91
2010-03-26,250.0,128.0,0.8,11.0,64.0,2.3,200.1,14.3,3.61
2010-03-27,245.0,124.0,0.8,14.6,49.0,2.5,219.9,14.6,4.56
2010-03-28,254.0,130.0,0.8,11.5,59.0,1.5,128.2,15.0,3.98
2010-03-29,223.0,120.0,1.0,10.2,81.0,2.1,180.8,14.8,2.78
2010-03-30,181.0,100.0,1.2,12.0,84.0,2.3,196.1,15.3,2.31
2010-03-31,237.0,130.0,0.9,9.6,71.0,2.2,192.6,15.0,2.94
2010-04-01,250.0,130.0,0.9,8.7,76.0,2.4,211.3,14.7,2.95
2010-04-02,214.0,113.0,0.9,10.2,70.0,2.0,169.6,14.1,2.89
2010-04-03,231.0,120.0,0.9,9.9,77.0,2.3,199.3,14.6,2.87
2010-04-04,126.0,56.0,0.9,8.7,78.0,2.9,248.7,13.7,1.83
2010-04-05,254.0,132.0,0.9,9.9,75.0,2.9,254.4,13.6,3.13
2010-04-06,275.0,144.0,0.8,11.5,58.0,2.6,221.6,13.7,4.05
2010-04-07,280.0,143.0,0.8,15.2,48.0,2.5,217.6,14.3,5.06
2010-04-08,275.0,147.0,1.0,11.8,76.0,2.3,194.7,15.0,3.58
2010-04-09,254.0,143.0,1.1,10.9,82.0,2.0,170.9,15.3,3.11
2010-04-10,145.0,70.0,1.0,11.9,70.0,2.8,246.0,15.3,2.37
2010-04-11,81.0,26.0,1.0,11.0,73.0,4.1,356.7,14.2,1.55
2010-04-12,154.0,79.0,1.0,10.4,80.0,2.5,214.1,13.5,2.04
2010-04-13,272.0,149.0,0.9,9.6,76.0,2.1,179.9,13.7,3.45
2010-04-14,277.0,153.0,1.0,9.7,79.0,2.0,176.0,14.1,3.43
2010-04-15,275.0,154.0,1.0,11.4,77.0,1.7,143.9,14.5,3.71
2010-04-16,286.0,158.0,1.0,11.3,77.0,2.0,176.3,15.3,3.7
2010-04-17,267.0,150.0,1.1,13.0,75.0,2.1,183.3,15.6,3.9
2010-04-18,242.0,134.0,1.2,14.2,75.0,2.2,190.8,15.9,3.6
2010-04-19,251.0,143.0,1.2,13.4,80.0,1.8,154.2,16.5,3.36
2010-04-20,207.0,110.0,1.0,11.2,77.0,3.4,293.7,16.6,2.62
2010-04-21,179.0,95.0,0.9,8.5,77.0,3.7,319.2,15.1,2.32
2010-04-22,131.0,59.0,0.9,8.7,81.0,1.7,143.7,14.0,1.79
2010-04-23,292.0,165.0,1.1,10.8,83.0,1.9,165.3,14.3,3.5
2010-04-24,287.0,166.0,1.2,12.1,84.0,1.8,159.0,15.8,3.56
2010-04-25,300.0,168.0,1.1,14.1,71.0,2.0,174.2,16.3,4.63
2010-04-26,294.0,166.0,1.2,14.1,74.0,2.0,170.5,16.7,4.33
2010-04-27,83.0,28.0,1.3,12.4,87.0,2.0,175.5,16.6,1.1
2010-04-28,300.0,168.0,0.9,10.0,76.0,2.7,237.5,15.8,3.65
2010-04-29,310.0,171.0,0.8,9.4,69.0,3.6,311.3,15.1,3.84
2010-04-30,309.0,172.0,0.9,9.7,71.0,2.3,198.2,14.9,3.89
2010-05-01,306.0,167.0,1.0,10.4,78.0,2.1,181.9,15.2,3.76
2010-05-02,313.0,170.0,1.1,13.4,72.0,1.7,150.8,16.0,4.42
2010-05-03,311.0,170.0,1.1,14.0,70.0,2.2,188.9,16.6,4.57
2010-05-04,298.0,168.0,1.1,11.6,83.0,2.0,173.5,17.0,3.68
2010-05-05,310.0,169.0,0.9,10.8,73.0,2.6,223.9,16.7,3.97
2010-05-06,317.0,171.0,0.8,12.4,58.0,2.4,206.0,16.2,4.8
2010-05-07,317.0,171.0,0.9,12.6,61.0,2.6,224.3,16.2,4.55
2010-05-08,308.0,171.0,1.0,11.3,76.0,2.6,220.5,16.1,3.78
2010-05-09,301.0,169.0,1.1,11.6,78.0,3.1,268.0,16.5,3.57
2010-05-10,285.0,160.0,1.0,10.3,77.0,2.6,223.8,16.3,3.58
2010-05-11,320.0,175.0,0.9,10.0,73.0,2.6,228.3,16.1,3.87
2010-05-12,300.0,169.0,1.0,10.9,80.0,2.5,216.7,16.1,3.57
2010-05-13,298.0,172.0,1.1,11.3,82.0,2.2,194.1,16.8,3.56
2010-05-14,296.0,171.0,1.1,11.3,84.0,2.1,183.6,17.4,3.55
2010-05-15,285.0,168.0,1.1,11.2,85.0,2.0,169.3,17.6,3.39
2010-05-16,156.0,77.0,1.1,10.5,87.0,1.9,165.1,17.5,1.84
2010-05-17,117.0,47.0,1.1,11.7,82.0,2.2,187.6,16.7,1.64
2010-05-18,176.0,84.0,1.3,13.6,86.0,2.0,175.2,16.6,2.31
2010-05-19,313.0,176.0,1.2,13.1,78.0,2.3,200.7,17.2,4.17
2010-05-20,324.0,180.0,1.1,13.0,73.0,2.4,209.3,17.6,4.51
2010-05-21,324.0,179.0,0.9,11.1,70.0,3.3,281.9,17.0,4.21
2010-05-22,330.0,180.0,0.8,9.9,62.0,3.7,322.7,16.1,4.29
2010-05-23,328.0,181.0,0.8,8.8,75.0,3.0,260.1,15.4,3.79
2010-05-24,305.0,175.0,0.9,10.7,73.0,2.6,222.1,15.7,3.9
2010-05-25,248.0,142.0,1.1,11.4,83.0,2.0,170.6,16.0,3.12
2010-05-26,232.0,128.0,1.2,13.7,79.0,2.2,187.3,16.8,3.17
2010-05-27,264.0,142.0,1.1,13.3,72.0,2.3,196.6,17.0,3.86
2010-05-28,329.0,182.0,1.0,12.1,70.0,2.8,240.6,16.8,4.46
2010-05-29,333.0,183.0,1.0,15.6,56.0,2.8,238.0,17.0,5.71
2010-05-30,334.0,183.0,1.0,17.1,53.0,2.2,191.7,17.7,5.86
2010-05-31,318.0,178.0,1.2,12.9,79.0,2.1,177.1,18.0,4.21
2010-06-01,251.0,142.0,1.2,12.3,85.0,2.4,205.1,18.1,2.94
2010-06-02,295.0,172.0,1.2,13.1,81.0,2.1,180.5,18.0,3.99
2010-06-03,307.0,176.0,1.4,15.0,80.0,2.2,191.5,18.4,4.39
2010-06-04,320.0,181.0,1.4,15.7,79.0,2.1,184.6,19.0,4.62
2010-06-05,322.0,182.0,1.4,19.4,64.0,2.4,211.4,19.6,5.96
2010-06-06,320.0,184.0,1.4,16.0,76.0,2.2,194.2,20.0,4.83
2010-06-07,316.0,182.0,1.3,13.0,84.0,2.4,205.3,19.9,3.84
2010-06-08,316.0,184.0,1.2,12.4,82.0,2.2,193.9,19.7,3.91
2010-06-09,307.0,170.0,1.2,13.2,79.0,2.7,232.2,19.3,4.15
2010-06-10,327.0,183.0,1.1,12.9,73.0,2.8,245.9,18.9,4.51
2010-06-11,332.0,187.0,1.1,11.7,79.0,2.5,213.3,18.6,4.08
2010-06-12,334.0,187.0,1.2,15.9,66.0,1.9,165.5,18.7,5.27
2010-06-13,331.0,187.0,1.3,14.1,79.0,2.0,169.1,19.1,4.56
2010-06-14,304.0,176.0,1.2,12.5,84.0,1.9,162.9,19.4,3.88
2010-06-15,305.0,176.0,1.1,12.0,81.0,2.3,201.1,19.3,3.72
2010-06-16,313.0,181.0,1.1,12.5,75.0,2.2,194.3,19.3,4.19
2010-06-17,331.0,190.0,1.1,12.2,77.0,2.2,191.2,18.9,4.48
2010-06-18,163.0,77.0,1.1,10.8,83.0,2.1,185.2,18.4,2.09
2010-06-19,332.0,187.0,1.0,11.5,77.0,2.3,202.5,17.9,4.23
2010-06-20,336.0,188.0,1.1,11.8,77.0,2.7,231.8,18.0,4.21
2010-06-21,299.0,173.0,1.2,12.3,81.0,2.0,169.9,18.3,3.84
2010-06-22,321.0,186.0,1.2,12.4,82.0,2.0,169.2,18.7,4.02
2010-06-23,297.0,172.0,1.2,12.3,84.0,2.0,168.6,19.1,3.71
2010-06-24,212.0,113.0,1.2,12.3,84.0,2.0,176.4,19.0,2.77
2010-06-25,233.0,135.0,1.2,12.0,87.0,2.2,190.9,18.7,2.76
2010-06-26,301.0,176.0,1.2,12.8,84.0,2.4,204.3,18.8,3.71
2010-06-27,314.0,183.0,1.3,13.9,79.0,1.9,160.6,19.1,4.31
2010-06-28,300.0,176.0,1.3,14.0,83.0,2.1,179.2,19.3,4.0
2010-06-29,234.0,134.0,1.4,14.0,85.0,1.9,162.2,19.5,3.06
2010-06-30,322.0,187.0,1.2,13.7,79.0,2.3,201.1,19.6,4.33
2010-07-01,328.0,192.0,1.1,12.3,79.0,2.4,210.7,19.0,4.23
2010-07-02,325.0,188.0,1.2,12.5,80.0,2.6,220.3,16.5,4.09
2010-07-03,322.0,189.0,1.2,13.0,80.0,2.2,186.5,16.5,4.23
2010-07-04,288.0,167.0,1.3,14.0,80.0,2.4,210.0,18.6,3.91
2010-07-05,248.0,138.0,1.3,14.4,80.0,2.0,174.5,18.7,3.33
2010-07-06,196.0,100.0,1.3,13.9,81.0,1.9,161.7,18.6,2.67
2010-07-07,179.0,93.0,1.2,13.2,81.0,1.9,161.7,16.5,2.5
2010-07-08,180.0,97.0,1.3,13.2,85.0,2.1,181.5,16.5,2.33
2010-07-09,248.0,143.0,1.3,13.4,84.0,2.1,179.9,16.5,3.19
2010-07-10,281.0,163.0,1.3,13.9,82.0,2.0,170.2,16.5,3.7
2010-07-11,289.0,170.0,1.4,15.1,80.0,1.9,164.6,18.8,4.03
2010-07-12,242.0,135.0,1.4,14.9,81.0,1.8,158.7,19.0,3.32
2010-07-13,326.0,186.0,1.3,15.1,75.0,2.0,172.8,18.8,4.8
2010-07-14,316.0,181.0,1.3,15.4,77.0,2.1,181.7,18.9,4.62
2010-07-15,310.0,179.0,1.4,15.9,78.0,2.3,197.1,19.0,4.54
2010-07-16,281.0,170.0,1.4,14.7,84.0,2.3,196.6,19.1,3.77
2010-07-17,286.0,171.0,1.4,14.5,83.0,2.4,205.2,19.0,3.89
2010-07-18,300.0,176.0,1.3,14.7,79.0,1.9,166.1,19.0,4.33
2010-07-19,315.0,184.0,1.3,14.2,79.0,2.3,195.5,18.9,4.51
2010-07-20,250.0,142.0,1.2,13.0,83.0,2.1,178.1,18.7,3.17
2010-07-21,273.0,157.0,1.2,13.4,81.0,1.9,167.4,18.6,3.57
2010-07-22,283.0,164.0,1.3,13.9,80.0,1.9,167.6,18.6,3.77
2010-07-23,284.0,165.0,1.3,14.1,80.0,1.8,159.3,18.7,3.86
2010-07-24,252.0,148.0,1.3,13.9,83.0,2.2,192.9,18.7,3.29
2010-07-25,198.0,112.0,1.3,13.5,84.0,2.2,189.6,18.5,2.58
2010-07-26,214.0,118.0,1.2,13.3,79.0,1.9,164.9,16.5,2.89
2010-07-27,297.0,170.0,1.1,13.6,73.0,2.1,178.4,16.5,4.06
2010-07-28,305.0,177.0,1.2,13.2,76.0,2.0,173.0,16.5,4.23
2010-07-29,293.0,173.0,1.2,13.5,80.0,2.1,177.6,16.5,3.95
2010-07-30,291.0,170.0,1.3,14.7,80.0,2.0,175.8,16.5,4.0
2010-07-31,269.0,154.0,1.3,14.3,82.0,1.9,163.2,18.7,3.62
2010-08-01,290.0,168.0,1.3,14.6,79.0,1.9,165.9,19.0,3.96
2010-08-02,297.0,172.0,1.3,14.3,79.0,2.0,174.2,19.0,4.04
2010-08-03,289.0,169.0,1.3,13.8,82.0,2.0,171.9,19.0,3.89
2010-08-04,258.0,152.0,1.3,13.2,84.0,2.0,176.1,18.9,3.34
2010-08-05,248.0,144.0,1.2,13.0,83.0,2.0,176.8,18.8,3.18
2010-08-06,259.0,152.0,1.2,13.4,81.0,1.9,166.4,18.6,3.46
2010-08-07,254.0,143.0,1.2,13.5,81.0,2.0,170.3,18.6,3.42
2010-08-08,213.0,114.0,1.3,14.3,79.0,2.1,179.8,18.7,2.97
2010-08-09,278.0,163.0,1.3,14.2,81.0,2.0,175.8,18.7,3.69
2010-08-10,240.0,133.0,1.3,13.9,81.0,1.9,168.0,18.7,3.27
2010-08-11,255.0,149.0,1.3,13.8,82.0,2.1,181.5,18.5,3.31
2010-08-12,245.0,144.0,1.3,13.7,85.0,2.1,179.4,18.6,3.17
2010-08-13,253.0,147.0,1.3,13.6,83.0,2.1,179.1,18.6,3.32
2010-08-14,219.0,124.0,1.3,13.3,85.0,2.1,184.3,18.5,2.86
2010-08-15,274.0,156.0,1.3,13.8,82.0,2.3,195.2,18.3,3.58
2010-08-16,285.0,163.0,1.3,13.9,81.0,2.1,178.3,18.4,3.92
2010-08-17,282.0,161.0,1.3,14.4,78.0,1.8,151.8,18.6,3.97
2010-08-18,278.0,155.0,1.3,15.6,74.0,1.7,148.3,18.7,4.29
2010-08-19,266.0,154.0,1.3,13.4,83.0,1.9,165.9,18.7,3.53
2010-08-20,260.0,149.0,1.3,13.0,85.0,1.9,167.4,18.6,3.31
2010-08-21,227.0,125.0,1.3,13.2,83.0,2.1,181.4,18.5,3.02
2010-08-22,282.0,158.0,1.2,14.5,72.0,2.1,182.9,18.2,4.38
2010-08-23,286.0,151.0,1.0,22.8,38.0,2.2,193.5,18.5,6.65
2010-08-24,278.0,149.0,1.2,22.3,44.0,1.7,150.7,19.2,5.88
2010-08-25,273.0,151.0,1.5,16.3,80.0,1.7,148.7,19.6,4.0
2010-08-26,255.0,147.0,1.4,14.5,84.0,2.1,178.2,19.4,3.45
2010-08-27,237.0,137.0,1.3,13.8,83.0,2.2,187.7,19.0,3.09
2010-08-28,260.0,147.0,1.2,14.0,75.0,2.3,203.0,18.5,3.58
2010-08-29,265.0,152.0,1.2,12.7,80.0,2.5,219.2,16.5,3.47
2010-08-30,264.0,150.0,1.2,14.0,78.0,2.2,190.9,16.5,3.69
2010-08-31,276.0,149.0,1.3,14.4,78.0,2.0,169.0,16.5,4.04
2010-09-01,275.0,148.0,1.2,21.1,47.0,2.1,177.5,18.2,5.55
2010-09-02,279.0,152.0,1.3,16.2,70.0,1.7,149.5,18.5,4.48
2010-09-03,253.0,144.0,1.3,13.1,84.0,1.8,157.8,18.3,3.4
2010-09-04,252.0,145.0,1.3,12.9,86.0,1.9,161.6,18.1,3.29
2010-09-05,259.0,146.0,1.2,12.5,83.0,2.0,173.3,18.0,3.4
2010-09-06,256.0,144.0,1.2,13.2,81.0,2.2,187.1,17.6,3.5
2010-09-07,99.0,39.0,1.3,12.9,85.0,1.7,149.1,17.5,1.4
2010-09-08,176.0,93.0,1.3,14.6,81.0,2.0,170.4,17.3,2.5
2010-09-09,264.0,138.0,1.2,12.9,77.0,2.3,198.0,17.1,3.63
2010-09-10,261.0,135.0,1.2,15.4,67.0,2.1,183.8,17.1,4.3
2010-09-11,256.0,135.0,1.2,12.9,83.0,1.7,151.1,17.2,3.34
2010-09-12,228.0,122.0,1.2,12.6,84.0,1.9,167.4,17.3,2.83
2010-09-13,244.0,131.0,1.1,12.1,78.0,2.0,168.7,17.1,3.22
2010-09-14,240.0,128.0,1.1,12.0,82.0,1.7,148.1,16.9,3.19
2010-09-15,238.0,128.0,1.2,12.9,83.0,1.9,162.3,17.0,3.18
2010-09-16,252.0,129.0,1.2,14.5,75.0,1.9,160.4,17.1,3.84
2010-09-17,236.0,127.0,1.3,14.1,84.0,1.7,149.3,17.3,3.26
2010-09-18,160.0,74.0,1.4,14.5,88.0,1.9,166.6,17.6,2.1
2010-09-19,235.0,122.0,1.4,15.1,82.0,2.3,198.1,17.5,3.36
2010-09-20,242.0,123.0,1.4,14.4,83.0,2.3,195.2,17.6,3.29
2010-09-21,196.0,107.0,1.2,12.8,83.0,2.2,188.4,17.1,2.62
2010-09-22,212.0,106.0,1.2,12.8,78.0,2.3,195.3,16.7,2.98
2010-09-23,213.0,106.0,1.1,16.5,58.0,2.1,180.0,16.8,4.18
2010-09-24,215.0,105.0,1.1,21.1,44.0,1.9,166.0,17.4,4.7
2010-09-25,216.0,102.0,1.0,25.1,31.0,2.0,170.7,18.0,5.89
2010-09-26,216.0,101.0,1.1,24.4,35.0,2.3,198.9,18.6,5.77
2010-09-27,217.0,99.0,1.0,30.4,22.0,2.9,253.8,19.2,7.05
2010-09-28,191.0,88.0,1.1,27.1,31.0,1.9,160.5,19.9,5.56
2010-09-29,206.0,104.0,1.4,19.6,62.0,1.5,131.0,19.7,3.93
2010-09-30,198.0,96.0,1.4,15.6,77.0,1.6,138.5,19.1,3.1
2010-10-01,176.0,93.0,1.4,16.0,74.0,1.6,142.0,18.6,3.0
2010-10-02,206.0,101.0,1.4,15.8,77.0,1.6,142.4,18.3,3.18
2010-10-03,170.0,93.0,1.3,14.0,84.0,2.0,172.5,18.2,2.36
2010-10-04,171.0,90.0,1.2,14.0,76.0,3.3,283.5,17.5,2.45
2010-10-05,85.0,26.0,1.2,12.7,79.0,1.3,113.3,16.7,1.29
2010-10-06,44.0,3.0,1.3,13.1,88.0,1.5,133.4,16.3,0.51
2010-10-07,190.0,88.0,1.1,13.0,76.0,1.6,138.1,15.9,2.82
2010-10-08,204.0,102.0,1.2,15.9,67.0,2.3,199.8,15.9,3.71
2010-10-09,206.0,96.0,1.0,21.9,40.0,2.8,240.2,16.5,5.23
2010-10-10,202.0,97.0,1.2,18.4,56.0,1.7,144.0,17.2,3.75
2010-10-11,201.0,96.0,1.3,20.9,51.0,2.1,179.1,17.4,4.75
2010-10-12,165.0,87.0,1.5,15.3,84.0,1.6,137.9,17.9,2.39
2010-10-13,234.0,95.0,1.3,14.8,78.0,1.6,139.9,18.4,2.62
2010-10-14,195.0,96.0,1.3,13.0,87.0,1.6,134.2,17.6,2.53
2010-10-15,122.0,59.0,1.4,13.8,88.0,1.7,148.7,17.7,1.61
2010-10-16,129.0,64.0,1.4,14.0,86.0,1.5,129.9,17.7,1.71
2010-10-17,62.0,15.0,1.4,13.5,88.0,1.7,145.7,17.4,0.91
2010-10-18,169.0,82.0,1.2,13.2,81.0,1.7,150.7,16.7,2.41
2010-10-19,172.0,81.0,1.3,13.9,81.0,1.9,162.7,16.8,2.43
2010-10-20,158.0,79.0,1.3,13.0,86.0,1.8,159.7,17.1,2.05
2010-10-21,39.0,0.0,1.2,11.8,90.0,1.3,115.9,16.9,0.37
2010-10-22,125.0,52.0,1.2,13.0,83.0,1.4,122.9,16.1,1.79
2010-10-23,161.0,75.0,1.2,13.4,78.0,1.7,145.3,16.6,2.33
2010-10-24,32.0,-5.0,1.5,14.5,90.0,1.8,154.5,16.6,0.32
2010-10-25,175.0,75.0,1.1,14.1,70.0,2.8,241.6,16.5,2.94
2010-10-26,177.0,74.0,0.8,14.1,51.0,2.9,247.3,15.5,3.31
2010-10-27,160.0,62.0,0.6,14.7,33.0,2.1,181.4,14.9,3.67
2010-10-28,167.0,71.0,0.7,14.0,46.0,1.9,161.1,14.7,3.48
2010-10-29,146.0,60.0,0.9,12.4,63.0,1.8,152.9,14.7,2.46
2010-10-30,102.0,32.0,1.2,12.4,83.0,1.8,156.5,14.9,1.48
2010-10-31,153.0,63.0,1.1,12.0,79.0,1.7,147.2,14.5,2.17
2010-11-01,156.0,61.0,1.0,20.6,41.0,3.6,314.5,14.9,4.42
2010-11-02,157.0,60.0,1.0,22.2,38.0,2.5,213.8,15.9,4.5
2010-11-03,154.0,63.0,1.2,17.4,58.0,1.2,105.6,16.4,2.87
2010-11-04,146.0,58.0,1.1,18.0,54.0,1.2,107.2,16.5,3.15
2010-11-05,141.0,53.0,1.2,12.8,80.0,1.3,114.7,16.4,2.04
2010-11-06,43.0,1.0,1.3,12.9,86.0,1.7,150.8,15.8,0.66
2010-11-07,51.0,9.0,1.2,12.1,88.0,2.1,180.6,15.0,0.75
2010-11-08,155.0,59.0,1.0,10.9,75.0,2.3,197.7,14.5,2.18
2010-11-15,182.0,48.0,1.1,17.5,55.0,1.4,123.3,14.9,2.13
2010-11-16,88.0,52.0,1.1,14.0,72.0,1.7,146.3,15.0,2.27
2010-11-17,142.0,51.0,1.1,13.7,72.0,1.9,167.5,14.6,2.12
2010-11-18,88.0,33.0,1.1,9.7,89.0,1.5,128.1,14.4,1.03
2010-11-19,18.0,-15.0,1.1,10.7,87.0,1.5,130.6,14.1,0.13
2010-11-20,116.0,40.0,1.0,10.5,78.0,2.3,201.2,13.5,1.53
2010-11-21,128.0,42.0,0.9,8.3,78.0,2.3,202.2,12.8,1.6
2010-11-22,144.0,49.0,0.9,8.2,80.0,1.4,121.4,12.0,1.76
2010-11-23,46.0,3.0,0.9,7.8,86.0,2.1,180.3,11.6,0.57
2010-11-24,142.0,43.0,0.5,5.8,56.0,2.2,187.0,10.4,1.95
2010-11-25,137.0,44.0,0.5,7.9,48.0,2.4,205.9,9.7,2.39
2010-11-26,141.0,43.0,0.6,5.9,69.0,1.2,106.8,9.4,1.83
2010-11-27,48.0,5.0,0.8,6.2,88.0,1.7,143.0,9.3,0.52
2010-11-28,138.0,41.0,0.7,6.4,70.0,2.3,197.8,9.0,1.85
2010-11-29,136.0,38.0,0.5,6.4,54.0,1.9,160.0,8.5,2.09
2010-11-30,126.0,38.0,0.6,6.9,59.0,1.3,112.6,8.4,1.86
2010-12-01,126.0,38.0,0.6,9.4,53.0,1.2,104.6,9.0,1.98
2010-12-02,100.0,35.0,0.8,9.0,66.0,1.1,96.3,9.5,1.56
2010-12-03,63.0,17.0,0.9,10.9,68.0,1.1,98.1,10.0,1.01
2010-12-04,59.0,17.0,1.0,11.6,74.0,1.5,131.6,10.7,1.02
2010-12-05,52.0,11.0,0.9,11.2,64.0,2.8,243.4,10.9,1.39
2010-12-06,121.0,38.0,1.1,11.8,81.0,1.7,150.2,10.9,1.57
2010-12-07,128.0,43.0,0.9,10.7,74.0,1.4,123.3,11.2,1.81
2010-12-08,96.0,35.0,0.9,8.6,84.0,1.2,101.6,10.6,1.29
2010-12-09,103.0,39.0,1.2,11.2,90.0,1.4,121.7,11.1,1.26
2010-12-10,90.0,35.0,1.2,10.6,93.0,1.4,120.2,12.0,1.03
2010-12-11,112.0,41.0,1.2,16.7,63.0,2.7,230.0,12.5,2.42
2010-12-12,126.0,40.0,1.1,15.7,60.0,1.3,112.1,13.0,2.24
2010-12-13,120.0,40.0,1.1,10.3,86.0,1.4,118.6,12.7,1.47
2010-12-14,82.0,38.0,1.3,12.8,88.0,2.1,180.5,13.3,1.37
2010-12-15,63.0,19.0,1.1,10.3,85.0,1.3,110.0,13.3,0.91
2010-12-16,105.0,35.0,0.8,9.9,68.0,1.4,119.2,12.3,1.53
2010-12-17,25.0,-6.0,1.2,11.9,86.0,3.9,332.9,12.2,0.52
2010-12-18,9.0,-18.0,1.3,12.7,89.0,3.9,338.6,12.4,0.16
2010-12-19,8.0,-18.0,1.4,13.1,91.0,2.4,207.2,12.9,0.08
2010-12-20,14.0,-14.0,1.1,9.0,92.0,0.9,75.1,12.0,0.04
2010-12-21,54.0,12.0,1.1,11.0,84.0,2.8,241.8,11.5,0.88
2010-12-22,66.0,3.0,1.2,11.5,88.0,2.1,179.0,12.1,0.78
2010-12-23,123.0,39.0,1.0,9.6,84.0,1.3,109.8,12.1,1.46
2010-12-24,101.0,35.0,1.0,8.4,88.0,1.1,90.8,11.5,1.12
2010-12-25,10.0,-17.0,1.0,9.8,86.0,2.4,209.3,11.3,0.18
2010-12-26,106.0,31.0,0.9,8.6,81.0,1.5,125.5,10.7,1.35
2010-12-27,112.0,32.0,0.8,10.8,65.0,2.4,204.6,10.3,1.8
2010-12-28,97.0,33.0,0.9,11.0,70.0,2.0,175.9,10.4,1.6
2010-12-29,99.0,33.0,0.9,9.3,78.0,4.5,389.9,10.9,1.54
2010-12-30,128.0,35.0,0.5,6.2,52.0,2.3,198.8,9.0,2.04
2010-12-31,98.0,30.0,0.7,6.5,71.0,1.3,111.7,8.2,1.28
2011-01-01,27.0,-7.0,0.7,7.9,68.0,3.2,272.6,8.3,0.85
2011-01-02,17.0,-14.0,0.9,7.5,84.0,3.0,259.4,8.3,0.26
2011-01-03,92.0,35.0,0.8,7.1,84.0,1.1,94.3,8.6,1.12
2011-01-04,129.0,37.0,0.7,8.8,63.0,2.3,197.6,8.4,2.07
2011-01-05,113.0,33.0,0.7,9.2,58.0,1.6,136.9,8.4,1.78
2011-01-06,103.0,33.0,0.7,9.9,57.0,1.1,99.0,8.4,1.61
2011-01-07,132.0,41.0,0.9,10.0,70.0,1.6,137.9,9.4,1.77
2011-01-08,132.0,42.0,0.8,7.0,81.0,1.3,115.6,9.6,1.49
2011-01-09,134.0,40.0,0.6,5.2,73.0,1.6,136.0,8.7,1.56
2011-01-10,134.0,40.0,0.5,7.4,51.0,1.7,149.7,8.0,2.01
2011-01-11,60.0,15.0,0.7,9.2,64.0,0.9,79.7,8.6,0.99
2011-01-12,128.0,42.0,0.8,10.1,64.0,1.3,112.8,9.4,1.95
2011-01-13,124.0,41.0,1.0,13.3,63.0,2.1,182.6,9.7,2.29
2011-01-14,131.0,43.0,1.0,14.0,65.0,3.9,337.4,11.0,2.42
2011-01-15,130.0,41.0,0.9,16.6,48.0,2.6,224.5,11.3,3.04
2011-01-16,126.0,37.0,1.0,17.4,49.0,2.1,185.3,12.1,2.93
2011-01-17,134.0,46.0,1.2,17.5,58.0,2.7,230.8,12.9,3.0
2011-01-18,118.0,37.0,0.8,15.2,47.0,2.6,221.4,13.1,2.95
2011-01-19,139.0,49.0,0.9,12.0,66.0,2.1,184.2,12.1,2.11
2011-01-20,144.0,49.0,0.8,11.7,62.0,1.3,116.6,11.8,2.26
2011-01-21,144.0,48.0,0.7,11.0,55.0,1.2,103.1,11.5,2.31
2011-01-22,143.0,48.0,0.8,13.2,52.0,1.7,148.3,11.5,2.67
2011-01-23,145.0,50.0,0.8,11.8,57.0,1.4,119.4,11.9,2.44
2011-01-24,147.0,48.0,0.8,14.5,46.0,1.8,153.7,11.7,2.96
2011-01-25,151.0,51.0,0.8,13.8,50.0,1.3,112.7,12.1,2.59
2011-01-26,151.0,51.0,0.7,12.4,51.0,1.3,115.1,12.0,2.68
2011-01-27,156.0,54.0,0.8,11.4,56.0,1.4,119.6,11.8,2.54
2011-01-28,152.0,59.0,1.0,9.8,79.0,1.7,145.0,11.6,1.94
2011-01-29,117.0,52.0,1.0,10.3,83.0,1.6,140.1,12.3,1.43
2011-01-30,92.0,37.0,1.1,10.3,87.0,2.6,222.3,12.3,1.12
2011-01-31,156.0,58.0,0.9,9.1,78.0,2.0,174.8,11.5,1.96
2011-02-01,156.0,59.0,0.8,9.9,70.0,2.6,224.1,11.2,2.35
2011-02-02,162.0,59.0,0.7,8.5,62.0,1.8,151.3,10.9,2.43
2011-02-03,161.0,61.0,0.7,7.0,72.0,1.5,125.5,10.4,2.07
2011-02-04,142.0,54.0,0.7,10.4,59.0,1.7,147.5,10.2,2.36
2011-02-05,157.0,60.0,0.8,15.6,45.0,2.5,214.3,10.9,3.46
2011-02-06,152.0,54.0,0.9,16.3,49.0,2.0,172.2,12.2,3.13
2011-02-07,169.0,68.0,1.0,12.3,72.0,1.6,140.4,12.5,2.55
2011-02-08,174.0,65.0,0.7,10.7,51.0,2.7,231.0,12.5,3.05
2011-02-09,177.0,62.0,0.5,12.4,36.0,2.6,224.0,11.8,3.59
2011-02-10,180.0,63.0,0.5,13.0,37.0,3.1,266.7,11.7,3.77
2011-02-11,184.0,67.0,0.6,10.6,49.0,1.5,129.3,11.3,3.03
2011-02-12,187.0,69.0,0.6,10.4,50.0,1.3,115.9,11.2,3.14
2011-02-13,163.0,67.0,0.8,8.9,70.0,1.5,128.6,10.8,2.23
2011-02-14,53.0,9.0,1.1,11.0,85.0,2.5,212.3,10.9,0.7
2011-02-15,159.0,39.0,0.9,12.9,63.0,3.0,255.8,12.5,3.22
2011-02-16,122.0,51.0,1.0,9.7,80.0,3.3,281.2,12.1,1.58
2011-02-17,107.0,43.0,0.9,8.9,75.0,3.9,333.2,10.9,1.76
2011-02-18,46.0,4.0,1.0,9.9,79.0,4.2,365.9,10.5,0.88
2011-02-19,60.0,13.0,0.8,6.3,83.0,2.2,188.8,9.8,0.67
2011-02-20,129.0,42.0,0.7,5.8,80.0,1.6,141.7,9.1,1.53
2011-02-21,163.0,61.0,0.7,6.0,73.0,1.6,134.1,9.0,1.93
2011-02-22,187.0,84.0,0.7,7.5,68.0,2.1,178.5,9.2,2.54
2011-02-23,170.0,69.0,0.7,6.4,75.0,2.1,184.9,9.1,2.03
2011-02-24,178.0,86.0,0.8,8.2,72.0,2.1,179.9,9.4,2.25
2011-02-25,29.0,-8.0,0.9,8.3,86.0,2.8,238.2,9.9,0.34
2011-02-26,183.0,74.0,0.6,4.6,66.0,2.2,186.6,9.1,2.1
2011-02-27,209.0,92.0,0.6,5.3,65.0,2.0,172.3,8.3,2.54
2011-02-28,209.0,94.0,0.7,6.0,74.0,1.6,137.4,8.7,2.43
2011-03-01,180.0,81.0,0.7,7.1,73.0,1.7,146.5,9.1,2.23
2011-03-02,56.0,9.0,1.1,11.0,83.0,2.6,226.2,10.0,0.88
2011-03-03,189.0,94.0,1.2,11.6,86.0,1.6,137.0,11.4,2.31
2011-03-04,205.0,101.0,1.0,12.1,72.0,1.9,166.2,12.1,3.03
2011-03-05,197.0,97.0,1.0,12.2,70.0,1.6,142.1,12.4,3.05
2011-03-06,74.0,22.0,1.2,11.3,89.0,2.0,170.5,12.7,0.86
2011-03-07,200.0,97.0,1.0,10.5,76.0,3.9,337.2,12.6,2.56
2011-03-08,188.0,86.0,1.0,11.0,74.0,2.4,203.6,11.9,2.57
2011-03-09,221.0,107.0,1.0,13.5,67.0,1.7,143.9,12.6,3.31
2011-03-10,208.0,106.0,1.1,10.8,86.0,1.8,159.5,13.5,2.49
2011-03-11,201.0,94.0,1.0,10.3,81.0,2.3,198.4,13.8,2.59
2011-03-12,203.0,98.0,0.9,8.8,79.0,1.9,160.3,13.0,2.61
2011-03-13,193.0,90.0,1.0,10.6,76.0,1.8,154.8,12.8,2.72
2011-03-14,199.0,97.0,1.2,12.5,85.0,1.9,161.7,13.3,2.53
2011-03-15,246.0,109.0,1.3,13.3,85.0,2.8,245.2,14.8,2.62
2011-03-16,179.0,92.0,1.2,13.4,76.0,2.2,187.1,14.9,2.59
2011-03-17,234.0,118.0,0.7,10.5,58.0,2.0,171.7,14.3,3.49
2011-03-18,152.0,69.0,0.9,7.9,80.0,2.0,175.5,13.2,2.11
2011-03-19,50.0,4.0,1.0,8.6,86.0,3.8,329.4,11.9,0.63
2011-03-20,28.0,-11.0,1.0,7.9,90.0,0.8,68.1,10.9,0.13
2011-03-21,218.0,111.0,0.8,7.8,78.0,1.9,164.5,11.0,2.51
2011-03-22,212.0,105.0,0.8,9.2,68.0,2.0,173.6,11.5,2.88
2011-03-23,48.0,2.0,0.9,8.6,83.0,3.1,269.2,11.4,0.63
2011-03-24,80.0,24.0,1.0,9.4,84.0,4.0,343.5,10.8,1.23
2011-03-25,209.0,107.0,0.9,9.2,79.0,1.7,149.5,11.3,2.53
2011-03-26,46.0,2.0,1.1,9.4,89.0,2.1,178.4,11.6,0.39
2011-03-27,246.0,121.0,0.9,8.6,81.0,2.0,169.9,11.5,2.9
2011-03-28,248.0,130.0,1.0,10.3,77.0,2.1,177.7,12.1,3.17
2011-03-29,244.0,126.0,1.0,13.6,65.0,2.5,217.0,12.8,3.74
2011-03-30,199.0,108.0,1.1,17.9,53.0,2.6,225.8,13.8,4.11
2011-03-31,267.0,137.0,1.3,21.9,48.0,1.8,152.6,15.2,5.38
2011-04-01,267.0,140.0,1.4,17.4,70.0,1.6,137.2,16.4,4.37
2011-04-02,73.0,20.0,1.2,12.2,87.0,1.8,156.3,16.0,0.9
2011-04-03,257.0,138.0,1.0,12.0,75.0,2.2,186.8,15.5,3.23
2011-04-04,275.0,140.0,0.9,14.3,53.0,2.1,181.3,15.4,4.57
2011-04-05,271.0,145.0,1.1,11.6,78.0,2.1,178.0,15.5,3.44
2011-04-06,275.0,147.0,1.0,10.2,81.0,2.2,191.3,15.3,3.3
2011-04-07,211.0,110.0,0.8,7.2,78.0,2.8,238.6,14.5,2.38
2011-04-08,236.0,118.0,0.6,5.6,71.0,1.9,166.4,13.4,2.74
2011-04-09,249.0,131.0,0.8,7.6,76.0,2.3,199.8,13.1,2.97
2011-04-10,280.0,149.0,0.8,8.6,75.0,2.2,187.5,13.3,3.39
2011-04-11,244.0,138.0,0.9,10.4,75.0,1.8,159.5,13.8,3.41
2011-04-12,279.0,157.0,1.0,9.5,81.0,2.3,196.1,14.3,3.19
2011-04-13,269.0,152.0,0.9,9.5,74.0,2.8,240.9,14.3,3.17
2011-04-14,348.0,117.0,0.9,12.7,58.0,0.6,55.5,14.4,2.99
2011-04-15,285.0,155.0,0.9,14.4,54.0,0.6,54.3,14.6,4.15
2011-04-16,282.0,157.0,1.2,16.8,65.0,0.6,53.4,15.7,4.12
2011-04-17,274.0,158.0,1.3,13.4,82.0,0.7,57.9,16.2,3.64
2011-04-18,219.0,122.0,1.2,10.9,89.0,0.6,52.0,16.3,2.7
2011-04-19,226.0,131.0,1.3,12.1,89.0,0.6,51.9,16.4,2.97
2011-04-20,209.0,116.0,1.1,12.2,78.0,0.6,49.6,16.5,2.82
2011-04-21,211.0,113.0,1.2,11.6,85.0,0.6,54.9,16.5,2.7
2011-04-22,236.0,134.0,1.0,9.7,85.0,0.6,51.1,15.6,2.95
2011-04-23,253.0,145.0,1.0,11.8,70.0,0.6,49.8,15.7,3.33
2011-04-24,173.0,89.0,1.2,11.6,86.0,0.6,53.6,15.9,2.22
2011-04-25,253.0,143.0,1.1,11.1,84.0,0.6,54.4,15.6,3.28
2011-04-26,306.0,168.0,0.9,11.7,63.0,0.7,61.4,15.4,4.0
2011-04-27,303.0,168.0,0.9,12.0,63.0,0.7,57.0,15.4,4.04
2011-04-28,301.0,169.0,1.0,10.6,79.0,0.6,53.4,15.6,3.83
2011-04-29,313.0,171.0,0.7,11.7,54.0,0.7,60.3,15.5,4.02
2011-04-30,319.0,170.0,0.7,13.2,47.0,0.7,57.5,15.7,4.49
2011-05-01,321.0,165.0,0.7,13.7,46.0,0.6,52.0,15.9,4.71
2011-05-02,319.0,169.0,0.9,14.1,55.0,0.6,48.9,16.3,4.83
2011-05-03,312.0,170.0,1.0,12.4,71.0,0.6,52.9,16.7,4.28
2011-05-04,317.0,167.0,0.9,20.6,38.0,0.6,55.6,17.2,5.3
2011-05-05,311.0,170.0,1.2,16.5,62.0,0.6,50.0,18.0,4.73
2011-05-06,310.0,173.0,1.2,12.3,82.0,0.6,52.8,17.8,4.12
2011-05-07,255.0,143.0,1.1,11.7,79.0,0.6,55.2,17.3,3.25
2011-05-08,294.0,166.0,1.0,11.7,76.0,0.8,66.0,16.8,3.68
2011-05-09,332.0,161.0,0.9,10.4,75.0,3.2,272.2,16.1,3.45
2011-05-10,284.0,159.0,1.0,9.4,84.0,2.3,200.4,15.4,3.12
2011-05-11,290.0,168.0,1.0,11.2,78.0,2.2,191.5,15.9,3.5
2011-05-12,308.0,175.0,1.1,11.6,79.0,1.7,149.6,16.4,4.05
2011-05-13,304.0,170.0,1.1,10.9,82.0,2.3,195.1,16.4,3.62
2011-05-14,295.0,167.0,0.9,11.2,70.0,2.7,236.2,16.2,3.76
2011-05-15,290.0,157.0,0.9,10.3,72.0,2.4,209.5,15.9,3.67
2011-05-16,165.0,76.0,1.0,11.4,71.0,3.9,334.1,15.2,2.4
2011-05-17,144.0,62.0,1.1,11.2,80.0,2.4,208.0,14.7,2.03
2011-05-18,280.0,153.0,1.1,11.2,82.0,3.7,317.5,14.9,3.08
2011-05-19,306.0,178.0,1.1,10.8,83.0,2.3,194.5,15.1,3.63
2011-05-20,314.0,180.0,1.1,11.7,83.0,2.3,198.9,16.1,3.61
2011-05-21,309.0,177.0,1.1,11.9,80.0,2.3,200.7,16.6,3.88
2011-05-22,285.0,162.0,1.0,10.8,81.0,2.2,188.2,16.7,3.42
2011-05-23,324.0,180.0,1.0,10.3,79.0,3.0,261.4,16.5,3.76
2011-05-24,327.0,182.0,1.0,10.2,77.0,2.2,189.3,16.3,4.05
2011-05-25,282.0,167.0,1.1,11.6,81.0,2.2,191.9,16.7,3.52
2011-05-26,327.0,181.0,1.0,12.4,70.0,3.1,266.5,16.8,4.56
2011-05-27,322.0,181.0,1.1,13.5,68.0,3.1,271.4,16.6,4.59
2011-05-28,326.0,182.0,1.0,11.8,74.0,2.8,240.4,16.6,4.1
2011-05-29,329.0,182.0,0.9,10.3,75.0,3.3,285.6,16.5,3.83
2011-05-30,333.0,185.0,0.9,9.8,76.0,2.4,207.6,15.9,4.13
2011-05-31,302.0,173.0,1.0,10.1,78.0,1.9,167.5,15.9,3.9
2011-06-01,330.0,181.0,1.0,10.9,75.0,2.9,254.7,16.0,4.2
2011-06-02,332.0,185.0,0.9,11.3,70.0,3.4,289.4,15.9,4.24
2011-06-03,241.0,132.0,1.1,11.6,78.0,2.1,177.9,15.8,3.1
2011-06-04,69.0,13.0,1.2,12.7,83.0,3.3,280.8,16.5,1.03
2011-06-05,175.0,86.0,1.2,13.0,80.0,2.4,210.6,16.5,2.45
2011-06-06,302.0,168.0,1.2,13.6,78.0,2.4,209.6,16.3,3.97
2011-06-07,321.0,185.0,1.3,13.9,79.0,2.2,192.6,17.4,4.36
2011-06-08,229.0,130.0,1.2,12.7,82.0,2.2,188.0,17.8,2.9
2011-06-09,313.0,183.0,1.2,13.1,80.0,2.4,205.5,18.0,3.85
2011-06-10,266.0,151.0,1.2,12.5,83.0,2.1,180.5,18.4,3.31
2011-06-11,275.0,162.0,1.2,12.6,79.0,2.4,206.6,18.4,3.42
2011-06-12,320.0,185.0,1.2,13.4,81.0,2.3,199.3,18.7,4.01
2011-06-13,303.0,176.0,1.3,13.4,84.0,2.1,178.3,19.2,3.91
2011-06-14,313.0,181.0,1.3,13.9,82.0,1.8,153.4,19.8,4.1
2011-06-15,327.0,187.0,1.3,14.0,80.0,2.1,181.3,20.0,4.44
2011-06-16,147.0,70.0,1.2,12.5,82.0,2.4,206.2,19.3,2.06
2011-06-17,299.0,172.0,1.2,13.3,76.0,2.0,174.4,18.8,3.89
2011-06-18,253.0,141.0,1.2,13.0,81.0,1.9,167.3,19.1,3.22
2011-06-19,291.0,166.0,1.2,13.4,81.0,2.1,181.8,19.4,3.82
2011-06-20,330.0,188.0,1.3,13.9,82.0,2.1,182.8,19.7,4.44
2011-06-21,317.0,184.0,1.3,14.1,83.0,1.9,168.0,20.2,4.23
2011-06-22,305.0,177.0,1.3,13.5,84.0,1.8,154.5,20.5,4.01
2011-06-23,313.0,180.0,1.2,12.9,83.0,1.9,167.4,20.7,4.03
2011-06-24,273.0,154.0,1.1,11.6,84.0,1.9,163.3,20.3,3.4
2011-06-25,280.0,159.0,1.2,12.3,82.0,2.2,191.5,19.9,3.42
2011-06-26,324.0,186.0,1.2,12.8,80.0,2.3,195.9,19.6,4.08
2011-06-27,300.0,173.0,1.2,12.4,84.0,2.0,169.4,19.4,3.82
2011-06-28,303.0,177.0,1.3,13.2,84.0,1.9,160.7,19.6,3.87
2011-06-29,308.0,177.0,1.2,13.8,79.0,2.6,226.4,19.8,4.05
2011-06-30,333.0,187.0,1.2,15.1,69.0,2.2,191.5,19.4,5.03
2011-07-01,331.0,189.0,1.3,16.9,68.0,2.2,191.4,19.8,5.32
2011-07-02,329.0,189.0,1.3,15.0,76.0,2.0,173.5,20.1,4.66
2011-07-03,325.0,187.0,1.4,16.7,72.0,1.7,150.6,20.2,5.19
2011-07-04,322.0,185.0,1.4,17.2,71.0,1.9,162.3,20.6,5.21
2011-07-05,315.0,182.0,1.4,18.0,68.0,1.5,132.5,20.7,5.31
2011-07-06,292.0,172.0,1.4,18.6,66.0,1.7,143.8,21.2,5.05
2011-07-07,337.0,167.0,1.4,17.5,68.0,2.5,215.6,21.7,4.74
2011-07-08,315.0,185.0,1.3,14.3,82.0,1.9,160.8,21.2,4.24
2011-07-09,277.0,162.0,1.2,12.8,84.0,2.1,178.6,21.0,3.46
2011-07-10,316.0,187.0,1.2,13.3,79.0,2.2,193.8,20.8,4.13
2011-07-11,272.0,163.0,1.2,12.8,83.0,2.3,196.4,20.5,3.41
2011-07-12,265.0,158.0,1.3,13.4,81.0,2.2,193.3,20.4,3.43
2011-07-13,195.0,109.0,1.3,13.3,84.0,2.2,188.1,20.2,2.52
2011-07-14,299.0,174.0,1.2,13.8,76.0,2.5,215.2,19.5,3.99
2011-07-15,257.0,152.0,1.2,13.6,78.0,2.2,188.3,19.3,3.42
2011-07-16,301.0,180.0,1.3,14.4,80.0,2.4,204.5,19.5,4.01
2011-07-17,314.0,183.0,1.3,14.3,82.0,2.2,190.2,20.0,4.09
2011-07-18,321.0,188.0,1.3,14.1,80.0,1.9,164.9,19.9,4.39
2011-07-19,316.0,183.0,1.4,14.1,85.0,2.0,176.2,20.3,4.0
2011-07-20,308.0,182.0,1.4,14.7,82.0,1.8,151.8,20.5,4.19
2011-07-21,246.0,142.0,1.3,13.9,84.0,1.9,160.7,20.4,3.09
2011-07-22,261.0,148.0,1.3,14.1,82.0,2.1,180.3,20.1,3.45
2011-07-23,267.0,152.0,1.3,14.1,83.0,1.9,166.7,20.2,3.52
2011-07-24,288.0,166.0,1.3,14.4,80.0,2.0,173.2,20.2,3.84
2011-07-25,289.0,168.0,1.3,14.3,81.0,2.2,186.8,20.2,3.88
2011-07-26,295.0,175.0,1.3,13.6,84.0,1.9,166.2,20.3,3.81
2011-07-27,386.0,182.0,1.4,15.7,76.0,2.5,213.1,20.9,4.3
2011-07-28,310.0,181.0,1.4,14.9,83.0,2.0,170.6,20.6,4.1
2011-07-29,265.0,156.0,1.4,14.8,85.0,2.0,169.4,20.7,3.48
2011-07-30,225.0,119.0,1.4,14.7,83.0,2.1,181.4,20.5,3.01
2011-07-31,239.0,133.0,1.3,14.4,80.0,2.0,172.9,20.2,3.33
2011-08-01,334.0,182.0,1.3,14.3,77.0,1.8,157.9,19.9,4.71
2011-08-02,323.0,181.0,1.3,13.9,81.0,2.1,178.5,19.9,4.3
2011-08-03,296.0,166.0,1.3,14.2,79.0,2.2,186.9,20.0,3.91
2011-08-04,323.0,182.0,1.4,15.1,79.0,2.4,205.5,20.2,4.28
2011-08-05,267.0,155.0,1.4,14.1,85.0,2.0,176.9,20.2,3.5
2011-08-06,282.0,157.0,1.3,14.0,84.0,2.0,172.6,20.1,3.63
2011-08-07,300.0,169.0,1.3,14.2,83.0,2.3,194.8,20.2,3.9
2011-08-08,283.0,161.0,1.3,13.9,83.0,1.9,164.3,20.2,3.75
2011-08-09,296.0,166.0,1.3,13.6,83.0,1.9,163.0,20.2,3.8
2011-08-10,228.0,126.0,1.3,13.6,82.0,2.1,181.0,20.1,3.01
2011-08-11,218.0,119.0,1.3,14.2,80.0,2.0,170.8,19.7,2.93
2011-08-12,240.0,135.0,1.3,14.2,82.0,2.0,169.2,19.6,3.24
2011-08-13,279.0,162.0,1.3,14.6,81.0,2.0,172.5,20.0,3.82
2011-08-14,278.0,160.0,1.3,15.0,78.0,2.0,174.4,20.1,4.05
2011-08-15,303.0,167.0,1.3,15.5,73.0,2.0,168.7,19.9,4.75
2011-08-16,405.0,158.0,1.3,15.0,77.0,2.4,207.8,20.1,3.73
2011-08-17,294.0,166.0,1.3,13.7,82.0,2.2,191.5,19.9,3.91
2011-08-18,293.0,164.0,1.2,12.8,84.0,2.3,198.5,19.7,3.65
2011-08-19,254.0,144.0,1.3,12.8,85.0,2.1,184.3,19.5,3.13
2011-08-20,185.0,95.0,1.3,13.8,80.0,1.9,166.1,19.3,2.61
2011-08-21,280.0,158.0,1.3,14.5,78.0,2.1,177.9,19.4,3.78
2011-08-22,254.0,146.0,1.3,13.8,83.0,2.1,180.9,19.6,3.3
2011-08-23,282.0,160.0,1.4,15.0,79.0,1.8,157.4,19.9,4.12
2011-08-24,281.0,162.0,1.4,14.4,82.0,1.9,164.5,20.2,3.9
2011-08-25,287.0,163.0,1.3,13.9,85.0,2.1,178.1,20.2,3.73
2011-08-26,260.0,146.0,1.3,13.5,85.0,2.1,177.5,20.0,3.37
2011-08-27,270.0,152.0,1.3,13.4,84.0,2.0,169.9,19.8,3.55
2011-08-28,265.0,150.0,1.2,12.5,84.0,1.9,163.3,19.6,3.38
2011-08-29,269.0,147.0,1.2,12.4,83.0,2.0,171.2,19.4,3.46
2011-08-30,236.0,127.0,1.2,12.4,83.0,2.0,171.4,18.8,2.98
2011-08-31,248.0,134.0,1.2,13.7,79.0,1.9,163.4,19.1,3.25
2011-09-01,263.0,145.0,1.2,12.8,83.0,1.8,159.8,19.1,3.37
2011-09-02,271.0,151.0,1.2,12.7,84.0,1.8,152.6,19.1,3.44
2011-09-03,264.0,146.0,1.2,12.4,84.0,1.8,159.0,19.0,3.33
2011-09-04,253.0,142.0,1.2,12.8,82.0,1.8,158.5,18.9,3.26
2011-09-05,251.0,141.0,1.3,13.7,81.0,1.9,166.5,18.9,3.36
2011-09-06,273.0,149.0,1.3,14.4,77.0,1.9,162.3,19.0,4.03
2011-09-07,257.0,142.0,1.2,18.6,57.0,1.9,160.3,19.7,5.17
2011-09-08,264.0,141.0,1.2,12.7,84.0,2.1,178.2,18.8,3.36
2011-09-09,249.0,137.0,1.2,12.4,85.0,2.1,179.8,18.0,3.11
2011-09-10,151.0,68.0,1.4,14.4,83.0,2.2,188.5,17.9,2.18
2011-09-11,185.0,96.0,1.4,15.8,77.0,1.7,143.0,18.3,2.76
2011-09-12,251.0,133.0,1.3,15.1,78.0,1.8,152.0,18.4,3.63
2011-09-13,256.0,128.0,1.4,14.8,81.0,1.9,162.6,18.6,3.56
2011-09-14,190.0,103.0,1.3,13.4,87.0,1.8,158.9,18.8,2.37
2011-09-15,191.0,104.0,1.3,13.5,83.0,2.0,176.2,18.5,2.5
2011-09-16,189.0,101.0,1.2,13.8,79.0,2.1,182.0,18.3,2.58
2011-09-17,258.0,133.0,1.2,13.4,78.0,1.9,161.9,18.2,3.45
2011-09-18,251.0,129.0,1.2,14.4,74.0,1.6,136.9,17.9,3.89
2011-09-19,247.0,126.0,1.3,15.4,76.0,1.5,131.5,18.1,3.75
2011-09-20,245.0,126.0,1.3,14.3,82.0,1.6,137.0,18.3,3.44
2011-09-21,215.0,114.0,1.4,14.4,86.0,1.8,153.9,18.6,2.89
2011-09-22,223.0,118.0,1.4,14.3,83.0,1.6,138.6,18.8,3.07
2011-09-23,180.0,74.0,1.4,15.8,80.0,1.8,154.6,18.7,2.89
2011-09-24,142.0,69.0,1.4,14.5,84.0,1.9,166.5,18.7,2.01
2011-09-25,213.0,112.0,1.3,15.2,77.0,2.3,201.1,18.5,3.15
2011-09-26,233.0,118.0,1.4,15.3,79.0,2.1,178.2,18.4,3.49
2011-09-27,233.0,114.0,1.3,19.0,58.0,1.6,141.6,18.7,4.33
2011-09-28,240.0,118.0,1.5,16.4,78.0,1.9,162.8,18.8,3.32
2011-09-29,156.0,76.0,1.5,15.5,84.0,1.8,155.0,18.9,2.19
2011-09-30,184.0,89.0,1.3,15.0,77.0,1.8,152.8,18.8,2.79
2011-10-01,225.0,115.0,1.3,14.4,77.0,1.9,165.5,18.1,3.39
2011-10-02,218.0,116.0,1.3,14.2,83.0,1.9,163.3,18.1,2.93
2011-10-03,207.0,112.0,1.2,14.4,76.0,1.9,164.2,17.9,2.98
2011-10-04,126.0,61.0,1.3,14.0,83.0,2.0,173.8,17.7,1.81
2011-10-05,146.0,73.0,1.2,13.5,80.0,3.1,269.8,17.1,2.15
2011-10-06,193.0,90.0,1.0,11.4,78.0,1.9,163.5,16.1,2.6
2011-10-07,219.0,107.0,1.1,12.7,72.0,2.2,193.7,15.5,3.17
2011-10-08,216.0,106.0,1.2,14.5,70.0,2.1,182.6,15.4,3.43
2011-10-09,216.0,106.0,1.3,13.5,81.0,1.7,143.8,15.8,3.06
2011-10-10,192.0,99.0,1.3,13.6,86.0,1.7,149.2,16.1,2.59
2011-10-11,261.0,101.0,1.5,19.9,64.0,2.9,251.3,17.0,3.55
2011-10-12,210.0,97.0,1.2,23.9,40.0,3.5,299.9,17.5,5.67
2011-10-13,208.0,97.0,1.2,23.4,42.0,1.6,136.3,18.4,4.72
2011-10-14,181.0,85.0,1.3,18.7,61.0,1.6,135.0,18.5,3.47
2011-10-15,122.0,54.0,1.4,14.2,85.0,1.7,142.6,18.2,1.7
2011-10-16,189.0,96.0,1.4,15.4,79.0,1.7,147.4,17.9,2.78
2011-10-17,191.0,98.0,1.4,15.2,80.0,1.6,134.6,17.8,2.99
2011-10-18,125.0,61.0,1.4,13.1,89.0,1.8,152.5,18.0,1.57
2011-10-19,193.0,89.0,1.3,13.5,81.0,2.0,175.7,17.7,2.62
2011-10-20,175.0,85.0,1.2,12.3,87.0,1.8,159.5,17.2,2.19
2011-10-21,186.0,88.0,1.2,14.6,73.0,1.9,160.6,17.4,2.86
2011-10-22,188.0,83.0,1.2,18.7,53.0,1.5,128.9,17.4,3.68
2011-10-23,185.0,81.0,1.2,16.7,65.0,1.7,145.2,17.5,3.11
2011-10-24,82.0,24.0,1.3,14.1,84.0,1.6,134.4,17.4,1.16
2011-10-25,72.0,17.0,1.1,12.6,79.0,1.7,144.5,16.9,1.15
2011-10-26,182.0,78.0,1.0,11.1,73.0,1.7,150.8,15.6,2.67
2011-10-27,185.0,73.0,0.7,13.1,43.0,1.7,143.6,15.1,3.41
2011-10-28,182.0,74.0,0.7,12.7,49.0,1.4,120.9,14.5,3.18
2011-10-29,180.0,68.0,0.7,20.3,29.0,2.8,239.1,14.7,5.0
2011-10-30,180.0,69.0,0.8,16.9,42.0,1.5,130.6,15.0,3.54
2011-10-31,174.0,73.0,1.1,11.6,83.0,1.6,138.3,15.0,2.39
2011-11-01,166.0,71.0,1.0,16.7,51.0,2.7,231.3,15.5,3.86
2011-11-02,170.0,67.0,0.7,14.2,46.0,1.6,142.1,15.2,3.25
2011-11-03,125.0,48.0,1.0,11.4,71.0,2.1,179.6,14.2,2.01
2011-11-04,131.0,48.0,0.9,7.9,81.0,1.8,154.8,13.6,1.61
2011-11-05,131.0,43.0,0.8,7.9,74.0,1.7,147.1,12.2,1.76
2011-11-06,158.0,60.0,1.0,10.0,80.0,2.2,185.8,12.5,1.93
2011-11-07,165.0,62.0,0.8,9.1,73.0,1.8,152.2,12.3,2.14
2011-11-08,163.0,63.0,0.8,10.4,61.0,1.7,147.7,12.0,2.47
2011-11-09,150.0,58.0,0.7,10.6,53.0,1.4,118.7,12.0,2.52
2011-11-10,82.0,26.0,0.7,10.8,56.0,1.3,113.3,11.7,1.62
2011-11-11,55.0,0.0,0.9,12.0,66.0,2.3,199.9,12.0,1.27
2011-11-12,82.0,16.0,1.1,12.3,79.0,1.5,129.9,12.4,1.26
2011-11-13,133.0,55.0,1.1,13.1,71.0,2.0,172.7,12.9,2.14
2011-11-14,123.0,47.0,1.1,10.1,85.0,1.6,141.4,12.9,1.58
2011-11-15,167.0,54.0,1.1,14.7,64.0,2.1,177.1,13.3,2.46
2011-11-16,150.0,52.0,1.0,13.4,63.0,1.8,156.1,13.1,2.57
2011-11-17,150.0,54.0,1.1,11.6,77.0,1.6,140.3,12.9,2.12
2011-11-18,72.0,14.0,1.0,9.6,81.0,1.9,167.6,12.8,1.18
2011-11-19,145.0,50.0,0.8,7.9,77.0,1.8,154.6,11.9,1.82
2011-11-20,29.0,-8.0,1.0,8.9,88.0,2.5,216.7,11.4,0.32
2011-11-21,140.0,42.0,0.9,8.6,81.0,1.1,98.0,11.1,1.71
2011-11-22,143.0,49.0,0.9,7.9,84.0,1.1,98.6,11.0,1.71
2011-11-23,134.0,46.0,0.9,9.0,80.0,1.5,131.6,11.0,1.68
2011-11-24,100.0,28.0,1.0,11.1,73.0,1.6,141.8,11.6,1.53
2011-11-25,137.0,44.0,0.9,13.2,62.0,2.8,241.0,11.8,2.42
2011-11-26,141.0,43.0,0.9,14.7,56.0,1.6,135.1,12.5,2.48
2011-11-27,138.0,39.0,0.9,12.7,64.0,1.1,99.1,12.6,2.2
2011-11-28,106.0,29.0,0.8,14.5,51.0,1.5,132.5,12.5,2.33
2011-11-29,126.0,42.0,0.9,13.3,61.0,1.6,137.5,12.9,2.13
2011-11-30,139.0,39.0,0.7,13.2,47.0,2.9,251.3,12.5,3.04
2011-12-01,138.0,33.0,0.3,14.3,19.0,5.3,457.0,12.2,4.86
2011-12-02,130.0,36.0,0.4,9.9,35.0,1.8,158.4,11.5,2.5
2011-12-03,133.0,41.0,0.5,8.8,43.0,1.8,156.7,10.7,2.35
2011-12-04,135.0,43.0,0.6,6.4,60.0,1.4,121.7,10.2,1.93
2011-12-05,135.0,42.0,0.6,6.6,65.0,1.4,117.1,9.9,1.87
2011-12-06,135.0,38.0,0.5,8.6,41.0,1.7,145.2,9.6,2.47
2011-12-07,134.0,39.0,0.5,7.4,51.0,1.4,123.5,9.4,2.12
2011-12-08,131.0,42.0,0.6,5.9,68.0,1.2,107.0,9.2,1.7
2011-12-09,131.0,41.0,0.7,6.9,73.0,1.2,101.9,9.2,1.75
2011-12-10,121.0,46.0,0.9,8.2,82.0,1.3,112.3,9.5,1.5
2011-12-11,61.0,11.0,0.9,9.3,81.0,1.2,100.1,10.4,0.88
2011-12-12,48.0,9.0,0.9,8.2,83.0,1.6,139.4,10.4,0.73
2011-12-13,115.0,39.0,0.8,8.1,76.0,1.6,140.1,9.9,1.57
2011-12-14,126.0,41.0,0.8,7.6,73.0,1.5,127.3,9.5,1.75
2011-12-15,73.0,17.0,0.8,7.5,76.0,1.7,145.5,9.3,1.08
2011-12-16,127.0,39.0,0.7,8.9,60.0,1.5,127.1,9.2,1.85
2011-12-17,119.0,36.0,0.7,10.7,51.0,1.5,127.2,9.4,2.12
2011-12-18,112.0,40.0,0.9,7.8,83.0,1.6,136.3,9.7,1.32
2011-12-19,86.0,25.0,0.9,8.5,77.0,1.4,122.5,10.3,1.15
2011-12-20,127.0,39.0,0.8,7.0,81.0,1.3,110.2,9.7,1.54
2011-12-21,127.0,39.0,0.8,8.1,74.0,1.9,161.8,9.5,1.71
2011-12-22,128.0,34.0,0.5,9.5,42.0,2.6,220.5,9.4,2.66
2011-12-23,128.0,26.0,0.4,9.0,37.0,1.7,142.6,8.8,2.47
2011-12-24,132.0,34.0,0.5,8.4,44.0,1.3,113.3,8.9,2.15
2011-12-25,131.0,38.0,0.7,7.8,66.0,1.5,125.5,8.7,1.9
2011-12-26,128.0,39.0,0.7,7.5,69.0,1.6,136.5,8.7,1.74
2011-12-27,128.0,33.0,0.6,10.1,45.0,1.6,136.0,8.9,2.24
2011-12-28,130.0,33.0,0.6,14.4,35.0,1.9,166.5,9.2,2.91
2011-12-29,93.0,26.0,0.9,16.2,48.0,2.3,201.2,10.2,2.55
2011-12-30,108.0,35.0,1.0,12.7,70.0,2.2,192.3,10.5,1.81
2011-12-31,121.0,28.0,0.8,15.5,43.0,2.5,218.3,11.0,2.7
2012-01-01,131.0,36.0,0.8,11.2,57.0,1.4,119.3,10.7,2.23
2012-01-02,73.0,24.0,1.0,8.8,89.0,1.5,129.2,11.0,0.9
2012-01-03,127.0,39.0,0.9,10.3,70.0,1.2,100.6,10.5,1.92
2012-01-04,128.0,41.0,0.8,11.1,61.0,1.1,96.4,10.5,2.04
2012-01-05,132.0,38.0,0.8,13.0,52.0,1.8,153.8,10.7,2.84
2012-01-06,131.0,41.0,1.0,9.7,80.0,1.7,148.9,10.6,1.63
2012-01-07,133.0,36.0,0.7,14.0,41.0,3.2,276.3,10.6,3.14
2012-01-08,132.0,41.0,0.6,10.9,44.0,1.5,130.0,10.2,2.4
2012-01-09,136.0,38.0,0.6,9.4,50.0,1.1,96.2,9.7,2.1
2012-01-10,130.0,43.0,0.8,7.7,74.0,1.6,139.6,9.5,1.73
2012-01-11,109.0,39.0,0.8,6.5,81.0,1.1,99.3,8.7,1.38
2012-01-12,138.0,45.0,0.8,7.4,79.0,1.3,110.9,9.0,1.81
2012-01-13,144.0,36.0,0.5,11.5,35.0,1.9,160.4,9.1,3.13
2012-01-14,95.0,28.0,0.5,9.2,40.0,1.1,92.8,8.7,1.76
2012-01-15,127.0,38.0,0.7,9.2,57.0,1.8,154.2,8.9,1.91
2012-01-16,145.0,41.0,0.4,7.7,43.0,3.1,270.5,9.5,2.53
2012-01-17,147.0,38.0,0.3,6.6,33.0,1.8,153.1,8.5,2.44
2012-01-18,139.0,46.0,0.5,5.2,58.0,1.5,126.6,7.9,1.92
2012-01-19,119.0,31.0,0.7,5.9,73.0,1.6,140.8,7.3,1.48
2012-01-20,57.0,13.0,1.1,11.5,83.0,1.9,162.5,8.7,0.86
2012-01-21,98.0,36.0,1.0,11.1,77.0,4.0,349.2,10.5,1.56
2012-01-22,104.0,42.0,0.8,9.9,63.0,1.8,155.7,9.6,1.66
2012-01-23,70.0,16.0,1.1,10.1,88.0,3.5,298.5,10.2,0.93
2012-01-24,140.0,56.0,0.9,11.5,67.0,3.3,281.8,9.8,2.27
2012-01-25,151.0,52.0,1.0,15.7,54.0,3.1,271.9,10.6,3.09
2012-01-26,153.0,56.0,1.2,15.7,65.0,2.2,188.6,11.6,2.62
2012-01-27,154.0,54.0,1.0,15.1,56.0,3.5,305.9,12.3,3.15
2012-01-28,162.0,53.0,0.8,13.6,48.0,1.9,166.8,12.1,3.07
2012-01-29,160.0,52.0,0.8,9.7,63.0,1.3,108.3,11.6,2.43
2012-01-30,107.0,39.0,0.9,10.3,72.0,1.5,126.7,11.0,1.78
2012-01-31,147.0,55.0,1.1,11.4,79.0,2.1,185.0,11.7,2.03
2012-02-01,155.0,63.0,1.0,10.7,79.0,1.9,163.3,12.2,2.07
2012-02-02,163.0,61.0,0.8,11.3,60.0,1.8,159.6,11.9,2.6
2012-02-03,171.0,56.0,0.6,8.9,56.0,1.5,127.2,11.2,2.6
2012-02-04,170.0,62.0,0.6,9.8,49.0,1.3,116.4,10.5,2.76
2012-02-05,155.0,54.0,0.5,13.1,36.0,2.5,212.0,10.4,3.57
2012-02-06,83.0,26.0,0.9,10.0,77.0,1.6,141.8,10.3,1.26
2012-02-07,57.0,11.0,0.8,13.9,53.0,3.0,255.2,10.8,1.9
2012-02-08,174.0,67.0,0.8,15.1,50.0,3.2,280.4,11.1,3.63
2012-02-09,179.0,70.0,0.9,12.9,61.0,1.6,134.9,11.6,2.92
2012-02-10,160.0,75.0,1.1,11.0,87.0,2.0,175.1,11.9,1.96
2012-02-11,112.0,49.0,1.1,10.3,86.0,2.8,239.8,12.2,1.39
2012-02-12,164.0,71.0,0.9,8.6,84.0,1.8,151.6,11.3,1.93
2012-02-13,154.0,67.0,0.9,8.5,80.0,3.0,257.9,11.4,1.81
2012-02-14,143.0,58.0,0.8,7.3,78.0,2.0,173.8,10.3,1.81
2012-02-15,186.0,76.0,0.7,8.3,65.0,2.5,216.9,10.0,2.49
2012-02-16,195.0,73.0,0.6,9.5,48.0,2.1,180.1,9.7,3.1
2012-02-17,186.0,78.0,0.8,8.3,71.0,1.8,151.8,9.7,2.45
2012-02-18,153.0,66.0,1.0,8.7,86.0,1.8,158.6,10.5,1.8
2012-02-19,178.0,81.0,0.8,6.5,78.0,2.0,169.0,10.0,2.11
2012-02-20,183.0,78.0,0.8,7.4,82.0,1.7,145.8,9.9,2.13
2012-02-21,165.0,62.0,0.8,13.9,50.0,3.6,313.8,10.3,3.49
2012-02-22,188.0,70.0,0.8,16.5,44.0,2.7,230.5,11.3,4.21
2012-02-23,243.0,86.0,0.8,17.2,39.0,3.3,283.2,12.3,4.06
2012-02-24,204.0,90.0,0.9,12.3,65.0,1.8,158.1,12.0,2.81
2012-02-25,211.0,89.0,0.8,11.3,60.0,2.2,191.5,12.3,3.34
2012-02-26,207.0,92.0,0.7,9.1,57.0,2.5,212.3,11.3,3.0
2012-02-27,170.0,79.0,0.7,7.2,69.0,2.8,243.9,11.1,2.12
2012-02-28,209.0,96.0,0.6,5.1,71.0,1.8,152.1,10.2,2.44
2012-02-29,55.0,11.0,0.9,7.3,89.0,2.1,179.4,10.0,0.57
2012-03-01,209.0,84.0,0.8,7.3,79.0,2.4,206.2,9.7,2.41
2012-03-02,223.0,96.0,0.7,11.1,50.0,2.8,245.1,10.0,3.65
2012-03-03,224.0,98.0,0.7,10.6,57.0,1.5,132.9,10.5,3.44
2012-03-04,227.0,98.0,0.8,12.4,53.0,1.4,117.5,11.1,3.88
2012-03-05,214.0,97.0,1.0,10.5,75.0,1.6,136.3,11.5,2.9
2012-03-06,204.0,101.0,0.8,8.0,73.0,3.6,308.6,11.8,2.46
2012-03-07,237.0,96.0,0.4,8.3,37.0,2.3,200.4,10.3,3.76
2012-03-08,238.0,97.0,0.4,9.9,34.0,1.5,128.1,10.2,3.91
2012-03-09,239.0,102.0,0.6,12.3,43.0,1.9,165.5,10.6,4.47
2012-03-10,216.0,100.0,0.9,8.7,82.0,2.0,171.8,11.0,2.45
2012-03-11,100.0,39.0,1.0,8.7,85.0,1.8,153.4,11.4,1.29
2012-03-12,167.0,80.0,0.9,8.2,84.0,1.6,136.1,11.2,2.0
2012-03-13,172.0,82.0,0.9,9.3,79.0,1.6,141.6,11.5,2.21
2012-03-14,194.0,97.0,1.0,10.5,82.0,1.6,139.3,11.8,2.5
2012-03-15,245.0,107.0,1.3,12.9,84.0,0.7,59.8,13.2,2.62
2012-03-16,92.0,36.0,1.2,12.1,88.0,0.6,51.7,13.4,1.1
2012-03-17,91.0,35.0,0.9,8.1,87.0,0.7,64.1,12.6,0.98
2012-03-18,216.0,114.0,0.7,6.9,73.0,0.8,67.4,11.0,2.37
2012-03-19,258.0,120.0,0.7,7.4,65.0,0.6,54.5,10.9,2.96
2012-03-20,247.0,123.0,0.8,9.8,68.0,0.6,49.9,11.3,3.16
2012-03-21,254.0,125.0,1.0,12.5,70.0,0.6,50.3,12.2,3.5
2012-03-22,109.0,46.0,1.0,9.4,89.0,0.6,51.2,13.0,1.3
2012-03-23,256.0,119.0,0.8,8.0,73.0,0.6,51.5,12.4,3.06
2012-03-24,222.0,115.0,0.8,10.3,65.0,0.7,62.5,12.1,2.83
2012-03-25,165.0,81.0,0.9,9.4,78.0,0.6,52.5,12.4,2.06
2012-03-26,230.0,106.0,0.9,9.2,78.0,0.6,49.5,12.4,2.74
2012-03-27,227.0,124.0,0.9,11.2,71.0,0.6,54.4,12.6,2.91
2012-03-28,187.0,100.0,1.2,12.1,86.0,0.6,54.6,13.4,2.42
2012-03-29,235.0,131.0,1.1,11.1,85.0,0.6,53.4,14.0,2.95
2012-03-30,246.0,136.0,1.1,11.2,85.0,0.6,53.0,14.3,3.11
2012-03-31,100.0,39.0,1.1,10.7,83.0,0.6,55.6,14.2,1.16
2012-04-01,277.0,139.0,0.8,9.3,69.0,0.7,60.5,13.1,3.41
2012-04-02,268.0,136.0,0.8,10.8,62.0,0.6,54.7,12.9,3.5
2012-04-03,260.0,137.0,1.0,11.4,75.0,0.6,52.6,13.4,3.34
2012-04-04,252.0,128.0,0.8,11.3,60.0,0.7,62.3,13.8,3.3
2012-04-05,286.0,145.0,0.6,8.3,58.0,0.8,65.1,13.3,3.4
2012-04-06,287.0,144.0,0.6,9.8,49.0,0.7,57.7,12.8,3.68
2012-04-07,292.0,146.0,0.7,10.2,55.0,0.6,49.4,13.0,3.96
2012-04-08,288.0,151.0,0.8,8.2,76.0,0.6,49.6,13.0,3.68
2012-04-09,277.0,153.0,0.8,7.9,80.0,0.6,49.8,12.9,3.43
2012-04-10,201.0,105.0,1.0,10.8,80.0,0.6,52.4,13.2,2.56
2012-04-11,198.0,101.0,1.0,10.8,80.0,0.6,53.3,13.5,2.49
2012-04-12,116.0,52.0,1.1,11.5,84.0,0.7,59.0,13.2,1.45
2012-04-13,169.0,82.0,0.9,9.5,80.0,0.8,67.9,12.5,1.94
2012-04-14,280.0,149.0,0.8,8.2,76.0,0.7,58.1,12.2,3.34
2012-04-15,295.0,163.0,1.0,9.6,83.0,0.6,52.4,12.7,3.63
2012-04-16,296.0,163.0,1.1,12.0,78.0,0.6,52.6,13.9,4.01
2012-04-17,286.0,160.0,1.1,12.0,77.0,0.6,52.7,14.6,3.87
2012-04-18,291.0,165.0,1.1,12.3,75.0,0.6,53.9,15.3,3.98
2012-04-19,380.0,164.0,1.3,17.5,67.0,0.6,54.4,16.0,4.33
2012-04-20,302.0,167.0,1.5,20.9,62.0,0.6,53.1,16.9,4.86
2012-04-21,302.0,169.0,1.3,15.0,78.0,0.6,50.5,17.6,4.02
2012-04-22,222.0,126.0,1.2,11.5,88.0,0.6,51.1,17.1,2.82
2012-04-23,100.0,39.0,1.2,12.9,79.0,0.6,52.4,16.6,1.31
2012-04-24,220.0,117.0,1.2,14.7,73.0,0.6,51.5,16.2,3.07
2012-04-25,124.0,56.0,1.4,14.7,83.0,0.6,47.6,16.5,1.73
2012-04-26,202.0,107.0,1.2,12.2,84.0,0.7,56.9,16.3,2.58
2012-04-27,315.0,173.0,0.9,12.0,65.0,0.7,56.9,15.5,4.1
2012-04-28,313.0,174.0,1.0,13.7,64.0,0.7,61.4,15.6,4.29
2012-04-29,307.0,175.0,1.2,12.3,82.0,0.6,49.9,15.9,4.15
2012-04-30,276.0,162.0,1.2,11.3,88.0,0.6,53.0,16.3,3.55
2012-05-01,210.0,112.0,1.1,10.8,84.0,0.6,52.3,16.2,2.63
2012-05-02,309.0,171.0,1.0,11.0,77.0,0.6,52.5,15.9,3.81
2012-05-03,265.0,152.0,1.0,11.2,78.0,0.7,56.2,15.8,3.34
2012-05-04,318.0,175.0,1.1,11.6,79.0,0.6,55.7,16.0,4.07
2012-05-05,326.0,173.0,0.9,13.0,61.0,0.7,57.2,15.8,4.48
2012-05-06,326.0,172.0,0.9,15.1,52.0,0.6,51.1,16.0,4.85
2012-05-07,328.0,174.0,1.0,15.5,58.0,0.6,53.2,16.4,4.9
2012-05-08,306.0,172.0,1.1,11.6,84.0,0.6,50.9,16.6,4.07
2012-05-09,329.0,179.0,1.1,11.4,82.0,0.6,51.6,16.6,4.32
2012-05-10,308.0,172.0,1.0,10.1,85.0,0.6,50.8,16.4,3.89
2012-05-11,300.0,169.0,1.1,10.9,83.0,0.6,50.9,16.5,3.84
2012-05-12,278.0,161.0,1.2,11.6,85.0,0.6,51.1,16.6,3.57
2012-05-13,208.0,106.0,1.1,10.8,83.0,0.6,51.3,16.5,2.57
2012-05-14,315.0,169.0,1.0,11.0,77.0,0.6,55.0,15.9,4.12
2012-05-15,321.0,180.0,1.1,12.2,78.0,0.6,54.6,15.7,4.31
2012-05-16,308.0,180.0,1.2,11.8,84.0,0.6,54.3,16.0,4.02
2012-05-17,394.0,169.0,1.1,11.6,78.0,3.0,259.4,16.2,3.43
2012-05-18,321.0,181.0,1.0,10.6,80.0,2.2,188.3,16.0,3.83
2012-05-19,322.0,183.0,1.0,10.8,80.0,2.0,174.2,16.0,4.01
2012-05-20,324.0,184.0,1.1,13.1,70.0,1.7,150.2,16.3,4.82
2012-05-21,318.0,183.0,1.1,11.1,85.0,2.3,198.9,16.4,3.61
2012-05-22,336.0,183.0,1.1,14.2,66.0,2.6,223.6,16.5,5.05
2012-05-23,335.0,185.0,1.0,11.7,72.0,2.4,207.6,16.5,4.29
2012-05-24,335.0,186.0,1.0,10.8,78.0,2.6,227.8,16.4,3.93
2012-05-25,346.0,188.0,0.9,9.5,77.0,3.8,329.4,16.0,3.73
2012-05-26,212.0,113.0,1.0,10.1,82.0,2.5,218.3,15.7,2.54
2012-05-27,337.0,187.0,1.0,10.6,78.0,2.4,205.8,15.9,4.15
2012-05-28,336.0,187.0,1.0,12.1,72.0,2.4,203.3,16.3,4.53
2012-05-29,335.0,188.0,1.0,10.5,80.0,2.4,211.1,16.5,3.9
2012-05-30,328.0,189.0,1.1,11.1,81.0,2.4,204.9,16.9,3.85
2012-05-31,337.0,189.0,1.1,11.7,80.0,2.1,177.3,17.0,4.16
2012-06-01,318.0,185.0,1.1,11.4,84.0,2.0,172.1,17.4,3.86
2012-06-02,311.0,180.0,1.2,12.3,82.0,2.2,186.7,17.9,3.97
2012-06-03,319.0,184.0,1.1,11.9,81.0,2.3,195.4,18.0,3.88
2012-06-04,238.0,124.0,1.1,11.9,82.0,2.5,212.1,17.8,3.02
2012-06-05,344.0,187.0,0.9,12.0,62.0,3.6,312.8,17.0,4.8
2012-06-06,341.0,189.0,0.9,12.1,67.0,2.7,236.8,16.7,4.55
2012-06-07,339.0,189.0,1.0,12.4,72.0,2.4,210.7,16.7,4.69
2012-06-08,340.0,189.0,1.1,13.7,68.0,2.7,234.8,17.3,4.89
2012-06-09,349.0,188.0,0.9,12.4,63.0,2.1,182.7,17.1,5.13
2012-06-10,348.0,186.0,0.9,15.6,51.0,1.9,160.3,17.5,5.77
2012-06-11,345.0,192.0,1.2,13.3,80.0,2.0,173.1,18.0,4.45
2012-06-12,329.0,189.0,1.2,12.6,82.0,2.2,193.7,18.5,4.13
2012-06-13,299.0,175.0,1.1,11.2,86.0,2.3,196.7,18.4,3.32
2012-06-14,273.0,154.0,1.1,12.1,81.0,2.1,179.6,18.1,3.45
2012-06-15,269.0,150.0,1.2,12.9,78.0,2.3,201.4,17.9,3.58
2012-06-16,333.0,189.0,1.2,14.6,75.0,1.9,163.2,18.1,4.81
2012-06-17,327.0,189.0,1.4,14.4,82.0,2.1,179.7,18.7,4.37
2012-06-18,318.0,181.0,1.3,13.1,85.0,1.9,166.9,19.1,3.93
2012-06-19,319.0,180.0,1.2,12.8,80.0,2.0,172.4,19.0,4.08
2012-06-20,322.0,184.0,1.2,13.4,81.0,2.0,171.0,19.0,4.22
2012-06-21,375.0,148.0,1.2,13.4,77.0,0.7,61.5,19.2,3.3
2012-06-22,333.0,192.0,1.2,12.6,79.0,0.7,56.4,18.9,4.23
2012-06-23,310.0,177.0,1.2,13.0,79.0,0.7,56.9,18.7,4.05
2012-06-24,348.0,192.0,1.1,12.7,73.0,0.7,56.8,18.2,4.59
2012-06-25,346.0,192.0,1.1,13.1,71.0,0.7,58.1,18.1,4.63
2012-06-26,344.0,191.0,1.1,13.7,71.0,0.6,55.3,17.9,4.82
2012-06-27,344.0,192.0,1.2,14.3,71.0,0.6,52.3,18.0,4.88
2012-06-28,337.0,191.0,1.2,13.9,76.0,0.6,52.4,18.0,4.74
2012-06-29,322.0,189.0,1.3,12.8,85.0,0.6,54.2,18.3,4.24
2012-06-30,307.0,182.0,1.3,13.3,86.0,0.6,53.7,18.5,4.06
2012-07-01,291.0,176.0,1.4,14.0,86.0,0.6,55.3,18.7,3.91
2012-07-02,289.0,168.0,1.3,13.6,85.0,0.6,54.7,18.9,3.81
2012-07-03,326.0,190.0,1.2,13.7,78.0,0.6,50.6,18.8,4.52
2012-07-04,276.0,160.0,1.2,13.7,79.0,0.7,57.9,18.9,3.72
2012-07-05,236.0,128.0,1.3,13.2,83.0,0.6,52.0,18.9,3.17
2012-07-06,333.0,194.0,1.2,13.5,79.0,0.6,53.6,18.8,4.55
2012-07-07,328.0,192.0,1.3,13.7,81.0,0.6,51.1,19.2,4.52
2012-07-08,295.0,174.0,1.2,12.9,84.0,0.6,51.8,19.4,3.9
2012-07-09,312.0,184.0,1.3,13.6,81.0,0.6,54.0,19.3,4.19
2012-07-10,306.0,180.0,1.2,13.3,81.0,0.6,52.0,19.0,4.18
2012-07-11,290.0,169.0,1.2,13.2,80.0,0.6,50.9,19.0,3.98
2012-07-12,260.0,148.0,1.2,13.4,79.0,0.6,50.9,18.8,3.64
2012-07-13,319.0,187.0,1.2,13.4,80.0,0.6,52.0,18.8,4.33
2012-07-14,287.0,169.0,1.2,13.2,80.0,0.6,53.1,18.9,3.8
2012-07-15,307.0,181.0,1.2,13.7,78.0,0.6,52.9,18.9,4.12
2012-07-16,250.0,148.0,1.2,14.8,74.0,0.6,54.0,18.8,3.51
2012-07-17,152.0,77.0,1.3,15.4,75.0,0.6,50.5,18.7,2.23
2012-07-18,268.0,152.0,1.3,15.1,73.0,0.6,51.2,16.5,3.78
2012-07-19,307.0,180.0,1.3,15.9,74.0,0.6,52.1,18.6,4.46
2012-07-20,318.0,186.0,1.3,14.4,79.0,0.6,50.6,18.9,4.38
2012-07-21,327.0,186.0,1.3,14.7,78.0,0.6,51.4,18.9,4.62
2012-07-22,301.0,174.0,1.3,13.3,84.0,0.6,52.7,19.0,4.0
2012-07-23,286.0,163.0,1.3,13.5,82.0,0.6,51.4,19.0,3.82
2012-07-24,307.0,178.0,1.2,13.6,77.0,0.6,51.1,19.0,4.19
2012-07-25,216.0,44.0,0.5,-15.2,78.0,0.5,40.4,16.5,3.22
2012-07-26,216.0,0.0,0.3,-36.3,78.0,0.5,41.5,16.5,3.22
2012-07-27,444.0,172.0,1.3,15.1,74.0,2.5,216.8,19.3,3.94
2012-07-28,327.0,185.0,1.3,14.0,80.0,2.3,198.5,19.5,4.24
2012-07-29,321.0,182.0,1.3,13.4,82.0,2.4,204.9,19.7,4.09
2012-07-30,325.0,184.0,1.2,13.2,80.0,1.8,159.1,19.9,4.36
2012-07-31,321.0,183.0,1.2,13.6,78.0,1.8,153.8,20.1,4.54
2012-08-01,316.0,183.0,1.2,13.5,79.0,1.9,163.9,20.4,4.31
2012-08-02,310.0,176.0,1.2,13.0,83.0,1.9,162.3,20.4,3.99
2012-08-03,269.0,152.0,1.2,12.6,84.0,2.0,173.8,20.2,3.38
2012-08-04,189.0,93.0,1.3,13.5,84.0,2.0,169.1,19.5,2.47
2012-08-05,273.0,155.0,1.3,13.5,84.0,2.1,178.9,19.7,3.51
2012-08-06,318.0,179.0,1.3,14.7,76.0,2.0,172.9,20.0,4.56
2012-08-07,313.0,173.0,1.2,14.4,75.0,2.0,171.8,20.1,4.34
2012-08-08,310.0,174.0,1.2,15.0,72.0,1.9,163.5,20.2,4.65
2012-08-09,308.0,173.0,1.2,14.4,75.0,1.8,154.0,20.4,4.51
2012-08-10,304.0,171.0,1.3,15.1,73.0,1.8,154.5,20.6,4.64
2012-08-11,301.0,170.0,1.3,15.5,73.0,1.8,152.9,20.7,4.64
2012-08-12,297.0,168.0,1.3,15.1,75.0,1.8,157.9,20.9,4.46
2012-08-13,295.0,170.0,1.3,14.3,80.0,1.9,161.7,21.0,4.11
2012-08-14,296.0,171.0,1.3,14.2,81.0,1.9,163.0,21.1,4.08
2012-08-15,275.0,157.0,1.3,13.7,81.0,1.8,158.1,21.1,3.72
2012-08-16,269.0,155.0,1.3,14.1,82.0,2.0,171.6,20.7,3.7
2012-08-17,198.0,103.0,1.3,14.0,81.0,1.8,155.4,20.5,2.82
2012-08-18,248.0,137.0,1.3,17.0,69.0,1.7,148.4,20.5,4.33
2012-08-19,282.0,162.0,1.3,13.9,80.0,2.0,176.9,20.6,3.89
2012-08-20,280.0,160.0,1.2,13.6,79.0,1.8,151.2,20.6,4.0
2012-08-21,265.0,148.0,1.3,14.0,78.0,1.9,164.9,20.8,3.77
2012-08-22,284.0,162.0,1.3,13.9,81.0,2.3,196.5,21.0,3.76
2012-08-23,259.0,144.0,1.3,14.3,79.0,2.3,200.5,21.5,3.35
2012-08-24,242.0,139.0,1.3,13.0,84.0,1.8,157.9,20.6,3.11
2012-08-25,233.0,130.0,1.3,13.3,82.0,1.8,152.8,20.4,3.03
2012-08-26,263.0,145.0,1.2,13.6,74.0,2.1,178.3,20.3,3.67
2012-08-27,296.0,156.0,1.2,14.4,70.0,1.7,147.4,19.8,4.68
2012-08-28,290.0,155.0,1.2,15.1,68.0,1.8,159.0,20.1,4.83
2012-08-29,283.0,153.0,1.3,15.4,72.0,2.0,168.5,20.1,4.5
2012-08-30,272.0,154.0,1.2,12.5,84.0,1.9,167.4,19.8,3.46
2012-08-31,253.0,140.0,1.2,13.2,78.0,2.2,185.8,19.8,3.35
2012-09-01,264.0,150.0,1.1,11.7,80.0,2.0,173.0,19.1,3.55
2012-09-02,262.0,149.0,1.2,12.0,82.0,1.8,154.3,19.3,3.41
2012-09-03,262.0,148.0,1.1,11.3,82.0,1.7,147.0,19.6,3.48
2012-09-04,252.0,141.0,1.1,11.0,82.0,1.7,148.4,19.7,3.34
2012-09-05,217.0,121.0,1.1,12.3,80.0,1.7,146.6,19.9,3.12
2012-09-06,234.0,124.0,1.2,13.7,76.0,1.7,146.4,20.0,3.51
2012-09-07,244.0,134.0,1.2,13.5,76.0,1.8,152.6,19.9,3.6
2012-09-08,245.0,129.0,1.2,12.6,80.0,2.1,185.2,19.7,3.27
2012-09-09,251.0,132.0,1.2,13.6,76.0,1.9,167.6,19.5,3.69
2012-09-10,256.0,134.0,1.2,13.3,79.0,1.8,157.5,19.4,3.46
2012-09-11,243.0,132.0,1.1,11.3,84.0,1.6,142.4,19.6,3.09
2012-09-12,229.0,127.0,1.2,12.1,87.0,2.0,169.6,19.7,3.06
2012-09-13,237.0,129.0,1.1,9.8,88.0,1.9,160.1,20.1,2.81
2012-09-14,216.0,115.0,1.0,8.9,87.0,1.8,158.8,20.0,2.57
2012-09-15,234.0,126.0,1.0,10.5,82.0,1.7,147.5,19.8,3.17
2012-09-16,238.0,127.0,1.0,10.0,85.0,1.8,152.2,19.4,2.93
2012-09-17,198.0,102.0,1.0,8.7,85.0,1.7,144.4,19.3,2.35
2012-09-18,228.0,121.0,1.1,10.6,82.0,1.8,151.6,18.9,2.95
2012-09-19,238.0,124.0,1.1,11.0,81.0,2.0,175.6,18.8,3.11
2012-09-20,216.0,105.0,1.2,13.3,78.0,2.0,170.8,16.5,3.22
2012-09-21,216.0,105.0,1.2,13.3,78.0,2.0,170.8,16.5,3.22
2012-09-22,216.0,105.0,1.2,13.3,78.0,2.0,170.8,16.5,3.22
2012-09-23,216.0,105.0,1.2,13.3,78.0,2.0,170.8,16.5,3.22
2012-09-24,216.0,105.0,1.2,13.3,78.0,2.0,170.8,16.5,3.22
2012-09-25,216.0,105.0,1.2,13.3,78.0,2.0,170.8,16.5,3.22
2012-09-26,216.0,105.0,1.2,13.3,78.0,2.0,170.8,16.5,3.22
2012-09-27,219.0,79.0,1.2,12.7,82.0,2.1,177.2,19.4,2.12
2012-09-28,210.0,108.0,1.1,10.4,89.0,1.8,159.0,18.8,2.51
2012-09-29,220.0,108.0,1.0,9.1,89.0,1.7,144.5,18.9,2.56
2012-09-30,239.0,114.0,1.1,13.5,72.0,1.7,145.2,19.1,3.65
2012-10-01,232.0,109.0,1.0,25.5,30.0,2.3,194.9,19.8,6.07
2012-10-02,233.0,111.0,1.1,21.0,44.0,1.6,134.1,19.9,4.85
2012-10-03,228.0,117.0,1.3,14.3,80.0,1.9,163.6,19.5,3.12
2012-10-04,209.0,106.0,1.2,13.7,79.0,1.8,158.0,19.4,2.87
2012-10-05,179.0,87.0,1.2,12.8,80.0,1.8,154.5,18.6,2.69
2012-10-06,226.0,110.0,1.2,13.6,77.0,1.9,160.7,18.4,3.32
2012-10-07,228.0,109.0,1.1,12.5,79.0,1.9,164.9,18.0,3.16
2012-10-08,222.0,109.0,1.1,12.4,79.0,2.3,194.9,17.7,3.08
2012-10-09,223.0,101.0,1.1,12.8,78.0,1.8,151.6,17.6,3.12
2012-10-10,154.0,63.0,1.2,12.5,81.0,1.6,140.8,17.4,2.18
2012-10-11,38.0,-2.0,1.1,10.1,90.0,1.3,115.2,16.3,0.4
2012-10-12,98.0,32.0,1.1,11.6,84.0,1.5,127.5,15.9,1.38
2012-10-13,207.0,94.0,1.1,14.9,63.0,2.2,189.0,16.0,3.45
2012-10-14,210.0,98.0,1.2,16.6,62.0,1.7,142.9,16.9,3.63
2012-10-15,210.0,96.0,1.2,18.7,56.0,2.0,168.5,17.4,3.96
2012-10-16,198.0,94.0,1.3,18.2,62.0,1.9,160.0,17.9,3.72
2012-10-17,201.0,91.0,1.2,21.2,48.0,2.2,193.8,18.2,4.62
2012-10-18,191.0,91.0,1.4,19.4,63.0,2.1,185.6,18.3,3.64
2012-10-19,168.0,82.0,1.4,13.8,89.0,2.0,170.2,18.9,2.28
2012-10-20,77.0,25.0,0.9,-0.6,100.0,1.8,156.1,18.4,0.56
2012-10-21,185.0,87.0,1.1,12.0,79.0,1.8,151.8,17.8,2.43
2012-10-22,57.0,8.0,1.0,9.8,86.0,2.2,188.0,16.4,0.82
2012-10-23,187.0,79.0,0.9,8.7,80.0,1.9,165.0,15.4,2.42
2012-10-24,191.0,82.0,0.9,9.5,74.0,1.8,157.9,14.9,2.66
2012-10-25,181.0,80.0,1.0,13.0,69.0,2.2,186.5,15.1,2.84
2012-10-26,188.0,72.0,0.7,17.1,36.0,4.6,396.7,15.1,4.91
2012-10-27,183.0,71.0,0.8,20.9,31.0,2.7,237.3,15.4,4.93
2012-10-28,184.0,75.0,1.0,16.9,53.0,1.7,144.4,16.0,3.45
2012-10-29,181.0,76.0,0.9,8.5,80.0,1.5,127.2,16.0,2.44
2012-10-30,180.0,76.0,0.9,7.0,87.0,1.5,127.6,15.4,2.07
2012-10-31,126.0,56.0,0.9,6.0,91.0,1.7,143.1,15.4,1.2
2012-11-01,112.0,25.0,1.1,9.8,90.0,1.6,137.9,15.6,0.95
2012-11-02,173.0,68.0,1.1,11.1,80.0,1.8,152.9,15.7,2.35
2012-11-03,169.0,68.0,1.0,15.4,59.0,1.9,167.4,15.7,2.93
2012-11-04,171.0,62.0,0.8,20.1,35.0,2.7,232.7,15.9,4.57
2012-11-05,169.0,59.0,0.7,20.2,29.0,1.8,153.2,16.2,4.16
2012-11-06,168.0,69.0,0.8,15.6,45.0,1.3,114.7,15.9,3.14
2012-11-07,162.0,68.0,1.0,10.8,79.0,1.5,130.6,15.3,2.01
2012-11-08,138.0,56.0,1.0,10.8,74.0,2.4,204.0,15.5,1.99
2012-11-09,159.0,57.0,0.7,6.4,76.0,1.8,152.4,14.2,1.9
2012-11-10,172.0,55.0,0.7,6.9,69.0,2.2,189.6,13.0,2.16
2012-11-11,168.0,52.0,0.5,9.0,48.0,2.5,219.5,12.3,2.9
2012-11-12,165.0,49.0,0.5,10.9,35.0,1.6,139.8,11.9,2.89
2012-11-13,163.0,47.0,0.5,13.8,32.0,1.7,145.2,12.2,3.36
2012-11-14,106.0,35.0,0.5,12.1,37.0,1.2,99.9,12.1,2.16
2012-11-15,80.0,7.0,0.8,11.9,58.0,1.4,122.9,12.1,1.53
2012-11-16,49.0,4.0,1.1,13.8,71.0,3.0,263.2,12.6,1.23
2012-11-17,54.0,9.0,1.2,11.4,90.0,2.8,243.9,13.7,0.76
2012-11-18,71.0,8.0,1.0,8.4,91.0,1.3,109.1,13.7,0.77
2012-11-19,150.0,51.0,0.8,8.4,74.0,1.2,103.9,12.9,2.02
2012-11-20,139.0,52.0,1.0,9.4,84.0,1.5,128.8,12.9,1.8
2012-11-21,117.0,47.0,1.1,9.2,91.0,1.7,147.5,13.3,1.39
2012-11-22,148.0,48.0,0.9,13.3,62.0,2.1,182.0,13.6,2.46
2012-11-23,146.0,46.0,0.9,13.3,57.0,1.3,115.7,13.5,2.53
2012-11-24,146.0,44.0,0.8,13.9,51.0,1.3,112.0,13.5,2.52
2012-11-25,145.0,45.0,0.9,10.9,70.0,1.5,133.6,13.3,2.09
2012-11-26,102.0,40.0,0.9,8.5,85.0,1.6,138.5,13.6,1.27
2012-11-27,95.0,27.0,1.0,10.6,78.0,1.6,134.3,13.6,1.34
2012-11-28,43.0,-1.0,1.1,10.8,84.0,3.1,270.3,13.2,0.69
2012-11-29,67.0,15.0,1.3,13.1,86.0,2.4,209.7,13.9,0.97
2012-11-30,33.0,-10.0,1.3,13.0,88.0,3.1,270.6,14.5,0.46
2012-12-01,47.0,8.0,1.3,11.9,91.0,2.0,176.9,14.8,0.58
2012-12-02,18.0,-11.0,1.3,11.8,91.0,2.7,233.4,14.9,0.24
2012-12-03,137.0,47.0,1.0,9.1,87.0,1.4,117.7,14.8,1.57
2012-12-04,83.0,28.0,1.1,9.9,88.0,1.4,119.1,14.5,1.03
2012-12-05,105.0,30.0,1.1,9.9,92.0,1.4,125.0,14.4,1.22
2012-12-06,89.0,24.0,1.1,11.3,84.0,1.9,165.5,14.9,1.2
2012-12-07,131.0,46.0,0.9,12.4,62.0,3.9,339.7,14.2,2.41
2012-12-08,136.0,34.0,0.8,10.2,63.0,1.7,147.1,13.3,1.95
2012-12-09,127.0,38.0,0.7,11.8,48.0,2.2,192.8,13.0,2.39
2012-12-10,132.0,40.0,0.8,10.6,61.0,1.1,99.3,12.7,1.91
2012-12-11,131.0,41.0,0.9,9.6,73.0,1.4,118.9,12.5,1.68
2012-12-12,29.0,-3.0,0.9,8.2,86.0,1.5,126.0,12.8,0.31
2012-12-13,127.0,23.0,0.7,6.2,70.0,1.7,146.1,11.9,1.53
2012-12-14,68.0,18.0,0.6,4.7,75.0,1.0,87.3,10.9,0.86
2012-12-15,82.0,18.0,0.7,5.8,75.0,1.3,110.1,10.4,1.0
2012-12-16,48.0,7.0,1.0,8.3,89.0,1.2,100.1,11.1,0.59
2012-12-17,41.0,5.0,1.0,9.2,89.0,1.8,153.9,12.0,0.52
2012-12-18,128.0,41.0,0.6,7.5,62.0,2.4,208.3,12.0,1.86
2012-12-19,135.0,34.0,0.4,4.7,51.0,1.7,150.9,10.4,1.79
2012-12-20,134.0,36.0,0.5,4.0,61.0,1.1,96.0,9.4,1.65
2012-12-21,114.0,36.0,0.7,6.7,70.0,2.0,176.2,9.1,1.59
2012-12-22,33.0,-1.0,1.0,8.8,89.0,2.6,223.0,10.3,0.34
2012-12-23,32.0,-3.0,1.0,8.4,91.0,2.6,222.6,10.6,0.36
2012-12-24,131.0,39.0,0.9,10.0,70.0,2.8,239.4,11.4,1.88
2012-12-25,64.0,12.0,0.8,7.7,74.0,1.8,154.6,10.8,0.91
2012-12-26,115.0,35.0,0.8,6.7,82.0,2.3,199.2,10.8,1.3
2012-12-27,89.0,28.0,0.7,7.2,67.0,2.3,199.8,10.1,1.38
2012-12-28,94.0,22.0,0.6,5.8,68.0,1.2,101.8,9.6,1.21
2012-12-29,80.0,21.0,0.8,5.9,81.0,2.0,173.0,9.6,0.89
2012-12-30,110.0,29.0,0.7,4.6,79.0,1.5,126.2,9.1,1.21
2012-12-31,134.0,44.0,0.6,5.8,62.0,1.7,143.4,9.0,1.7
2013-01-01,103.0,35.0,0.6,6.6,61.0,1.6,140.1,9.0,1.53
2013-01-02,138.0,29.0,0.4,9.9,36.0,3.2,277.6,9.0,2.99
2013-01-03,134.0,37.0,0.6,7.8,54.0,1.4,120.4,8.7,1.98
2013-01-04,135.0,37.0,0.6,6.6,59.0,1.4,120.8,8.6,1.97
2013-01-05,102.0,33.0,0.8,6.9,82.0,1.5,126.4,8.6,1.24
2013-01-06,75.0,22.0,0.8,7.3,82.0,1.9,168.0,9.4,0.89
2013-01-07,128.0,41.0,0.7,8.5,67.0,2.1,184.0,9.2,1.78
2013-01-08,134.0,42.0,0.7,10.9,56.0,1.6,136.3,9.5,2.13
2013-01-09,81.0,25.0,0.9,8.6,81.0,1.6,139.1,9.7,1.04
2013-01-10,148.0,41.0,0.6,5.1,68.0,3.1,267.0,9.6,1.83
2013-01-11,135.0,44.0,0.6,4.3,70.0,1.7,147.3,8.4,1.65
2013-01-12,137.0,43.0,0.6,5.0,65.0,1.8,153.4,8.1,1.72
2013-01-13,137.0,37.0,0.4,5.7,48.0,2.3,202.5,7.8,2.03
2013-01-14,145.0,38.0,0.4,5.6,42.0,2.2,192.1,7.4,2.19
2013-01-15,144.0,44.0,0.5,4.2,58.0,1.3,110.0,7.3,1.85
2013-01-16,149.0,42.0,0.6,5.9,69.0,1.2,105.2,7.5,1.98
2013-01-17,150.0,44.0,0.7,8.0,65.0,1.1,95.8,7.9,2.11
2013-01-18,152.0,43.0,0.7,9.3,58.0,1.2,100.7,8.4,2.3
2013-01-19,155.0,41.0,0.6,10.0,49.0,1.1,99.2,8.6,2.46
2013-01-20,157.0,37.0,0.6,10.9,43.0,1.5,127.6,8.8,2.87
2013-01-21,158.0,35.0,0.5,14.8,29.0,2.0,173.1,9.4,3.3
2013-01-22,142.0,47.0,0.6,11.1,45.0,1.2,103.9,9.5,2.42
2013-01-23,34.0,-7.0,0.8,11.8,56.0,1.3,110.9,9.6,0.86
2013-01-24,57.0,14.0,1.2,12.1,87.0,1.4,118.7,10.4,0.83
2013-01-25,123.0,52.0,1.2,13.2,79.0,1.5,132.2,11.5,1.87
2013-01-26,116.0,46.0,1.1,11.1,82.0,1.9,162.3,11.9,1.52
2013-01-27,170.0,47.0,0.8,8.2,70.0,2.6,227.5,11.3,2.19
2013-01-28,160.0,56.0,0.7,7.2,71.0,2.1,180.7,10.2,2.0
2013-01-29,139.0,45.0,0.7,8.8,65.0,2.1,177.5,9.8,2.01
2013-01-30,162.0,57.0,0.8,10.7,60.0,1.6,139.3,10.2,2.47
2013-01-31,168.0,57.0,0.9,8.6,76.0,1.1,99.3,10.2,2.28
2013-02-01,144.0,50.0,0.9,7.4,84.0,1.3,108.8,10.1,1.77
2013-02-02,75.0,24.0,1.0,9.0,85.0,1.3,113.6,10.5,1.05
2013-02-03,148.0,62.0,0.9,7.9,88.0,1.6,138.5,11.2,1.65
2013-02-04,171.0,64.0,0.9,8.5,80.0,1.7,143.8,10.9,2.16
2013-02-05,37.0,-3.0,0.9,7.0,87.0,1.4,122.3,11.0,0.36
2013-02-06,177.0,66.0,0.8,8.7,71.0,1.9,167.7,10.6,2.32
2013-02-07,160.0,63.0,0.8,5.9,81.0,1.7,147.9,10.3,1.83
2013-02-08,98.0,39.0,0.7,3.9,87.0,1.4,121.6,10.0,0.94
2013-02-09,186.0,62.0,0.6,3.8,78.0,1.5,132.6,9.2,2.03
2013-02-10,183.0,71.0,0.7,4.0,81.0,1.5,126.6,9.0,1.95
2013-02-11,184.0,72.0,0.7,4.7,79.0,1.4,120.2,9.1,2.05
2013-02-12,186.0,73.0,0.7,5.4,79.0,1.4,123.7,9.2,2.11
2013-02-13,187.0,75.0,0.7,6.9,72.0,1.6,135.7,9.5,2.39
2013-02-14,189.0,75.0,0.7,9.6,60.0,2.1,180.2,10.0,2.96
2013-02-15,190.0,71.0,0.6,14.9,34.0,3.0,263.3,10.7,4.37
2013-02-16,181.0,72.0,0.6,12.0,43.0,1.4,122.3,11.3,3.07
2013-02-17,186.0,85.0,0.8,7.1,83.0,1.8,156.7,11.1,2.0
2013-02-18,47.0,6.0,0.9,7.5,82.0,1.6,139.6,11.0,0.53
2013-02-19,101.0,36.0,0.7,5.5,82.0,1.9,160.3,10.7,1.13
2013-02-20,204.0,82.0,0.6,5.2,73.0,2.3,198.8,9.7,2.32
2013-02-21,250.0,80.0,0.7,8.3,66.0,2.4,209.1,9.9,2.3
2013-02-22,204.0,87.0,0.7,6.7,71.0,1.7,143.4,9.7,2.56
2013-02-23,207.0,89.0,0.7,7.5,72.0,2.6,225.2,10.0,2.49
2013-02-24,213.0,82.0,0.5,8.4,47.0,2.2,191.8,10.1,3.24
2013-02-25,214.0,88.0,0.7,7.0,68.0,1.9,164.9,10.0,2.76
2013-02-26,219.0,85.0,0.6,10.6,48.0,2.6,221.3,10.3,3.65
2013-02-27,217.0,88.0,0.7,10.0,53.0,1.9,165.6,10.5,3.43
2013-02-28,212.0,93.0,0.8,11.5,56.0,1.9,167.9,10.9,3.43
2013-03-01,220.0,92.0,0.8,16.2,44.0,3.1,268.4,11.9,4.64
2013-03-02,205.0,95.0,0.9,12.5,62.0,1.7,145.0,12.3,3.24
2013-03-03,167.0,83.0,1.1,10.2,85.0,2.1,185.1,12.9,1.9
2013-03-04,215.0,105.0,0.9,8.5,84.0,1.9,164.2,13.0,2.35
2013-03-05,134.0,62.0,0.9,9.1,76.0,1.9,167.1,12.8,1.82
2013-03-06,138.0,47.0,0.9,8.8,82.0,2.5,211.9,12.5,1.72
2013-03-07,123.0,51.0,0.8,8.3,76.0,2.1,179.5,12.2,1.73
2013-03-08,96.0,35.0,0.8,7.3,82.0,2.2,191.6,11.7,1.18
2013-03-09,233.0,109.0,0.8,7.7,75.0,2.1,185.5,11.4,2.69
2013-03-10,241.0,105.0,0.8,8.5,76.0,1.9,161.2,11.6,2.94
2013-03-11,240.0,106.0,0.8,8.6,73.0,1.6,137.1,12.1,3.28
2013-03-12,242.0,112.0,0.9,9.2,80.0,1.7,143.7,12.4,3.11
2013-03-13,246.0,112.0,0.9,8.2,83.0,1.5,129.3,13.1,3.01
2013-03-14,212.0,97.0,0.9,7.3,89.0,1.6,138.4,13.6,2.27
2013-03-15,235.0,115.0,0.9,9.9,76.0,2.0,168.5,13.7,3.11
2013-03-16,247.0,119.0,0.9,8.5,81.0,1.9,164.2,13.9,2.83
2013-03-17,245.0,119.0,0.8,9.6,66.0,2.3,198.6,13.8,3.29
2013-03-18,181.0,86.0,0.8,7.2,80.0,1.7,145.2,13.4,2.18
2013-03-19,274.0,116.0,0.8,10.6,62.0,2.8,245.5,14.1,2.89
2013-03-20,149.0,70.0,0.8,8.8,73.0,1.7,147.4,13.8,2.09
2013-03-21,242.0,120.0,0.8,7.2,80.0,2.4,203.5,13.7,2.65
2013-03-22,259.0,122.0,0.6,8.7,53.0,2.4,205.5,13.4,3.54
2013-03-23,246.0,114.0,0.5,8.5,46.0,1.9,162.9,13.0,3.67
2013-03-24,265.0,128.0,0.7,7.4,67.0,1.9,168.4,13.0,3.35
2013-03-25,216.0,112.0,0.8,6.0,84.0,1.6,138.0,13.6,2.33
2013-03-26,297.0,121.0,0.8,6.6,79.0,2.3,202.3,14.3,2.24
2013-03-27,237.0,133.0,0.8,5.6,86.0,1.8,156.4,14.2,2.34
2013-03-28,169.0,79.0,0.8,6.4,85.0,1.6,140.6,14.7,1.86
2013-03-29,249.0,129.0,0.8,4.8,87.0,1.7,151.1,14.7,2.41
2013-03-30,212.0,119.0,0.7,6.1,79.0,2.2,192.2,15.1,2.33
2013-03-31,257.0,131.0,0.8,6.2,83.0,2.1,177.2,15.6,2.57
2013-04-01,134.0,52.0,0.8,5.5,87.0,2.0,169.0,15.5,1.4
2013-04-02,272.0,143.0,0.7,4.6,86.0,2.1,184.0,15.3,2.52
2013-04-03,259.0,141.0,0.7,3.9,86.0,2.0,171.8,15.8,2.45
2013-04-04,235.0,133.0,0.7,4.3,85.0,2.3,197.2,16.1,2.29
2013-04-05,243.0,132.0,0.7,3.9,86.0,2.4,205.6,16.3,2.16
2013-04-06,263.0,144.0,0.7,4.3,81.0,2.6,228.6,15.9,2.48
2013-04-07,266.0,145.0,0.7,4.8,76.0,3.1,267.7,15.7,2.64
2013-04-08,263.0,138.0,0.6,3.3,72.0,4.0,343.0,15.0,2.4
2013-04-09,296.0,146.0,0.5,3.7,62.0,2.3,200.0,14.4,2.98
2013-04-10,296.0,145.0,0.5,5.4,53.0,1.9,162.6,14.6,3.45
2013-04-11,268.0,147.0,0.6,2.2,85.0,2.4,206.4,14.9,2.1
2013-04-12,281.0,159.0,0.6,1.9,85.0,2.3,197.1,14.8,2.27
2013-04-13,267.0,151.0,0.6,1.6,85.0,2.0,169.7,15.0,2.21
2013-04-14,295.0,160.0,0.6,1.9,80.0,2.1,177.2,14.8,2.51
2013-04-15,253.0,133.0,0.5,1.8,78.0,3.2,272.9,14.5,2.06
2013-04-16,341.0,158.0,0.5,2.3,67.0,3.2,273.2,13.8,2.67
2013-04-17,309.0,156.0,0.4,2.7,59.0,2.4,208.5,13.3,3.03
2013-04-18,308.0,155.0,0.4,4.6,50.0,2.0,169.3,13.7,3.42
2013-04-19,302.0,153.0,0.2,-12.0,78.0,1.9,163.5,14.1,3.22
2013-04-20,303.0,138.0,0.0,-30.4,78.0,1.9,167.2,14.8,3.22
2013-04-21,307.0,135.0,0.0,-25.3,78.0,1.8,155.9,15.3,3.22
2013-04-22,304.0,123.0,1.2,-28.3,78.0,2.1,177.4,15.7,3.22
2013-04-23,255.0,98.0,1.2,-25.4,78.0,2.0,171.8,16.1,3.22
2013-04-24,42.0,1.0,1.2,13.1,81.0,1.4,122.2,15.7,3.22
2013-04-25,287.0,165.0,1.2,13.4,75.0,1.9,159.8,15.8,4.04
2013-04-26,296.0,172.0,1.2,11.3,87.0,2.2,190.9,16.0,3.61
2013-04-27,300.0,175.0,1.2,10.9,89.0,2.4,206.0,16.3,3.43
2013-04-28,307.0,175.0,1.1,10.9,88.0,1.8,159.6,16.6,3.76
2013-04-29,312.0,176.0,1.2,11.8,87.0,1.9,160.5,16.7,4.05
2013-04-30,248.0,139.0,1.2,11.6,89.0,2.5,214.4,16.9,2.95
2013-05-01,282.0,159.0,1.3,13.7,80.0,2.1,184.6,16.9,3.97
2013-05-02,316.0,171.0,1.1,15.6,63.0,1.9,162.2,17.0,5.33
2013-05-03,319.0,168.0,1.0,19.0,44.0,2.1,182.3,17.3,6.55
2013-05-04,303.0,173.0,1.2,12.5,84.0,2.2,188.5,17.4,3.88
2013-05-05,134.0,61.0,1.2,14.7,74.0,4.1,354.2,16.7,2.47
2013-05-06,111.0,42.0,1.3,14.9,77.0,2.8,243.8,16.0,2.02
2013-05-07,237.0,121.0,1.3,14.8,75.0,1.9,166.8,16.2,3.53
2013-05-08,273.0,151.0,1.3,12.9,85.0,2.1,185.2,16.7,3.41
2013-05-09,307.0,172.0,1.3,12.9,84.0,2.5,216.0,17.1,3.75
2013-05-10,313.0,179.0,1.3,13.3,85.0,2.3,196.6,17.3,4.09
2013-05-11,318.0,177.0,1.3,14.3,81.0,1.9,167.2,17.9,4.66
2013-05-12,326.0,180.0,1.3,15.1,77.0,1.9,164.9,18.3,5.06
2013-05-13,303.0,178.0,1.3,12.3,88.0,2.1,180.7,18.3,3.94
2013-05-14,213.0,119.0,1.2,12.1,87.0,2.3,194.7,18.2,2.58
2013-05-15,320.0,182.0,1.2,12.8,81.0,2.2,193.0,18.0,4.03
2013-05-16,216.0,112.0,1.2,11.9,86.0,2.2,188.7,17.4,2.89
2013-05-17,323.0,182.0,1.1,11.7,83.0,2.4,206.8,17.0,4.01
2013-05-18,333.0,183.0,1.1,11.9,77.0,2.4,211.6,16.8,4.47
2013-05-19,335.0,184.0,1.2,13.0,77.0,2.2,192.2,16.8,4.8
2013-05-20,337.0,183.0,1.1,16.5,59.0,1.9,168.0,17.2,5.81
2013-05-21,308.0,175.0,1.1,12.2,80.0,2.3,198.9,17.5,4.04
2013-05-22,339.0,185.0,0.9,10.9,69.0,2.8,240.7,16.8,4.56
2013-05-23,342.0,184.0,0.9,9.8,73.0,2.7,231.6,16.4,4.29
2013-05-24,395.0,188.0,1.1,12.0,76.0,3.0,261.6,17.1,4.16
2013-05-25,329.0,188.0,1.0,10.5,81.0,2.4,204.8,16.5,3.93
2013-05-26,322.0,186.0,1.2,12.1,83.0,2.7,231.1,17.0,4.02
2013-05-27,280.0,154.0,1.2,13.4,77.0,2.3,197.0,17.4,3.98
2013-05-28,326.0,187.0,1.3,13.0,86.0,2.3,200.3,17.9,4.17
2013-05-29,332.0,188.0,1.2,13.3,79.0,2.5,220.1,18.2,4.53
2013-05-30,342.0,188.0,1.1,13.5,70.0,2.8,246.0,18.1,4.78
2013-05-31,341.0,188.0,1.1,14.2,67.0,2.1,177.4,18.0,5.41
2013-06-01,330.0,183.0,1.2,17.0,60.0,2.0,174.6,18.6,5.73
2013-06-02,322.0,179.0,1.3,14.5,80.0,2.5,217.3,18.9,4.51
2013-06-03,159.0,69.0,1.3,12.8,88.0,1.6,133.9,18.5,2.03
2013-06-04,206.0,107.0,1.4,14.3,83.0,1.7,145.8,18.3,2.87
2013-06-05,301.0,180.0,1.3,12.7,86.0,2.3,198.2,18.5,3.8
2013-06-06,252.0,146.0,1.3,13.0,87.0,2.2,193.8,18.9,3.19
2013-06-07,303.0,176.0,1.3,13.5,85.0,1.8,152.2,19.5,4.06
2013-06-08,305.0,180.0,1.4,14.2,87.0,2.1,180.4,20.0,4.0
2013-06-09,152.0,73.0,1.4,14.8,85.0,1.9,161.0,19.7,1.99
2013-06-10,273.0,155.0,1.4,16.6,74.0,2.0,172.0,19.6,4.13
2013-06-11,316.0,185.0,1.4,14.6,85.0,2.0,175.4,20.0,4.24
2013-06-12,317.0,185.0,1.3,13.2,89.0,1.8,159.6,20.5,4.14
2013-06-13,343.0,193.0,1.2,13.0,80.0,2.5,215.1,19.9,4.64
2013-06-14,425.0,189.0,1.3,16.6,69.0,2.4,206.3,20.2,5.22
2013-06-15,287.0,162.0,1.3,13.0,84.0,2.5,217.8,19.4,3.58
2013-06-16,344.0,193.0,1.3,14.7,77.0,2.1,177.6,19.7,4.79
2013-06-17,346.0,194.0,1.3,13.8,81.0,2.6,226.5,19.5,4.48
2013-06-18,322.0,187.0,1.2,12.2,86.0,2.8,239.9,19.3,3.96
2013-06-19,349.0,189.0,1.1,15.4,61.0,2.9,253.8,19.1,5.46
2013-06-20,345.0,191.0,1.1,15.0,64.0,2.7,231.2,19.0,5.12
2013-06-21,343.0,192.0,1.2,13.2,77.0,2.3,201.7,18.8,4.61
2013-06-22,344.0,192.0,1.2,13.9,74.0,1.9,163.7,19.0,5.07
2013-06-23,244.0,141.0,1.3,12.9,89.0,2.1,182.6,18.8,3.06
2013-06-24,200.0,106.0,1.6,15.5,91.0,1.9,160.8,19.1,2.87
2013-06-25,294.0,171.0,1.6,16.2,88.0,2.2,190.1,20.1,4.17
2013-06-26,324.0,189.0,1.7,16.8,89.0,2.0,169.1,21.0,4.74
2013-06-27,330.0,190.0,1.9,19.4,78.0,1.7,150.9,21.6,5.43
2013-06-28,332.0,190.0,1.8,19.0,81.0,1.9,166.2,22.0,5.36
2013-06-29,335.0,189.0,1.5,20.8,62.0,2.0,173.0,22.2,6.44
2013-06-30,314.0,181.0,1.4,18.4,68.0,1.8,158.7,22.0,5.33
2013-07-01,261.0,151.0,1.7,19.8,72.0,2.2,187.9,21.7,4.49
2013-07-02,318.0,186.0,1.7,20.1,70.0,1.9,163.6,22.0,5.54
2013-07-03,326.0,187.0,1.5,16.1,80.0,1.8,156.5,22.1,4.93
2013-07-04,322.0,188.0,1.5,16.2,83.0,2.1,177.8,22.1,4.79
2013-07-05,301.0,177.0,1.5,15.0,85.0,2.0,173.6,22.0,4.15
2013-07-06,296.0,173.0,1.4,14.9,83.0,2.3,202.7,21.8,3.96
2013-07-07,290.0,168.0,1.4,14.7,83.0,1.9,165.1,21.6,3.96
2013-07-08,332.0,194.0,1.5,15.8,82.0,1.9,160.4,22.0,4.73
2013-07-09,321.0,189.0,1.4,14.4,88.0,2.0,173.7,22.1,4.43
2013-07-10,222.0,128.0,1.4,13.3,93.0,1.9,167.8,21.6,2.9
2013-07-11,316.0,186.0,1.5,14.6,93.0,2.0,170.1,21.3,4.18
2013-07-12,310.0,183.0,1.6,13.8,100.0,1.9,164.3,21.5,3.82
2013-07-13,304.0,179.0,1.6,13.5,100.0,2.0,169.3,21.5,3.78
2013-07-14,326.0,194.0,1.7,13.8,100.0,2.3,196.7,21.6,3.89
2013-07-15,286.0,170.0,1.7,13.6,100.0,2.5,216.3,21.2,3.03
2013-07-16,428.0,181.0,1.9,16.2,100.0,2.9,246.9,21.7,3.63
2013-07-17,323.0,192.0,1.8,15.0,100.0,2.4,208.8,21.4,3.75
2013-07-18,315.0,185.0,1.6,13.4,100.0,2.6,228.1,21.3,3.59
2013-07-19,302.0,180.0,1.5,12.5,100.0,2.4,206.9,21.1,3.55
2013-07-20,293.0,175.0,1.6,13.5,100.0,1.9,163.9,21.1,3.65
2013-07-21,310.0,180.0,2.1,16.1,100.0,2.0,170.2,21.5,3.73
2013-07-22,268.0,164.0,2.5,17.5,78.0,2.0,175.0,21.9,3.22
2013-07-23,295.0,178.0,2.5,16.3,78.0,2.0,174.0,22.1,3.14
2013-07-24,299.0,184.0,2.2,14.0,78.0,1.9,166.2,22.2,2.97
2013-07-25,279.0,169.0,2.2,14.0,78.0,2.1,184.3,21.9,2.65
2013-07-26,268.0,162.0,2.1,13.3,100.0,2.3,196.9,21.7,2.46
2013-07-27,274.0,166.0,2.2,13.7,78.0,2.0,170.0,21.6,2.63
2013-07-28,295.0,177.0,2.3,14.6,78.0,1.9,161.1,21.8,2.82
2013-07-29,264.0,154.0,2.4,15.6,78.0,2.3,201.1,22.0,2.36
2013-07-30,281.0,167.0,2.5,15.3,78.0,2.0,170.9,22.0,2.57
2013-07-31,263.0,158.0,2.2,14.6,78.0,2.1,180.3,21.8,2.52
2013-08-01,325.0,188.0,2.1,14.3,100.0,2.5,212.6,21.3,3.05
2013-08-02,313.0,184.0,1.7,12.8,100.0,2.1,184.2,20.9,3.3
2013-08-03,264.0,155.0,1.8,13.7,100.0,2.1,181.0,21.1,2.9
2013-08-04,292.0,169.0,1.8,14.0,100.0,2.1,183.7,21.4,3.17
2013-08-05,283.0,171.0,1.8,13.2,100.0,2.1,184.4,21.4,3.02
2013-08-06,219.0,126.0,1.7,12.5,100.0,2.1,178.1,21.0,2.25
2013-08-07,278.0,162.0,1.8,13.8,100.0,2.2,191.0,20.4,2.94
2013-08-08,279.0,168.0,2.0,14.3,100.0,2.4,210.0,20.6,2.68
2013-08-09,281.0,169.0,2.2,15.0,100.0,2.3,198.5,20.7,2.72
2013-08-10,293.0,176.0,2.3,14.8,78.0,2.3,200.0,21.1,2.64
2013-08-11,269.0,160.0,2.3,13.0,78.0,2.3,202.8,21.1,1.94
2013-08-12,289.0,173.0,2.2,13.3,100.0,2.3,198.9,21.2,2.46
2013-08-13,303.0,175.0,1.6,14.0,100.0,1.9,161.8,21.2,3.96
2013-08-14,312.0,173.0,1.5,14.9,89.0,2.0,174.3,20.8,4.51
2013-08-15,309.0,171.0,1.5,16.0,81.0,1.6,139.0,20.9,4.9
2013-08-16,374.0,168.0,1.6,17.3,79.0,2.3,197.7,21.7,4.43
2013-08-17,292.0,168.0,1.5,15.5,84.0,1.9,162.6,21.6,4.18
2013-08-18,258.0,146.0,1.4,14.1,87.0,1.8,153.7,21.4,3.51
2013-08-19,279.0,161.0,1.5,14.7,87.0,1.9,166.6,21.3,3.88
2013-08-20,264.0,149.0,1.4,13.9,88.0,1.8,151.2,21.5,3.53
2013-08-21,264.0,149.0,1.4,14.5,83.0,1.7,147.7,21.2,3.77
2013-08-22,294.0,163.0,1.4,15.2,79.0,2.0,170.5,21.1,4.39
2013-08-23,272.0,155.0,1.4,14.5,86.0,2.3,201.1,21.3,3.62
2013-08-24,282.0,162.0,1.4,14.9,85.0,2.1,183.0,21.4,4.11
2013-08-25,277.0,158.0,1.5,15.1,89.0,2.2,192.2,21.3,3.85
2013-08-26,273.0,155.0,1.5,14.2,90.0,1.9,162.5,21.5,3.58
2013-08-27,267.0,154.0,1.4,13.7,89.0,1.8,152.8,21.0,3.69
2013-08-28,282.0,163.0,1.5,14.7,88.0,1.9,167.3,21.5,3.97
2013-08-29,270.0,153.0,1.5,14.8,89.0,1.9,164.4,21.7,3.76
2013-08-30,276.0,151.0,1.6,20.3,67.0,1.7,144.9,21.8,5.39
2013-08-31,196.0,100.0,1.6,20.8,65.0,1.4,124.7,21.9,3.96
2013-09-01,255.0,136.0,1.7,20.4,71.0,1.7,144.9,22.3,4.47
2013-09-02,262.0,149.0,1.7,18.7,81.0,1.7,150.4,22.4,4.25
2013-09-03,263.0,149.0,1.6,17.7,77.0,1.9,168.2,22.3,4.44
2013-09-04,266.0,145.0,1.5,16.1,81.0,2.0,169.9,21.7,4.1
2013-09-05,268.0,146.0,1.4,15.9,80.0,1.8,154.6,21.3,4.2
2013-09-06,270.0,146.0,1.4,17.7,70.0,1.8,154.8,21.2,4.66
2013-09-07,270.0,146.0,1.4,14.7,84.0,1.7,144.4,20.8,4.03
2013-09-08,249.0,138.0,1.4,13.0,91.0,1.8,156.9,21.1,3.23
2013-09-09,247.0,137.0,1.4,13.5,89.0,1.7,143.2,21.1,3.35
2013-09-10,213.0,115.0,1.4,14.4,87.0,2.0,169.4,20.9,3.07
2013-09-11,192.0,99.0,1.4,14.0,88.0,1.6,138.8,20.4,2.72
2013-09-12,246.0,135.0,1.5,14.5,89.0,2.2,186.4,20.3,3.33
2013-09-13,239.0,131.0,1.4,14.3,88.0,2.1,178.6,20.9,3.28
2013-09-14,239.0,130.0,1.3,13.4,88.0,2.0,176.1,20.7,3.2
2013-09-15,251.0,131.0,1.3,13.9,83.0,1.8,157.8,20.4,3.63
2013-09-16,246.0,133.0,1.4,13.6,87.0,1.8,151.9,20.1,3.43
2013-09-17,252.0,129.0,1.3,14.4,80.0,2.1,180.3,19.7,3.67
2013-09-18,254.0,128.0,1.2,15.3,70.0,2.1,180.1,19.5,4.35
2013-09-19,249.0,125.0,1.2,17.8,58.0,1.9,166.9,19.6,4.71
2013-09-20,221.0,117.0,1.4,14.3,85.0,2.6,222.0,19.4,3.14
2013-09-21,166.0,82.0,1.5,15.0,90.0,1.9,168.1,19.8,2.31
2013-09-22,235.0,119.0,1.3,15.1,74.0,2.3,200.0,19.6,3.63
2013-09-23,239.0,117.0,1.2,20.7,50.0,3.0,261.4,19.6,5.54
2013-09-24,287.0,116.0,1.4,16.6,71.0,2.5,214.3,20.1,3.87
2013-09-25,238.0,117.0,1.1,14.2,67.0,3.4,289.9,18.9,3.94
2013-09-26,239.0,123.0,2.2,12.6,100.0,2.3,195.3,17.7,1.35
2013-09-27,242.0,125.0,2.6,15.1,78.0,2.1,182.0,17.1,2.08
2013-09-28,238.0,115.0,1.5,19.1,69.0,1.8,156.8,17.4,3.99
2013-09-29,233.0,114.0,1.4,15.5,82.0,1.8,154.9,17.2,3.53
2013-09-30,231.0,116.0,1.9,15.0,100.0,1.8,157.9,17.4,2.85
2013-10-01,216.0,115.0,2.0,13.4,100.0,1.9,164.3,17.8,2.06
2013-10-02,221.0,119.0,2.2,12.4,100.0,1.8,152.7,17.2,1.72
2013-10-03,226.0,120.0,2.5,13.2,78.0,2.2,189.3,16.4,1.45
2013-10-04,223.0,117.0,2.5,19.8,78.0,2.7,233.0,16.5,2.64
2013-10-05,231.0,96.0,0.5,21.9,20.0,3.2,272.6,17.2,6.71
2013-10-06,228.0,98.0,0.6,20.7,23.0,1.9,167.2,17.2,5.43
2013-10-07,216.0,111.0,1.1,13.4,71.0,1.7,150.2,16.9,3.07
2013-10-08,194.0,101.0,1.2,12.0,84.0,2.0,173.0,17.1,2.43
2013-10-09,99.0,38.0,1.1,11.4,82.0,2.5,216.0,16.2,1.38
2013-10-10,206.0,105.0,1.5,11.6,100.0,1.8,151.5,15.3,2.23
2013-10-11,208.0,105.0,1.6,11.9,100.0,1.8,154.0,16.0,2.01
2013-10-12,201.0,106.0,1.9,11.6,100.0,1.9,160.4,16.2,1.6
2013-10-13,188.0,101.0,2.1,11.1,100.0,2.0,173.4,16.4,1.17
2013-10-14,203.0,106.0,3.4,18.7,78.0,2.6,226.1,16.2,1.4
2013-10-15,204.0,97.0,1.5,19.9,64.0,2.6,223.8,16.6,4.27
2013-10-16,202.0,91.0,0.8,17.1,43.0,1.7,143.4,16.2,4.17
2013-10-17,200.0,89.0,0.8,16.5,44.0,1.9,161.1,15.7,4.06
2013-10-18,198.0,89.0,1.0,16.9,51.0,1.8,154.9,15.8,3.91
2013-10-19,191.0,94.0,1.3,11.0,99.0,1.5,128.5,15.9,2.38
2013-10-20,176.0,87.0,1.5,10.4,100.0,1.5,131.8,16.4,1.84
2013-10-21,183.0,92.0,1.8,10.2,100.0,1.5,130.8,16.5,1.57
2013-10-22,209.0,76.0,2.2,11.8,100.0,1.8,157.6,16.9,1.05
2013-10-23,163.0,83.0,2.0,10.4,100.0,1.6,142.3,16.5,1.12
2013-10-24,108.0,42.0,1.9,10.3,100.0,1.6,134.5,16.2,0.55
2013-10-25,169.0,84.0,2.1,11.1,100.0,1.6,136.2,15.9,1.33
2013-10-26,182.0,85.0,2.0,10.8,100.0,1.6,134.1,16.1,1.51
2013-10-27,78.0,29.0,1.5,8.8,100.0,2.2,187.7,15.6,0.35
2013-10-28,72.0,22.0,1.2,9.6,100.0,2.1,178.1,14.6,0.74
2013-10-29,163.0,75.0,1.3,10.3,100.0,1.6,141.7,14.5,1.85
2013-10-30,175.0,75.0,1.2,11.6,85.0,1.9,160.2,14.2,2.47
2013-10-31,175.0,73.0,1.1,14.6,65.0,1.8,152.1,14.4,2.97
2013-11-01,177.0,71.0,1.0,14.5,60.0,1.4,118.9,14.6,3.18
2013-11-02,173.0,71.0,1.1,11.9,81.0,1.7,144.8,14.3,2.34
2013-11-03,167.0,70.0,1.1,12.8,74.0,1.7,149.1,15.0,2.57
2013-11-04,172.0,65.0,0.7,12.4,51.0,2.1,178.2,14.4,3.01
2013-11-05,168.0,72.0,1.9,13.8,100.0,1.9,162.6,13.4,1.71
2013-11-06,161.0,70.0,2.3,13.7,78.0,1.4,125.2,13.2,1.38
2013-11-07,135.0,59.0,1.6,12.8,100.0,1.2,106.7,13.1,1.58
2013-11-08,163.0,65.0,1.4,12.8,92.0,1.3,115.4,13.1,2.23
2013-11-09,160.0,64.0,1.4,11.5,100.0,1.6,137.1,12.9,1.79
2013-11-10,144.0,62.0,1.5,9.8,100.0,1.6,138.8,13.9,1.38
2013-11-11,148.0,61.0,2.0,11.0,100.0,1.5,126.4,13.5,1.29
2013-11-12,97.0,35.0,2.4,13.5,78.0,1.7,144.7,14.1,0.53
2013-11-13,155.0,65.0,2.7,18.5,78.0,2.1,183.8,14.2,1.75
2013-11-14,153.0,63.0,1.9,11.9,100.0,1.8,153.3,13.9,1.25
2013-11-15,148.0,59.0,1.5,8.7,100.0,2.1,177.8,13.6,1.01
2013-11-16,146.0,59.0,1.5,7.8,100.0,1.7,149.7,12.9,0.88
2013-11-17,148.0,59.0,1.8,8.0,100.0,1.2,106.4,12.4,0.99
2013-11-18,115.0,43.0,1.8,8.4,100.0,1.3,112.5,12.1,0.58
2013-11-19,128.0,51.0,2.2,11.9,100.0,2.0,174.9,12.6,0.57
2013-11-20,72.0,22.0,2.1,11.0,100.0,1.1,96.5,13.0,0.34
2013-11-21,112.0,44.0,2.0,10.3,100.0,2.4,209.3,13.7,0.28
2013-11-22,106.0,37.0,2.5,13.9,78.0,2.8,237.9,13.0,0.2
2013-11-23,131.0,53.0,2.2,11.0,100.0,1.3,115.6,12.8,0.78
2013-11-24,141.0,54.0,2.1,10.0,100.0,1.2,104.4,12.3,0.99
2013-11-25,141.0,56.0,2.8,14.5,78.0,1.6,142.2,12.4,1.06
2013-11-26,120.0,47.0,2.2,13.2,100.0,1.3,114.7,12.5,0.91
2013-11-27,139.0,41.0,1.0,12.3,69.0,1.4,121.7,12.6,2.3
2013-11-28,89.0,28.0,1.0,12.6,67.0,1.3,110.4,12.7,1.69
2013-11-29,69.0,14.0,1.0,13.4,63.0,1.6,134.4,12.7,1.75
2013-11-30,135.0,44.0,1.3,13.3,85.0,1.6,141.4,12.2,1.92
2013-12-01,137.0,49.0,1.9,17.4,78.0,2.0,175.3,12.4,1.96
2013-12-02,135.0,46.0,1.0,13.8,66.0,2.0,174.5,12.8,2.52
2013-12-03,128.0,47.0,1.0,9.9,79.0,2.6,220.4,12.4,1.78
2013-12-04,98.0,35.0,0.4,8.4,38.0,2.4,204.2,11.0,2.02
2013-12-05,142.0,33.0,0.3,6.1,31.0,2.3,194.7,9.3,2.42
2013-12-06,135.0,40.0,0.5,5.0,55.0,1.5,127.4,8.4,1.8
2013-12-07,102.0,14.0,0.7,8.4,67.0,3.2,276.7,9.0,1.71
2013-12-08,88.0,20.0,0.5,6.0,49.0,3.1,266.4,8.0,1.72
2013-12-09,140.0,34.0,0.4,5.9,44.0,1.7,143.5,7.4,2.06
2013-12-10,139.0,27.0,0.3,9.8,27.0,2.2,191.5,7.7,2.97
2013-12-11,135.0,37.0,0.5,8.1,50.0,1.2,105.3,8.2,2.09
2013-12-12,136.0,38.0,0.7,7.3,66.0,1.3,113.1,8.0,1.87
2013-12-13,133.0,36.0,0.6,10.1,48.0,1.9,167.6,8.5,2.49
2013-12-14,135.0,32.0,0.5,12.2,37.0,1.6,136.7,9.2,2.61
2013-12-15,125.0,34.0,0.5,14.5,31.0,1.4,121.0,9.7,2.66
2013-12-16,113.0,31.0,0.5,17.7,25.0,1.6,139.0,10.8,2.95
2013-12-17,104.0,28.0,0.9,16.2,46.0,1.5,131.0,11.7,1.96
2013-12-18,65.0,19.0,1.2,11.0,89.0,1.6,135.9,11.3,0.79
2013-12-19,103.0,31.0,0.8,10.5,66.0,2.8,243.4,11.2,1.77
2013-12-20,133.0,33.0,0.5,9.0,45.0,1.9,160.9,10.2,2.23
2013-12-21,131.0,35.0,0.6,8.5,54.0,1.4,121.0,9.8,2.05
2013-12-22,129.0,39.0,0.8,8.5,74.0,1.3,108.5,9.6,1.73
2013-12-23,130.0,39.0,0.9,8.9,80.0,1.3,110.2,9.8,1.87
2013-12-24,129.0,34.0,0.6,16.4,34.0,3.1,266.5,10.2,3.95
2013-12-25,133.0,34.0,0.6,13.1,42.0,1.4,120.7,10.7,2.66
2013-12-26,136.0,27.0,0.4,14.9,26.0,2.1,182.1,10.2,3.8
2013-12-27,131.0,31.0,0.5,12.7,37.0,1.3,113.3,9.7,2.51
2013-12-28,132.0,34.0,0.7,13.1,45.0,2.1,181.7,10.1,2.63
2013-12-29,135.0,30.0,0.5,13.0,33.0,1.4,122.3,10.4,2.65
2013-12-30,135.0,30.0,0.4,10.7,32.0,1.2,100.9,10.0,2.43
2013-12-31,131.0,44.0,0.7,9.0,62.0,1.3,113.3,9.7,1.92
2014-01-01,127.0,39.0,0.8,10.1,68.0,1.2,106.4,9.8,1.89
2014-01-02,128.0,36.0,0.7,11.3,53.0,1.2,103.1,10.0,2.21
2014-01-03,111.0,36.0,0.8,11.0,62.0,1.2,105.1,10.1,1.81
2014-01-04,116.0,41.0,1.1,10.3,92.0,1.3,111.4,10.8,1.39
2014-01-05,135.0,39.0,0.9,10.2,73.0,1.1,96.2,11.3,1.96
2014-01-06,126.0,34.0,0.8,11.3,61.0,1.3,108.5,10.7,2.07
2014-01-07,72.0,21.0,1.1,10.1,88.0,1.3,110.5,10.8,1.07
2014-01-08,127.0,45.0,1.0,10.9,79.0,1.8,154.1,10.5,1.78
2014-01-09,128.0,44.0,1.0,13.1,67.0,2.4,209.6,11.0,2.13
2014-01-10,137.0,39.0,0.8,15.6,46.0,2.6,225.6,11.6,3.01
2014-01-11,120.0,40.0,1.0,12.6,68.0,1.7,149.2,11.7,1.92
2014-01-12,134.0,37.0,0.8,13.2,50.0,3.3,283.8,11.7,2.87
2014-01-13,146.0,33.0,0.5,16.5,28.0,2.6,221.9,11.9,3.94
2014-01-14,147.0,29.0,0.5,19.1,20.0,2.5,218.4,12.2,4.15
2014-01-15,148.0,31.0,0.5,16.7,24.0,1.6,138.8,12.6,3.52
2014-01-16,150.0,31.0,0.5,16.1,25.0,1.3,109.0,12.1,3.24
2014-01-17,153.0,27.0,0.4,16.2,23.0,1.5,125.6,11.8,3.39
2014-01-18,152.0,27.0,0.4,15.9,24.0,1.6,140.5,11.4,3.61
2014-01-19,146.0,42.0,0.5,12.2,32.0,1.2,107.7,10.9,2.82
2014-01-20,159.0,37.0,0.6,9.5,51.0,1.2,106.7,10.2,2.49
2014-01-21,129.0,53.0,0.8,11.1,60.0,1.1,93.8,10.1,2.15
2014-01-22,145.0,41.0,0.5,16.7,25.0,1.9,161.3,11.1,3.56
2014-01-23,150.0,53.0,1.1,11.2,79.0,2.0,168.5,11.0,1.95
2014-01-24,103.0,39.0,1.2,13.2,77.0,1.2,103.8,11.5,1.63
2014-01-25,90.0,31.0,0.9,14.2,58.0,1.4,124.6,12.0,1.96
2014-01-26,72.0,22.0,0.9,12.6,61.0,1.4,123.4,11.5,1.54
2014-01-27,143.0,58.0,1.1,11.1,86.0,1.7,143.5,11.6,1.88
2014-01-28,139.0,53.0,1.0,13.5,64.0,1.7,143.2,11.7,2.62
2014-01-29,152.0,59.0,1.2,15.5,71.0,1.9,168.1,12.6,2.48
2014-01-30,94.0,36.0,1.3,12.4,89.0,2.2,193.3,13.1,1.18
2014-01-31,155.0,62.0,0.9,9.7,77.0,2.1,184.2,12.3,2.11
2014-02-01,168.0,59.0,0.7,7.7,67.0,1.7,146.9,11.0,2.35
2014-02-02,63.0,8.0,0.9,7.8,83.0,2.2,192.7,9.7,0.81
2014-02-03,145.0,48.0,0.9,8.4,82.0,1.8,157.5,9.8,1.79
2014-02-04,139.0,52.0,0.8,8.1,74.0,1.7,150.3,9.5,1.82
2014-02-05,169.0,66.0,0.8,8.2,76.0,1.7,150.5,9.6,2.12
2014-02-06,39.0,0.0,1.2,10.0,94.0,2.0,175.5,10.1,0.32
2014-02-07,62.0,2.0,1.2,11.3,90.0,1.3,110.3,10.6,0.7
2014-02-08,68.0,21.0,1.4,12.9,91.0,1.9,162.8,11.3,0.87
2014-02-09,105.0,44.0,1.4,13.4,94.0,1.6,139.9,12.6,1.32
2014-02-10,150.0,73.0,1.4,13.4,92.0,2.1,179.9,13.3,1.71
2014-02-11,152.0,60.0,1.1,13.7,73.0,1.7,150.4,12.9,2.41
2014-02-12,178.0,72.0,1.1,13.1,73.0,1.6,135.8,12.7,2.61
2014-02-13,187.0,72.0,1.1,14.4,65.0,1.7,145.0,13.2,3.05
2014-02-14,179.0,83.0,1.2,11.2,91.0,1.7,142.8,13.8,2.2
2014-02-15,93.0,35.0,1.2,10.6,91.0,1.3,113.3,13.1,1.26
2014-02-16,187.0,79.0,1.2,14.7,72.0,2.0,176.3,13.7,2.96
2014-02-17,181.0,80.0,1.1,11.8,78.0,1.9,167.3,13.6,2.37
2014-02-18,102.0,37.0,0.8,14.5,47.0,2.0,175.7,12.9,2.6
2014-02-19,194.0,83.0,1.0,13.5,64.0,2.7,237.3,13.3,3.15
2014-02-20,131.0,50.0,0.6,16.7,34.0,2.9,248.2,13.1,3.88
2014-02-21,200.0,80.0,0.8,17.2,39.0,2.3,202.5,14.0,4.35
2014-02-22,202.0,85.0,0.9,14.2,56.0,2.2,187.1,13.9,3.74
2014-02-23,204.0,89.0,1.1,10.7,85.0,1.6,135.5,13.7,2.7
2014-02-24,201.0,92.0,1.1,10.4,89.0,1.7,142.8,13.8,2.39
2014-02-25,161.0,82.0,1.1,11.1,87.0,2.1,182.0,13.9,1.99
2014-02-26,52.0,9.0,1.3,13.6,82.0,3.7,318.7,13.6,0.91
2014-02-27,169.0,80.0,1.2,14.6,70.0,2.5,213.6,13.4,2.73
2014-02-28,41.0,1.0,1.3,13.2,88.0,4.9,419.6,12.9,0.65
2014-03-01,73.0,20.0,1.3,13.1,88.0,4.8,413.3,12.6,1.12
2014-03-02,46.0,3.0,1.3,11.7,94.0,1.9,166.1,12.7,0.45
2014-03-03,183.0,94.0,1.2,11.9,89.0,1.7,146.0,12.9,2.29
2014-03-04,140.0,64.0,1.4,13.3,91.0,1.7,148.7,13.8,1.77
2014-03-05,182.0,92.0,1.4,13.2,91.0,1.5,130.7,14.7,2.27
2014-03-06,171.0,87.0,1.4,13.6,89.0,1.9,161.6,15.1,2.11
2014-03-07,203.0,91.0,1.0,14.5,62.0,2.4,209.6,14.7,3.46
2014-03-08,218.0,100.0,0.9,16.3,51.0,2.0,171.0,14.8,4.09
2014-03-09,120.0,52.0,0.9,15.3,53.0,1.2,107.3,14.8,2.53
2014-03-10,192.0,80.0,1.0,13.9,66.0,1.9,167.4,14.7,3.18
2014-03-11,196.0,88.0,0.8,16.4,42.0,2.2,189.6,15.0,4.01
2014-03-12,218.0,107.0,0.9,14.2,54.0,2.1,185.2,14.7,4.02
2014-03-13,239.0,109.0,0.8,16.2,43.0,2.2,190.9,14.9,4.62
2014-03-14,266.0,115.0,1.2,13.5,77.0,2.3,196.2,15.7,2.97
2014-03-15,239.0,115.0,1.0,17.1,53.0,2.0,169.0,15.4,4.54
2014-03-16,245.0,116.0,1.0,17.6,50.0,1.7,146.3,15.9,4.58
2014-03-17,244.0,121.0,1.1,12.1,78.0,2.6,221.1,15.9,3.22
2014-03-18,251.0,117.0,0.8,13.0,55.0,1.9,163.1,15.2,4.08
2014-03-19,246.0,122.0,0.9,12.8,59.0,1.5,132.8,15.0,3.93
2014-03-20,220.0,120.0,1.0,11.1,78.0,1.5,132.0,14.8,2.97
2014-03-21,198.0,104.0,1.1,10.9,83.0,1.9,161.8,15.1,2.37
2014-03-22,239.0,128.0,1.0,9.8,84.0,1.6,140.9,15.1,2.86
2014-03-23,234.0,128.0,1.1,11.0,85.0,1.7,145.3,15.6,2.81
2014-03-24,221.0,117.0,1.2,10.8,90.0,1.5,130.6,15.6,2.67
2014-03-25,208.0,95.0,1.2,12.0,87.0,2.0,174.3,15.9,2.12
2014-03-26,146.0,72.0,1.2,12.3,87.0,2.3,194.5,15.8,1.89
2014-03-27,253.0,132.0,1.1,11.4,83.0,2.1,183.1,15.4,3.17
2014-03-28,216.0,127.0,1.2,17.1,78.0,1.8,159.0,13.5,3.37
2014-03-29,216.0,0.0,1.2,46.4,78.0,3.4,295.8,16.5,0.0
2014-03-30,216.0,-12.0,1.2,36.8,78.0,2.6,222.7,16.5,3.22
2014-03-31,216.0,0.0,1.2,44.9,78.0,3.7,319.9,16.5,0.0
2014-04-01,216.0,-19.0,1.2,46.3,78.0,2.4,205.7,16.5,3.22
2014-04-02,216.0,105.0,1.2,13.3,78.0,2.0,170.8,16.5,3.22
2014-04-03,216.0,105.0,1.2,13.3,78.0,2.0,170.8,16.5,3.22
2014-04-04,216.0,105.0,1.2,13.3,78.0,2.0,170.8,16.5,3.22
2014-04-05,216.0,105.0,1.2,13.3,78.0,2.0,170.8,16.5,3.22
2014-04-06,216.0,105.0,1.2,13.3,78.0,2.0,170.8,16.5,3.22
2014-04-07,216.0,105.0,1.2,13.3,78.0,2.0,170.8,16.5,3.22
2014-04-08,328.0,103.0,1.3,16.2,73.0,1.9,162.5,17.5,2.75
2014-04-09,277.0,154.0,1.3,11.7,91.0,1.7,142.9,17.0,3.41
2014-04-10,219.0,122.0,1.2,11.3,93.0,1.6,134.0,16.9,2.57
2014-04-11,250.0,143.0,1.3,12.0,89.0,1.9,163.7,16.7,2.99
2014-04-12,212.0,117.0,1.1,12.2,78.0,2.0,173.1,16.9,2.72
2014-04-13,268.0,148.0,1.2,12.7,81.0,2.3,198.5,17.2,3.23
2014-04-14,253.0,140.0,1.3,11.9,90.0,1.5,131.2,17.0,3.18
2014-04-15,270.0,153.0,1.3,12.5,90.0,2.1,182.7,17.6,3.27
2014-04-16,280.0,160.0,1.2,11.8,87.0,1.8,156.6,17.4,3.63
2014-04-17,156.0,79.0,1.3,12.3,89.0,2.3,194.6,16.5,2.02
2014-04-18,292.0,107.0,1.3,13.0,85.0,2.2,191.4,17.1,2.38
2014-04-19,264.0,152.0,1.2,12.5,85.0,2.0,175.0,17.1,3.24
2014-04-20,298.0,166.0,1.2,14.5,73.0,1.7,146.2,17.5,4.58
2014-04-21,230.0,127.0,1.2,14.0,77.0,1.6,136.5,17.4,3.52
2014-04-22,300.0,166.0,1.0,11.9,74.0,2.7,236.6,17.3,3.97
2014-04-23,306.0,162.0,0.9,12.5,59.0,2.8,241.0,16.8,4.53
2014-04-24,304.0,169.0,1.1,13.8,70.0,2.4,206.5,16.9,4.27
2014-04-25,114.0,51.0,1.2,11.3,90.0,1.9,166.8,16.6,1.45
2014-04-26,303.0,172.0,1.0,9.6,80.0,2.8,239.8,15.7,3.59
2014-04-27,299.0,171.0,1.1,11.2,81.0,2.4,210.4,15.7,3.79
2014-04-28,312.0,173.0,1.0,14.3,64.0,2.1,185.2,16.6,4.66
2014-04-29,320.0,167.0,0.9,20.5,37.0,2.7,232.2,17.2,7.05
2014-04-30,321.0,168.0,0.8,19.9,36.0,2.2,190.8,17.8,6.99
2014-05-01,309.0,162.0,0.9,19.5,38.0,2.1,180.1,17.5,6.6
2014-05-02,320.0,165.0,1.0,19.5,45.0,2.1,178.3,17.7,6.39
2014-05-03,315.0,174.0,1.2,12.5,84.0,2.2,186.3,17.3,3.99
2014-05-04,321.0,175.0,1.2,13.0,80.0,2.3,194.4,17.0,4.26
2014-05-05,268.0,149.0,1.2,11.8,87.0,3.2,274.1,16.8,3.2
2014-05-06,323.0,174.0,1.0,10.7,79.0,3.1,271.0,16.1,3.82
2014-05-07,195.0,98.0,1.1,10.9,81.0,2.9,247.5,15.6,2.5
2014-05-08,295.0,169.0,1.2,12.6,82.0,2.4,203.0,15.9,3.77
2014-05-09,308.0,176.0,1.3,13.2,87.0,2.4,203.7,17.0,3.64
2014-05-10,329.0,178.0,1.0,12.3,68.0,2.7,235.8,16.6,4.5
2014-05-11,338.0,176.0,1.0,13.1,65.0,2.0,169.4,16.5,4.99
2014-05-12,335.0,172.0,0.8,18.0,40.0,2.0,171.4,17.0,6.4
2014-05-13,337.0,166.0,0.7,22.0,26.0,2.3,196.0,18.0,7.82
2014-05-14,337.0,169.0,0.8,23.4,27.0,2.2,191.0,18.6,7.92
2014-05-15,333.0,174.0,1.0,23.6,33.0,2.2,193.7,19.2,7.78
2014-05-16,334.0,182.0,1.2,15.0,73.0,2.0,170.6,19.0,4.85
2014-05-17,321.0,179.0,1.2,12.6,84.0,2.3,196.3,18.3,4.03
2014-05-18,335.0,184.0,1.2,13.1,80.0,2.5,215.9,17.9,4.36
2014-05-19,328.0,181.0,1.2,12.1,83.0,2.9,246.3,17.4,4.01
2014-05-20,296.0,168.0,1.2,13.3,81.0,2.8,245.9,17.5,3.75
2014-05-21,132.0,58.0,1.3,12.5,86.0,2.1,179.9,17.0,1.77
2014-05-22,211.0,116.0,1.3,13.2,86.0,2.0,172.5,16.9,2.72
2014-05-23,375.0,175.0,1.3,13.8,85.0,2.6,227.2,17.9,3.59
2014-05-24,231.0,132.0,1.3,13.4,88.0,2.2,193.4,17.6,2.81
2014-05-25,323.0,186.0,1.4,14.8,80.0,1.9,165.5,18.2,4.42
2014-05-26,345.0,187.0,1.3,15.6,72.0,1.7,150.1,18.4,5.37
2014-05-27,347.0,187.0,1.2,14.1,74.0,2.0,172.8,18.5,4.96
2014-05-28,342.0,184.0,1.0,15.5,56.0,2.2,190.5,18.4,5.7
2014-05-29,344.0,183.0,0.9,16.3,48.0,2.2,187.9,18.4,6.03
2014-05-30,330.0,189.0,1.2,12.1,84.0,2.0,176.3,18.4,4.11
2014-05-31,339.0,189.0,1.2,12.1,82.0,2.3,199.0,18.1,4.25
2014-06-01,331.0,189.0,1.2,12.4,84.0,1.9,167.1,18.5,4.06
2014-06-02,245.0,138.0,1.2,12.4,83.0,2.2,192.8,18.5,3.07
2014-06-03,317.0,180.0,1.2,13.8,79.0,2.4,204.2,18.9,4.12
2014-06-04,332.0,191.0,1.3,13.3,82.0,2.1,179.1,19.4,4.28
2014-06-05,311.0,182.0,1.3,12.9,86.0,2.1,179.7,19.6,3.86
2014-06-06,311.0,175.0,1.3,13.4,83.0,2.0,172.2,19.9,4.04
2014-06-07,328.0,190.0,1.3,13.6,82.0,2.1,184.9,20.0,4.16
2014-06-08,320.0,185.0,1.3,13.8,83.0,1.7,146.5,20.2,4.3
2014-06-09,339.0,194.0,1.4,15.0,82.0,2.0,174.4,20.5,4.67
2014-06-10,301.0,177.0,1.4,15.2,84.0,2.3,200.4,20.8,4.0
2014-06-11,186.0,93.0,1.5,15.5,83.0,2.0,168.7,20.3,2.53
2014-06-12,314.0,181.0,1.3,15.2,78.0,2.2,193.4,20.4,4.31
2014-06-13,331.0,189.0,1.3,13.7,82.0,2.2,193.0,20.5,4.29
2014-06-14,349.0,192.0,1.2,14.3,75.0,2.1,180.9,20.2,5.12
2014-06-15,233.0,132.0,1.2,12.8,83.0,2.7,236.6,19.7,2.95
2014-06-16,300.0,172.0,1.2,13.6,77.0,2.8,239.6,19.7,3.86
2014-06-17,427.0,176.0,1.2,13.8,74.0,2.5,217.6,19.9,3.97
2014-06-18,347.0,193.0,1.2,13.8,76.0,1.9,165.0,19.3,4.92
2014-06-19,339.0,194.0,1.3,14.0,81.0,2.1,178.8,19.7,4.56
2014-06-20,338.0,190.0,1.2,15.1,72.0,1.9,167.9,20.1,5.16
2014-06-21,326.0,185.0,1.2,13.7,78.0,2.0,173.5,20.1,4.54
2014-06-22,319.0,185.0,1.2,12.7,84.0,2.1,180.7,19.8,4.08
2014-06-23,325.0,190.0,1.3,13.5,81.0,2.0,172.7,20.2,4.24
2014-06-24,341.0,192.0,1.3,13.7,80.0,2.2,193.5,20.0,4.56
2014-06-25,328.0,191.0,1.4,13.8,86.0,2.4,206.1,20.3,4.03
2014-06-26,311.0,183.0,1.4,15.0,82.0,2.2,189.1,20.7,4.24
2014-06-27,327.0,191.0,1.4,15.1,80.0,2.4,205.0,21.0,4.63
2014-06-28,337.0,190.0,1.4,15.2,79.0,2.1,180.7,21.2,4.79
2014-06-29,336.0,188.0,1.3,16.1,69.0,1.9,165.9,21.2,5.41
2014-06-30,330.0,190.0,1.5,16.3,80.0,2.8,238.0,21.4,4.69
2014-07-01,276.0,158.0,1.5,15.8,84.0,2.1,181.2,21.9,3.79
2014-07-02,290.0,169.0,1.4,14.9,85.0,2.2,190.3,21.9,3.81
2014-07-03,319.0,188.0,1.4,15.6,79.0,2.1,182.3,22.2,4.56
2014-07-04,329.0,192.0,1.4,15.7,78.0,1.8,153.0,22.2,4.9
2014-07-05,327.0,187.0,1.4,17.3,70.0,1.9,166.4,22.6,5.44
2014-07-06,326.0,187.0,1.4,16.5,73.0,1.8,156.0,22.7,5.23
2014-07-07,310.0,182.0,1.4,15.5,81.0,1.8,155.7,22.7,4.48
2014-07-08,313.0,185.0,1.4,15.5,81.0,2.0,171.4,22.8,4.42
2014-07-09,313.0,184.0,1.5,16.5,79.0,2.0,174.2,23.1,4.45
2014-07-10,239.0,138.0,1.5,16.2,82.0,1.9,159.8,23.0,3.36
2014-07-11,291.0,170.0,1.5,16.6,79.0,2.2,193.9,23.0,4.18
2014-07-12,326.0,187.0,1.5,17.1,77.0,2.4,208.3,23.2,4.77
2014-07-13,317.0,186.0,1.5,16.7,78.0,2.2,187.7,23.2,4.68
2014-07-14,154.0,80.0,1.6,18.2,79.0,1.8,152.4,22.6,2.59
2014-07-15,404.0,171.0,1.8,19.7,78.0,2.9,252.0,23.5,4.33
2014-07-16,153.0,70.0,1.6,17.6,81.0,1.7,143.9,22.7,2.34
2014-07-17,324.0,186.0,1.5,17.2,77.0,2.0,170.6,22.3,4.86
2014-07-18,265.0,153.0,1.5,17.0,79.0,1.9,164.5,22.9,3.86
2014-07-19,263.0,155.0,1.5,17.3,78.0,1.7,144.9,22.7,4.06
2014-07-20,289.0,167.0,1.6,18.9,74.0,2.0,169.3,23.0,4.69
2014-07-21,259.0,138.0,1.7,19.1,75.0,1.8,156.4,23.3,4.11
2014-07-22,322.0,186.0,1.5,18.0,74.0,2.2,190.5,23.3,5.16
2014-07-23,326.0,185.0,1.6,18.2,75.0,2.6,220.8,23.1,5.44
2014-07-24,323.0,185.0,1.6,18.5,73.0,2.7,230.3,23.3,4.68
2014-07-25,310.0,180.0,1.6,17.3,79.0,1.7,147.5,23.3,4.82
2014-07-26,319.0,183.0,1.6,17.6,82.0,1.8,155.4,23.8,4.7
2014-07-27,302.0,176.0,1.6,17.8,81.0,1.7,151.1,23.9,4.58
2014-07-28,234.0,130.0,1.7,19.3,76.0,1.7,145.8,23.9,4.1
2014-07-29,287.0,167.0,1.7,18.3,81.0,1.9,162.4,23.9,4.41
2014-07-30,224.0,105.0,1.7,17.4,84.0,1.9,168.0,23.8,3.45
2014-07-31,288.0,171.0,1.7,17.2,85.0,2.2,187.3,23.8,4.14
2014-08-01,297.0,174.0,1.7,17.4,83.0,1.9,162.8,24.1,4.36
2014-08-02,292.0,171.0,1.6,17.0,84.0,1.8,153.9,24.3,4.26
2014-08-03,233.0,132.0,1.6,17.1,82.0,2.0,175.7,24.0,3.56
2014-08-04,288.0,167.0,1.5,16.9,79.0,1.9,166.8,23.9,4.19
2014-08-05,314.0,178.0,1.5,17.7,75.0,1.9,164.6,24.1,4.73
2014-08-06,230.0,132.0,1.6,17.1,84.0,1.9,164.5,23.8,3.32
2014-08-07,260.0,149.0,1.6,17.1,85.0,2.1,181.1,23.9,3.71
2014-08-08,278.0,162.0,1.6,16.9,83.0,1.9,168.0,24.0,3.95
2014-08-09,296.0,172.0,1.5,16.7,81.0,2.5,212.9,23.9,4.3
2014-08-10,284.0,163.0,1.5,16.4,80.0,1.9,161.9,23.9,4.17
2014-08-11,290.0,168.0,1.5,16.6,80.0,1.9,161.7,23.9,4.2
2014-08-12,299.0,170.0,1.5,16.7,78.0,1.9,164.2,23.6,4.45
2014-08-13,295.0,170.0,1.6,17.3,79.0,2.0,172.9,23.7,4.38
2014-08-14,278.0,159.0,1.6,17.1,84.0,2.0,170.9,23.9,3.99
2014-08-15,311.0,172.0,1.6,16.5,84.0,1.8,158.2,23.9,4.37
2014-08-16,299.0,171.0,1.5,16.9,77.0,1.9,164.2,24.0,4.6
2014-08-17,293.0,167.0,1.5,16.5,81.0,2.2,188.3,23.9,4.24
2014-08-18,273.0,160.0,1.5,16.2,84.0,2.0,175.8,23.8,3.9
2014-08-19,167.0,86.0,1.5,15.9,85.0,1.9,162.2,23.2,2.46
2014-08-20,239.0,132.0,1.5,17.5,75.0,1.9,162.3,22.9,3.74
2014-08-21,273.0,148.0,1.5,16.6,80.0,1.8,155.0,22.8,4.18
2014-08-22,282.0,162.0,1.6,17.1,82.0,1.7,148.2,23.3,4.13
2014-08-23,229.0,124.0,1.5,16.2,81.0,1.9,164.2,23.4,3.31
2014-08-24,285.0,160.0,1.4,16.3,76.0,1.9,159.8,23.1,4.39
2014-08-25,271.0,152.0,1.4,16.6,72.0,1.9,160.2,23.1,4.2
2014-08-26,285.0,157.0,1.4,16.1,74.0,1.7,144.3,22.7,4.47
2014-08-27,288.0,158.0,1.5,17.5,76.0,1.6,137.9,22.7,4.68
2014-08-28,279.0,157.0,1.6,17.3,81.0,2.1,178.5,23.3,4.15
2014-08-29,278.0,158.0,1.6,17.2,82.0,2.3,202.7,23.5,4.06
2014-08-30,281.0,151.0,1.5,19.3,68.0,2.1,182.3,23.7,5.31
2014-08-31,285.0,154.0,1.5,17.1,75.0,2.1,185.3,23.3,4.36
2014-09-01,280.0,156.0,1.5,16.3,81.0,1.6,142.1,22.8,4.12
2014-09-02,268.0,155.0,1.6,16.6,83.0,2.1,177.9,23.2,3.79
2014-09-03,206.0,111.0,1.5,16.2,83.0,1.8,156.7,23.1,2.95
2014-09-04,232.0,127.0,1.5,16.1,81.0,1.9,161.7,23.0,3.36
2014-09-05,239.0,132.0,1.5,15.9,81.0,1.8,152.1,23.0,3.5
2014-09-06,257.0,144.0,1.4,14.7,81.0,1.6,141.4,22.4,3.79
2014-09-07,230.0,131.0,1.5,15.3,83.0,2.0,169.9,22.4,3.36
2014-09-08,248.0,135.0,1.4,14.8,82.0,2.0,172.7,22.4,3.53
2014-09-09,259.0,141.0,1.3,14.7,80.0,1.8,156.2,21.9,3.83
2014-09-10,254.0,139.0,1.4,15.3,81.0,1.6,139.2,22.2,3.76
2014-09-11,312.0,136.0,1.5,17.6,74.0,2.0,170.9,23.1,3.64
2014-09-12,241.0,132.0,1.5,15.6,86.0,1.8,151.5,22.6,3.37
2014-09-13,228.0,126.0,1.6,16.2,85.0,1.9,161.7,22.8,3.26
2014-09-14,232.0,127.0,1.6,17.0,81.0,1.8,152.9,22.9,3.59
2014-09-15,242.0,129.0,1.5,17.5,77.0,1.7,143.1,22.9,3.95
2014-09-16,252.0,130.0,1.5,17.3,74.0,1.8,151.7,22.6,4.33
2014-09-17,245.0,128.0,1.5,16.2,80.0,1.5,132.9,22.4,3.66
2014-09-18,177.0,88.0,1.8,18.7,84.0,2.1,179.7,22.4,2.8
2014-09-19,240.0,125.0,1.7,18.6,79.0,2.1,182.2,22.6,3.72
2014-09-20,190.0,99.0,1.6,16.9,85.0,1.9,165.9,22.7,2.75
2014-09-21,209.0,109.0,1.6,17.0,82.0,2.2,190.1,22.8,3.1
2014-09-22,225.0,120.0,1.6,16.4,84.0,1.6,140.0,22.4,3.36
2014-09-23,225.0,119.0,1.6,16.4,86.0,1.8,152.1,22.2,3.24
2014-09-24,221.0,121.0,1.7,17.7,83.0,2.1,181.5,22.5,3.31
2014-09-25,205.0,101.0,1.7,17.6,83.0,2.0,175.0,22.6,3.14
2014-09-26,217.0,109.0,1.4,15.8,78.0,2.5,213.4,21.5,3.53
2014-09-27,217.0,110.0,1.4,14.9,81.0,2.7,234.1,20.5,3.27
2014-09-28,172.0,81.0,1.3,15.3,77.0,1.8,157.1,20.4,2.77
2014-09-29,228.0,113.0,1.4,16.0,77.0,2.1,178.7,20.3,3.77
2014-09-30,229.0,113.0,1.4,15.5,82.0,2.0,169.7,20.3,3.35
2014-10-01,231.0,113.0,1.1,22.4,42.0,2.5,215.9,20.6,5.27
2014-10-02,227.0,107.0,1.0,23.4,33.0,1.7,149.0,21.3,5.35
2014-10-03,231.0,102.0,0.7,24.2,24.0,1.9,160.2,21.4,5.85
2014-10-04,155.0,60.0,0.7,27.2,78.0,2.4,203.6,21.5,5.4
2014-10-05,225.0,101.0,0.8,24.0,28.0,1.8,152.1,21.8,5.37
2014-10-06,225.0,108.0,1.2,17.2,60.0,1.5,130.0,21.3,4.02
2014-10-07,215.0,109.0,1.4,14.9,84.0,1.6,136.9,21.1,3.19
2014-10-08,209.0,107.0,1.5,15.1,86.0,1.7,146.1,21.3,3.03
2014-10-09,209.0,107.0,1.4,14.1,89.0,1.4,124.1,20.9,2.86
2014-10-10,257.0,97.0,1.5,15.9,83.0,0.5,41.0,21.3,2.51
2014-10-11,201.0,102.0,1.4,14.5,86.0,0.5,40.6,20.8,2.75
2014-10-12,210.0,97.0,1.1,20.7,44.0,0.5,41.1,20.5,3.43
2014-10-13,202.0,102.0,1.5,17.4,74.0,0.5,40.4,20.3,2.93
2014-10-14,108.0,49.0,1.6,18.1,77.0,0.5,41.6,20.4,1.65
2014-10-15,186.0,91.0,1.5,17.2,77.0,0.5,40.7,20.2,2.72
2014-10-16,192.0,92.0,1.4,15.0,82.0,0.5,40.3,19.6,2.68
2014-10-17,185.0,89.0,1.3,14.5,76.0,0.5,40.1,19.1,2.55
2014-10-18,193.0,91.0,1.4,16.5,72.0,0.5,40.4,19.2,2.84
2014-10-19,186.0,88.0,1.5,15.7,82.0,0.5,40.5,19.1,2.64
2014-10-20,172.0,87.0,1.5,16.6,81.0,0.5,41.2,19.6,2.46
2014-10-21,177.0,71.0,1.1,18.0,51.0,0.5,42.2,19.2,2.55
2014-10-22,187.0,80.0,1.0,18.8,45.0,0.5,41.7,19.2,2.8
2014-10-23,176.0,79.0,1.2,16.3,63.0,0.5,40.2,18.8,2.61
2014-10-24,179.0,84.0,1.4,13.9,85.0,0.5,39.8,18.9,2.43
2014-10-25,133.0,53.0,1.4,14.8,83.0,0.5,40.3,18.5,1.88
2014-10-26,177.0,78.0,1.1,16.3,61.0,0.5,41.6,18.2,2.48
2014-10-27,184.0,76.0,1.0,15.9,54.0,0.5,41.0,17.9,2.55
2014-10-28,188.0,71.0,0.9,20.9,36.0,2.6,222.6,18.7,3.65
2014-10-29,178.0,69.0,0.8,20.5,35.0,2.2,190.9,18.6,4.46
2014-10-30,117.0,42.0,1.2,16.2,67.0,1.5,132.9,18.1,2.09
2014-10-31,116.0,52.0,1.4,15.7,79.0,2.3,199.2,18.2,1.99
2014-11-01,151.0,61.0,1.2,12.3,87.0,1.7,146.3,17.4,1.84
2014-11-02,169.0,70.0,1.1,12.5,74.0,1.8,152.9,16.7,2.35
2014-11-03,168.0,66.0,1.0,13.5,64.0,1.9,162.4,16.1,2.8
2014-11-04,169.0,64.0,0.9,16.6,46.0,1.9,160.4,15.9,3.42
2014-11-05,169.0,62.0,0.8,17.5,40.0,1.5,133.1,16.3,3.66
2014-11-06,168.0,65.0,1.1,15.4,62.0,1.3,111.8,16.3,3.0
2014-11-07,165.0,65.0,1.2,16.9,63.0,1.4,117.6,16.7,3.05
2014-11-08,157.0,65.0,1.3,13.6,81.0,1.1,90.9,16.6,2.24
2014-11-09,149.0,64.0,1.4,12.3,94.0,1.2,106.9,16.8,1.77
2014-11-10,49.0,3.0,1.3,12.9,90.0,1.7,143.2,16.8,0.58
2014-11-11,78.0,20.0,1.4,14.7,82.0,1.3,116.1,16.8,1.19
2014-11-12,147.0,59.0,1.2,13.5,78.0,1.6,136.1,16.9,2.1
2014-11-13,36.0,-2.0,1.4,13.3,95.0,1.6,136.8,16.2,0.29
2014-11-14,142.0,56.0,1.3,14.2,83.0,1.6,139.8,16.5,2.13
2014-11-15,145.0,53.0,1.2,13.1,78.0,1.8,156.0,15.8,2.13
2014-11-16,114.0,36.0,1.0,14.9,62.0,2.0,172.5,15.4,2.36
2014-11-17,137.0,46.0,0.9,13.4,57.0,1.1,97.1,15.4,2.25
2014-11-18,118.0,40.0,0.7,14.6,45.0,1.3,109.0,15.0,2.47
2014-11-19,63.0,12.0,1.1,14.2,71.0,1.7,149.1,15.0,1.46
2014-11-20,69.0,16.0,1.3,12.3,92.0,1.3,110.2,15.3,0.91
2014-11-21,138.0,44.0,1.1,11.8,81.0,1.6,142.4,14.7,1.9
2014-11-22,105.0,34.0,1.3,13.3,83.0,1.8,158.8,14.5,1.52
2014-11-23,141.0,43.0,0.9,14.7,51.0,2.4,210.2,14.6,2.83
2014-11-24,143.0,41.0,0.7,14.3,42.0,2.6,226.1,14.1,3.2
2014-11-25,143.0,38.0,0.6,14.0,37.0,1.5,127.2,13.9,2.93
2014-11-26,142.0,40.0,0.7,14.6,43.0,1.3,108.8,13.9,2.71
2014-11-27,140.0,43.0,0.9,13.1,63.0,1.2,101.4,13.9,2.34
2014-11-28,142.0,43.0,0.9,10.5,72.0,1.2,101.0,13.4,2.13
2014-11-29,128.0,42.0,0.9,10.6,70.0,1.1,93.8,13.1,1.99
2014-11-30,38.0,-7.0,1.3,14.4,80.0,2.6,222.5,13.3,0.82
2014-12-01,70.0,23.0,1.4,15.1,79.0,1.7,150.1,13.7,1.38
2014-12-02,23.0,-8.0,1.5,14.6,88.0,2.8,245.2,13.9,0.32
2014-12-03,94.0,39.0,1.6,17.0,82.0,3.9,339.4,14.6,1.71
2014-12-04,36.0,3.0,1.6,15.2,92.0,1.7,145.1,15.1,0.41
2014-12-05,51.0,12.0,1.5,15.3,89.0,1.7,146.2,15.3,0.82
2014-12-06,123.0,45.0,1.5,15.2,88.0,1.1,97.2,15.5,1.71
2014-12-07,85.0,32.0,1.4,13.0,92.0,1.3,115.3,15.7,1.11
2014-12-08,122.0,42.0,1.3,12.6,87.0,1.4,118.5,14.9,1.72
2014-12-09,111.0,39.0,1.2,13.6,79.0,1.7,144.2,14.5,1.71
2014-12-10,83.0,29.0,1.2,12.6,83.0,1.5,127.1,14.2,1.17
2014-12-11,43.0,5.0,1.4,14.8,80.0,4.8,418.2,14.2,1.11
2014-12-12,89.0,19.0,1.1,10.4,89.0,1.9,161.4,13.2,1.08
2014-12-13,124.0,41.0,0.9,9.6,77.0,1.4,118.2,12.8,1.64
2014-12-14,97.0,24.0,0.9,9.4,77.0,1.3,111.5,12.4,1.33
2014-12-15,46.0,7.0,1.1,11.3,81.0,3.0,258.3,12.1,0.99
2014-12-16,95.0,37.0,1.2,11.3,88.0,1.9,161.0,12.3,1.25
2014-12-17,62.0,9.0,1.0,9.1,88.0,1.2,100.2,12.2,0.71
2014-12-18,92.0,28.0,1.1,10.8,89.0,1.4,119.6,12.5,1.11
2014-12-19,62.0,16.0,1.2,12.1,84.0,1.4,119.3,12.7,0.9
2014-12-20,67.0,22.0,1.3,13.4,88.0,1.5,130.4,13.4,0.88
2014-12-21,104.0,38.0,1.3,15.2,77.0,2.0,175.0,13.6,1.66
2014-12-22,126.0,40.0,1.3,16.6,71.0,3.8,329.4,14.1,2.36
2014-12-23,125.0,40.0,1.2,15.8,67.0,2.8,239.7,14.0,2.3
2014-12-24,61.0,9.0,1.1,11.6,84.0,2.0,174.9,13.4,0.85
2014-12-25,129.0,35.0,0.6,9.7,51.0,2.7,229.0,12.6,2.34
2014-12-26,130.0,36.0,0.6,7.9,53.0,2.1,182.3,11.3,2.05
2014-12-27,127.0,38.0,0.7,7.1,71.0,1.3,114.1,10.8,1.71
2014-12-28,123.0,41.0,0.7,8.2,65.0,1.3,116.1,10.7,1.8
2014-12-29,132.0,40.0,0.8,7.7,73.0,1.6,140.5,10.4,1.78
2014-12-30,106.0,28.0,0.7,7.7,64.0,3.2,280.6,10.4,1.74
2014-12-31,134.0,33.0,0.3,5.5,38.0,2.1,184.1,9.5,2.22
2015-01-01,132.0,37.0,0.6,5.0,66.0,1.3,109.2,9.0,1.74
2015-01-02,128.0,38.0,0.7,5.5,73.0,1.4,117.4,8.9,1.71
2015-01-03,130.0,38.0,0.6,5.5,68.0,1.2,105.8,8.8,1.66
2015-01-04,121.0,38.0,0.7,8.5,66.0,1.4,119.2,9.0,1.82
2015-01-05,131.0,36.0,0.7,13.1,48.0,1.4,124.0,9.8,2.51
2015-01-06,134.0,39.0,0.9,13.1,59.0,1.0,88.0,10.4,2.17
2015-01-07,129.0,36.0,0.9,13.8,57.0,1.2,101.4,10.8,2.21
2015-01-08,111.0,22.0,1.0,12.7,71.0,1.2,107.9,11.3,1.7
2015-01-09,96.0,34.0,1.1,12.0,78.0,1.3,110.4,11.8,1.38
2015-01-10,112.0,37.0,1.1,13.2,71.0,1.3,112.8,12.3,1.72
2015-01-11,105.0,38.0,1.2,12.1,88.0,1.4,122.3,12.7,1.41
2015-01-12,127.0,44.0,1.1,11.3,82.0,1.3,110.5,12.4,1.72
2015-01-13,135.0,47.0,1.0,11.9,75.0,2.0,175.0,12.2,2.0
2015-01-14,141.0,43.0,0.9,10.1,74.0,1.1,91.4,11.8,1.96
2015-01-15,144.0,45.0,0.9,10.4,71.0,1.3,114.8,11.6,2.04
2015-01-16,142.0,45.0,0.9,12.2,63.0,1.5,128.9,11.6,2.35
2015-01-17,138.0,46.0,1.0,15.3,58.0,2.3,194.8,12.2,2.8
2015-01-18,132.0,48.0,1.2,12.9,81.0,1.3,114.0,12.6,1.92
2015-01-19,141.0,49.0,1.2,14.9,73.0,1.9,160.0,12.9,2.37
2015-01-20,120.0,42.0,1.0,12.2,71.0,1.5,130.6,13.0,1.95
2015-01-21,149.0,49.0,0.8,11.3,63.0,1.6,137.2,12.5,2.34
2015-01-22,126.0,47.0,0.9,9.9,73.0,1.1,98.8,12.1,1.83
2015-01-23,152.0,47.0,0.7,12.8,45.0,1.9,165.1,11.8,2.99
2015-01-24,156.0,47.0,0.7,15.3,40.0,2.2,189.3,12.1,3.62
2015-01-25,156.0,47.0,0.7,16.6,35.0,1.8,152.2,12.4,3.58
2015-01-26,75.0,23.0,1.0,15.2,55.0,1.2,107.7,12.9,1.58
2015-01-27,137.0,45.0,1.2,13.0,80.0,1.3,113.4,13.5,1.99
2015-01-28,79.0,28.0,1.2,13.7,74.0,3.0,262.2,13.2,1.64
2015-01-29,143.0,58.0,1.1,12.0,79.0,1.3,108.4,12.9,2.12
2015-01-30,153.0,62.0,1.1,10.9,85.0,1.5,133.8,12.8,1.97
2015-01-31,158.0,60.0,1.1,11.8,76.0,1.9,161.8,12.9,2.33
2015-02-01,158.0,63.0,1.0,10.8,76.0,1.4,118.6,12.6,2.2
2015-02-02,156.0,60.0,1.1,12.6,74.0,1.4,117.6,12.8,2.39
2015-02-03,147.0,52.0,1.1,13.2,69.0,1.3,110.1,12.9,2.3
2015-02-04,157.0,72.0,1.1,9.7,93.0,1.6,134.5,12.9,1.8
2015-02-05,125.0,54.0,1.2,10.8,90.0,1.7,145.0,13.4,1.55
2015-02-06,108.0,26.0,1.3,14.0,79.0,3.3,283.9,13.5,1.81
2015-02-07,36.0,-2.0,1.5,13.3,96.0,2.4,204.4,14.0,0.33
2015-02-08,48.0,5.0,1.5,14.0,93.0,2.9,250.0,14.4,0.68
2015-02-09,162.0,69.0,1.3,12.4,88.0,2.0,176.8,14.4,1.96
2015-02-10,179.0,74.0,0.9,14.8,55.0,2.5,212.7,14.0,3.25
2015-02-11,181.0,72.0,1.0,16.2,55.0,2.0,168.7,13.9,3.27
2015-02-12,184.0,73.0,1.0,15.4,55.0,1.3,114.7,14.0,3.19
2015-02-13,187.0,72.0,1.0,17.7,50.0,1.8,158.4,14.2,3.59
2015-02-14,175.0,78.0,1.0,15.0,61.0,1.3,109.4,14.3,2.96
2015-02-15,188.0,82.0,1.2,11.8,88.0,1.5,125.3,14.2,2.37
2015-02-16,74.0,23.0,1.1,8.6,100.0,1.4,121.1,14.5,0.7
2015-02-17,38.0,-1.0,1.2,10.1,93.0,0.5,40.0,14.2,0.25
2015-02-18,178.0,86.0,1.2,11.4,90.0,1.3,108.3,14.3,2.14
2015-02-19,128.0,61.0,1.2,11.2,93.0,1.6,142.0,14.6,1.56
2015-02-20,184.0,87.0,1.2,10.9,96.0,1.4,125.0,15.0,2.09
2015-02-21,81.0,29.0,1.2,11.1,90.0,1.6,140.5,15.0,1.09
2015-02-22,79.0,24.0,1.1,10.9,88.0,1.2,99.4,14.7,0.92
2015-02-23,208.0,89.0,0.9,9.6,73.0,1.9,161.7,13.7,2.69
2015-02-24,209.0,87.0,0.8,10.3,62.0,1.7,144.0,13.2,3.08
2015-02-25,210.0,93.0,0.9,10.0,71.0,1.9,160.5,13.1,2.9
2015-02-26,194.0,93.0,1.0,11.0,77.0,1.7,142.6,13.2,2.88
2015-02-27,201.0,92.0,1.1,10.0,89.0,2.6,227.1,13.4,2.28
2015-02-28,174.0,78.0,1.0,8.7,85.0,1.6,141.4,13.3,2.08
2015-03-01,141.0,58.0,0.9,8.2,83.0,1.5,128.1,13.0,1.83
2015-03-02,144.0,63.0,0.9,7.7,85.0,1.6,138.4,12.4,1.81
2015-03-03,218.0,101.0,0.9,8.9,80.0,1.8,152.5,12.4,2.84
2015-03-04,223.0,102.0,0.9,11.7,66.0,2.1,178.3,12.9,3.47
2015-03-05,226.0,99.0,0.8,15.1,47.0,2.3,201.1,13.4,4.14
2015-03-06,233.0,95.0,0.7,18.7,33.0,3.2,273.5,14.1,5.2
2015-03-07,231.0,102.0,0.9,14.3,53.0,1.5,128.8,14.4,3.94
2015-03-08,202.0,102.0,1.2,10.1,97.0,1.7,147.7,14.7,2.24
2015-03-09,228.0,111.0,1.2,11.8,89.0,1.6,135.6,15.3,2.92
2015-03-10,181.0,92.0,1.2,10.0,95.0,1.5,128.6,15.0,2.18
2015-03-11,91.0,26.0,1.2,12.3,86.0,1.8,156.5,14.9,1.39
2015-03-12,236.0,111.0,1.1,16.8,59.0,3.2,272.3,14.7,4.74
2015-03-13,208.0,97.0,1.2,17.4,58.0,1.7,142.7,15.4,4.03
2015-03-14,217.0,107.0,1.0,19.9,44.0,1.5,130.3,16.0,4.53
2015-03-15,207.0,107.0,1.1,15.6,59.0,1.4,123.4,16.3,3.76
2015-03-16,194.0,100.0,1.1,15.2,65.0,1.5,129.0,16.0,3.34
2015-03-17,136.0,66.0,1.2,15.7,69.0,2.3,200.4,16.1,2.52
2015-03-18,239.0,120.0,1.2,13.1,76.0,2.1,178.2,15.9,3.4
2015-03-19,251.0,124.0,1.1,13.8,70.0,1.8,154.5,15.9,4.1
2015-03-20,226.0,111.0,1.2,12.8,80.0,1.6,135.9,15.9,3.25
2015-03-21,244.0,127.0,1.2,11.4,85.0,1.7,149.1,15.7,3.19
2015-03-22,201.0,104.0,1.3,13.3,86.0,2.2,186.6,16.2,2.58
2015-03-23,251.0,128.0,1.1,11.5,83.0,2.3,199.2,16.1,3.31
2015-03-24,238.0,123.0,1.1,13.8,66.0,2.3,201.9,15.9,3.69
2015-03-25,260.0,131.0,1.1,17.0,59.0,2.7,230.9,16.3,4.6
2015-03-26,265.0,131.0,1.1,18.3,52.0,1.6,141.8,16.8,4.99
2015-03-27,267.0,138.0,1.2,11.4,88.0,1.7,148.9,16.8,3.28
2015-03-28,266.0,137.0,1.2,13.6,76.0,1.7,149.9,17.1,3.95
2015-03-29,270.0,138.0,1.1,14.9,67.0,2.0,171.3,17.2,4.35
2015-03-30,272.0,140.0,1.1,11.7,81.0,1.7,148.3,16.9,3.88
2015-03-31,270.0,139.0,1.0,12.4,70.0,2.3,202.4,16.7,4.03
2015-04-01,282.0,136.0,0.8,13.1,54.0,3.0,260.2,16.6,4.45
2015-04-02,283.0,137.0,0.8,13.2,50.0,2.8,238.6,16.4,4.6
2015-04-03,284.0,137.0,0.8,13.8,49.0,2.4,211.1,16.4,5.12
2015-04-04,283.0,142.0,0.9,11.6,63.0,2.2,192.1,16.3,4.26
2015-04-05,277.0,144.0,0.9,9.6,79.0,2.1,182.2,16.0,3.54
2015-04-06,263.0,144.0,0.8,8.8,70.0,2.0,171.4,15.8,3.58
2015-04-07,184.0,87.0,1.0,10.4,79.0,2.7,236.0,15.4,2.3
2015-04-08,282.0,147.0,0.9,9.1,78.0,2.2,192.8,14.9,3.59
2015-04-09,248.0,134.0,0.9,12.6,60.0,2.7,234.1,15.1,4.11
2015-04-10,288.0,153.0,0.9,10.2,75.0,1.7,150.4,15.1,3.93
2015-04-11,287.0,152.0,1.0,11.8,72.0,1.9,165.5,15.3,4.25
2015-04-12,295.0,157.0,1.1,13.7,70.0,2.0,176.3,15.9,4.47
2015-04-13,250.0,144.0,1.2,10.9,88.0,2.2,194.1,16.2,2.93
2015-04-14,303.0,151.0,0.8,14.3,48.0,2.8,245.2,16.6,5.37
2015-04-15,303.0,152.0,0.7,14.1,41.0,2.5,217.6,16.6,5.47
2015-04-16,306.0,150.0,0.6,16.5,30.0,2.2,188.4,16.7,5.95
2015-04-17,306.0,156.0,0.7,14.3,44.0,1.8,157.9,16.8,5.47
2015-04-18,288.0,164.0,1.1,10.3,88.0,1.8,153.2,17.1,3.42
2015-04-19,270.0,155.0,1.1,10.9,87.0,1.8,154.5,17.6,3.24
2015-04-20,237.0,138.0,1.1,11.6,83.0,1.9,166.8,17.8,2.93
2015-04-21,113.0,48.0,1.1,12.4,79.0,1.6,138.6,17.4,1.61
2015-04-22,201.0,110.0,1.2,11.8,84.0,1.9,161.0,17.1,2.5
2015-04-23,163.0,86.0,1.1,11.2,83.0,2.0,173.7,17.1,2.05
2015-04-24,279.0,158.0,1.1,12.2,77.0,2.3,200.2,17.1,3.52
2015-04-25,205.0,114.0,1.1,10.4,90.0,2.9,248.3,16.7,2.09
2015-04-26,313.0,172.0,1.0,11.3,73.0,2.3,196.1,16.0,4.13
2015-04-27,315.0,172.0,1.1,15.9,62.0,2.0,172.5,16.6,5.22
2015-04-28,303.0,174.0,1.2,11.6,89.0,1.8,151.8,17.5,3.74
2015-04-29,300.0,174.0,1.2,12.2,83.0,1.7,149.3,17.7,3.96
2015-04-30,297.0,170.0,1.1,14.9,67.0,1.8,151.5,17.9,5.04
2015-05-01,297.0,163.0,1.2,12.7,84.0,1.8,156.2,18.2,3.95
2015-05-02,297.0,164.0,1.1,11.2,86.0,1.8,159.2,18.5,3.73
2015-05-03,287.0,157.0,1.1,11.3,79.0,2.1,178.3,18.5,3.65
2015-05-04,294.0,166.0,1.1,11.9,79.0,2.3,202.1,18.4,3.69
2015-05-05,174.0,88.0,1.1,11.9,78.0,2.2,191.8,18.4,2.37
2015-05-06,211.0,117.0,1.0,11.4,76.0,2.7,231.7,18.0,2.77
2015-05-07,117.0,47.0,1.1,11.1,80.0,2.7,233.5,17.3,1.69
2015-05-08,229.0,121.0,1.1,12.2,78.0,2.2,192.6,17.0,3.09
2015-05-09,287.0,163.0,1.1,12.6,79.0,2.3,202.8,17.7,3.49
2015-05-10,321.0,180.0,1.2,12.4,83.0,2.5,211.9,18.3,3.94
2015-05-11,278.0,160.0,1.1,11.1,84.0,2.4,208.2,18.4,3.36
2015-05-12,323.0,181.0,1.0,10.4,77.0,2.6,223.3,18.0,4.03
2015-05-13,304.0,170.0,1.0,10.4,76.0,2.2,191.9,17.8,3.74
2015-05-14,220.0,113.0,1.1,11.8,77.0,2.2,190.8,17.7,3.02
2015-05-15,265.0,146.0,1.1,11.3,83.0,2.4,210.4,17.5,3.31
2015-05-16,316.0,173.0,1.1,11.2,81.0,2.4,205.7,17.5,3.95
2015-05-17,222.0,124.0,1.1,12.7,78.0,2.3,202.3,18.0,3.03
2015-05-18,299.0,168.0,1.2,12.6,79.0,2.9,249.6,18.3,3.79
2015-05-19,303.0,175.0,1.1,12.9,77.0,2.7,234.9,18.6,3.98
2015-05-20,256.0,144.0,1.2,13.1,77.0,2.5,212.0,18.9,3.48
2015-05-21,286.0,162.0,1.2,13.5,78.0,2.6,223.3,19.0,3.83
2015-05-22,276.0,162.0,1.3,14.0,80.0,2.8,241.3,19.3,3.72
2015-05-23,188.0,93.0,1.2,12.9,81.0,2.7,230.6,19.1,2.45
2015-05-24,309.0,182.0,1.1,11.8,83.0,2.2,188.4,18.7,3.89
2015-05-25,227.0,126.0,1.2,12.4,84.0,2.2,194.0,19.1,2.89
2015-05-26,198.0,105.0,1.2,12.3,82.0,2.3,194.8,19.0,2.61
2015-05-27,291.0,166.0,1.2,13.1,80.0,2.2,188.5,19.2,3.71
2015-05-28,316.0,181.0,1.2,12.5,85.0,2.3,202.8,19.5,3.95
2015-05-29,282.0,161.0,1.2,11.8,88.0,1.9,164.0,19.7,3.62
2015-05-30,318.0,184.0,1.2,12.1,89.0,2.0,173.6,20.1,4.05
2015-05-31,279.0,155.0,1.2,11.3,90.0,2.2,185.9,20.1,3.26
2015-06-01,334.0,188.0,1.2,13.7,80.0,2.5,212.6,20.1,4.56
2015-06-02,327.0,191.0,1.4,13.6,89.0,2.5,217.7,20.3,4.14
2015-06-03,313.0,186.0,1.3,13.0,86.0,2.6,228.6,20.2,3.89
2015-06-04,113.0,44.0,1.2,12.0,87.0,2.1,181.4,19.5,1.56
2015-06-05,293.0,167.0,1.3,13.1,85.0,1.9,164.0,19.3,3.77
2015-06-06,278.0,157.0,1.3,14.2,82.0,2.2,189.4,20.0,3.76
2015-06-07,313.0,182.0,1.4,13.4,89.0,2.0,173.9,20.5,4.13
2015-06-08,335.0,190.0,1.4,14.9,80.0,1.8,155.1,21.1,4.98
2015-06-09,78.0,17.0,1.4,14.5,85.0,1.6,138.4,20.5,1.31
2015-06-10,315.0,178.0,1.5,18.2,73.0,2.1,177.4,20.5,5.19
2015-06-11,294.0,172.0,1.5,13.8,96.0,2.0,172.6,21.1,3.71
2015-06-12,313.0,183.0,1.5,14.3,90.0,1.9,166.2,21.5,4.27
2015-06-13,306.0,182.0,1.5,14.9,87.0,2.1,182.5,21.8,4.15
2015-06-14,284.0,161.0,1.4,14.8,86.0,2.2,189.0,21.9,3.81
2015-06-15,329.0,187.0,1.3,14.0,85.0,2.4,203.4,21.9,4.4
2015-06-16,346.0,193.0,1.3,13.7,84.0,2.1,182.6,22.0,4.65
2015-06-17,335.0,190.0,1.3,13.5,85.0,1.9,167.9,22.1,4.61
2015-06-18,337.0,191.0,1.3,13.4,83.0,2.0,169.3,22.3,4.64
2015-06-19,350.0,192.0,1.2,14.8,72.0,2.3,202.1,22.0,4.94
2015-06-20,343.0,191.0,1.3,14.4,77.0,2.1,184.8,21.8,4.92
2015-06-21,318.0,185.0,1.3,12.1,95.0,2.2,188.7,22.0,3.97
2015-06-22,341.0,194.0,1.3,12.8,85.0,2.5,217.4,21.8,4.33
2015-06-23,338.0,191.0,1.2,12.9,82.0,2.2,189.9,21.4,4.5
2015-06-24,329.0,187.0,1.3,13.0,84.0,2.3,200.3,21.2,4.25
2015-06-25,330.0,188.0,1.4,15.6,76.0,1.9,168.2,21.6,5.09
2015-06-26,328.0,191.0,1.4,14.0,89.0,2.0,172.6,22.0,4.34
2015-06-27,205.0,113.0,1.4,14.7,85.0,1.9,160.1,21.7,3.05
2015-06-28,305.0,176.0,1.6,14.5,95.0,2.3,199.7,21.6,3.87
2015-06-29,313.0,184.0,1.5,15.3,86.0,2.1,184.1,22.2,4.37
2015-06-30,312.0,179.0,1.4,18.1,69.0,1.9,163.8,22.6,5.38
2015-07-01,143.0,60.0,1.4,16.8,75.0,1.6,140.1,22.2,2.71
2015-07-02,305.0,180.0,1.5,17.2,79.0,1.9,161.6,22.1,4.94
2015-07-03,306.0,186.0,1.7,14.7,100.0,2.0,173.4,22.7,4.23
2015-07-04,308.0,186.0,1.6,14.9,98.0,2.1,180.9,23.1,4.13
2015-07-05,296.0,174.0,1.6,15.6,93.0,2.1,181.1,23.3,4.1
2015-07-06,273.0,160.0,1.7,15.1,96.0,2.5,217.7,23.2,3.55
2015-07-07,314.0,186.0,1.6,16.0,87.0,3.1,266.2,22.9,4.47
2015-07-08,279.0,168.0,1.5,16.2,80.0,2.8,240.5,22.9,4.05
2015-07-09,397.0,178.0,1.4,17.4,70.0,3.3,281.0,23.4,4.78
2015-07-10,293.0,169.0,1.5,17.1,78.0,2.3,201.1,23.1,4.42
2015-07-11,312.0,184.0,1.5,16.8,77.0,2.4,208.3,23.3,4.67
2015-07-12,321.0,188.0,1.5,17.3,76.0,2.4,206.2,23.3,5.03
2015-07-13,313.0,182.0,1.6,16.6,84.0,2.2,194.1,23.5,4.52
2015-07-14,314.0,186.0,1.6,14.9,93.0,2.6,226.6,23.4,4.01
2015-07-15,273.0,161.0,1.5,15.7,82.0,2.3,198.6,23.4,3.84
2015-07-16,321.0,188.0,1.5,16.3,80.0,2.2,190.5,23.6,4.63
2015-07-17,320.0,188.0,1.5,15.4,86.0,2.0,170.9,23.7,4.48
2015-07-18,310.0,174.0,1.4,17.2,74.0,1.8,159.1,23.6,4.82
2015-07-19,96.0,30.0,2.2,19.5,78.0,1.7,143.5,23.4,1.25
2015-07-20,257.0,151.0,2.4,20.9,78.0,1.8,153.6,23.7,4.41
2015-07-21,299.0,180.0,1.9,16.8,100.0,2.0,170.9,23.8,4.09
2015-07-22,215.0,119.0,1.8,15.7,99.0,2.0,176.2,23.5,2.89
2015-07-23,312.0,182.0,1.5,16.3,81.0,2.1,185.3,23.4,4.53
2015-07-24,321.0,183.0,1.5,16.3,82.0,1.9,166.4,23.1,5.09
2015-07-25,321.0,184.0,1.6,15.7,90.0,2.3,202.1,23.1,4.95
2015-07-26,275.0,164.0,1.6,13.6,100.0,2.3,199.8,23.2,3.44
2015-07-27,313.0,183.0,1.5,14.6,92.0,2.0,171.7,23.1,4.25
2015-07-28,301.0,178.0,1.7,15.2,97.0,1.8,158.2,23.2,4.2
2015-07-29,294.0,174.0,1.8,15.4,100.0,1.8,156.1,23.6,4.04
2015-07-30,275.0,164.0,1.8,16.3,96.0,1.9,161.5,23.9,3.89
2015-07-31,294.0,175.0,1.8,17.1,94.0,2.0,174.0,24.0,4.34
2015-08-01,304.0,179.0,1.7,17.7,84.0,2.6,220.7,24.3,4.4
2015-08-02,289.0,167.0,1.7,17.4,83.0,2.5,220.2,24.3,4.32
2015-08-03,312.0,177.0,1.6,17.4,78.0,2.7,236.6,24.1,4.71
2015-08-04,260.0,140.0,1.5,16.1,81.0,2.5,217.4,23.6,4.18
2015-08-05,186.0,101.0,1.7,15.9,91.0,1.9,168.0,23.0,2.97
2015-08-06,190.0,107.0,1.7,15.2,100.0,2.0,170.4,22.7,2.6
2015-08-07,259.0,147.0,1.5,16.2,80.0,2.0,172.9,22.9,3.92
2015-08-08,297.0,173.0,1.5,15.9,84.0,2.1,182.6,22.8,4.41
2015-08-09,296.0,173.0,1.6,17.1,84.0,2.2,185.8,23.4,4.49
2015-08-10,240.0,137.0,1.7,16.9,86.0,2.3,196.6,23.7,3.51
2015-08-11,284.0,164.0,1.6,16.6,85.0,2.3,201.7,23.7,4.03
2015-08-12,308.0,175.0,1.5,17.1,78.0,2.3,195.7,23.6,4.84
2015-08-13,309.0,173.0,1.6,17.1,84.0,2.3,198.5,23.7,4.67
2015-08-14,306.0,171.0,1.5,16.3,82.0,2.1,184.6,23.4,4.74
2015-08-15,298.0,167.0,1.5,13.3,78.0,1.7,149.9,23.5,4.9
2015-08-16,293.0,165.0,1.6,19.0,74.0,1.8,154.3,23.7,5.16
2015-08-17,284.0,164.0,1.7,15.9,94.0,1.8,153.1,23.9,4.12
2015-08-18,274.0,157.0,1.7,16.4,89.0,1.9,166.9,24.0,4.0
2015-08-19,282.0,164.0,1.6,17.5,81.0,2.3,201.4,24.0,4.22
2015-08-20,264.0,155.0,1.6,18.1,78.0,2.6,221.7,24.0,4.13
2015-08-21,204.0,114.0,1.6,17.1,83.0,2.2,189.9,23.7,3.03
2015-08-22,271.0,154.0,1.6,16.9,81.0,2.0,175.3,23.6,4.03
2015-08-23,259.0,147.0,1.7,16.6,88.0,2.1,182.9,23.5,3.83
2015-08-24,283.0,160.0,1.7,16.0,93.0,2.1,183.6,23.3,4.14
2015-08-25,281.0,157.0,1.6,16.9,82.0,1.9,161.1,23.2,4.49
2015-08-26,260.0,146.0,1.7,17.5,85.0,1.8,159.1,23.5,4.3
2015-08-27,278.0,150.0,1.4,22.0,53.0,1.9,168.0,23.6,6.16
2015-08-28,280.0,152.0,1.5,21.8,57.0,2.1,180.8,23.8,5.99
2015-08-29,269.0,157.0,2.0,17.1,78.0,2.3,202.5,24.0,4.16
2015-08-30,279.0,156.0,1.6,16.6,86.0,2.3,202.8,23.8,4.41
2015-08-31,281.0,156.0,1.6,15.5,91.0,2.4,205.3,23.2,3.89
2015-09-01,205.0,111.0,1.6,15.5,90.0,2.3,198.0,23.1,2.97
2015-09-02,251.0,144.0,1.6,15.8,88.0,1.8,159.1,22.8,3.79
2015-09-03,272.0,152.0,1.5,16.2,83.0,2.5,212.9,22.8,4.05
2015-09-04,235.0,130.0,1.4,15.7,77.0,2.6,220.7,22.7,3.53
2015-09-05,277.0,148.0,1.2,14.2,77.0,1.8,158.6,22.0,4.21
2015-09-06,278.0,142.0,1.0,20.2,40.0,2.1,183.2,22.1,5.95
2015-09-07,278.0,142.0,1.0,19.6,45.0,1.7,143.9,22.3,5.54
2015-09-08,266.0,136.0,1.2,21.3,46.0,1.8,157.3,22.6,5.6
2015-09-09,237.0,121.0,1.4,21.8,54.0,1.7,147.8,23.0,5.07
2015-09-10,246.0,131.0,1.6,22.5,60.0,1.6,139.3,23.1,4.87
2015-09-11,169.0,84.0,1.7,21.2,66.0,1.6,136.1,23.3,3.66
2015-09-12,173.0,92.0,1.8,20.5,74.0,1.6,136.1,23.1,3.64
2015-09-13,223.0,123.0,1.8,18.4,87.0,1.6,142.5,23.3,3.64
2015-09-14,156.0,50.0,2.0,19.0,78.0,1.9,160.5,22.8,1.71
2015-09-15,57.0,8.0,1.8,15.1,100.0,2.1,178.3,21.8,0.57
2015-09-16,261.0,132.0,1.3,14.9,74.0,2.6,226.1,20.7,4.35
2015-09-17,257.0,131.0,1.4,15.6,78.0,2.3,196.0,20.7,4.31
2015-09-18,255.0,127.0,1.3,20.6,54.0,2.5,213.7,21.1,5.54
2015-09-19,241.0,116.0,1.2,13.3,78.0,2.1,183.5,21.8,5.56
2015-09-20,242.0,120.0,1.2,23.6,40.0,1.9,165.5,22.3,5.46
2015-09-21,236.0,122.0,1.6,21.4,64.0,2.4,209.3,22.6,4.66
2015-09-22,236.0,127.0,1.9,19.0,86.0,2.0,175.5,23.1,3.6
2015-09-23,247.0,124.0,1.5,18.8,69.0,1.8,157.9,23.0,4.44
2015-09-24,243.0,113.0,1.0,25.6,78.0,2.1,181.4,22.9,6.28
2015-09-25,236.0,119.0,1.7,18.7,77.0,1.7,146.5,23.0,4.12
2015-09-26,228.0,115.0,1.5,18.5,72.0,1.8,156.2,22.7,4.35
2015-09-27,209.0,106.0,1.8,16.3,95.0,1.5,132.6,22.5,3.15
2015-09-28,166.0,86.0,1.8,15.6,100.0,1.6,142.3,22.4,2.49
2015-09-29,227.0,105.0,1.6,16.6,87.0,2.1,177.4,22.2,3.53
2015-09-30,199.0,99.0,1.5,17.6,74.0,1.8,159.1,21.9,3.95
2015-10-01,220.0,119.0,1.8,18.0,86.0,2.3,195.7,21.8,3.5
2015-10-02,227.0,116.0,1.6,17.3,82.0,2.3,194.4,21.5,3.79
2015-10-03,176.0,98.0,1.6,12.5,100.0,2.5,213.8,21.4,2.08
2015-10-04,170.0,86.0,1.4,15.1,80.0,2.2,185.8,21.1,2.73
2015-10-05,216.0,109.0,1.4,15.0,80.0,1.7,147.0,20.5,3.37
2015-10-06,215.0,108.0,1.4,15.6,80.0,1.8,159.3,20.4,3.47
2015-10-07,206.0,106.0,1.6,15.6,90.0,1.9,162.1,20.5,3.55
2015-10-08,176.0,93.0,1.6,19.9,68.0,2.0,171.2,20.9,4.0
2015-10-09,210.0,103.0,1.5,20.5,62.0,1.8,158.5,21.2,4.46
2015-10-10,206.0,102.0,1.6,18.0,75.0,1.6,141.9,21.2,3.55
2015-10-11,204.0,101.0,1.5,16.9,79.0,1.6,140.2,21.1,3.84
2015-10-12,201.0,98.0,1.4,18.7,65.0,1.4,119.0,21.0,3.87
2015-10-13,203.0,97.0,1.9,24.3,61.0,2.0,174.5,22.3,4.44
2015-10-14,128.0,61.0,1.9,21.1,77.0,1.6,141.7,21.8,2.49
2015-10-15,126.0,61.0,2.0,19.5,88.0,1.5,128.4,21.5,1.98
2015-10-16,146.0,75.0,1.9,18.6,87.0,1.9,162.6,21.5,2.29
2015-10-17,83.0,29.0,1.7,17.6,86.0,1.9,160.4,21.2,1.3
2015-10-18,196.0,96.0,1.5,17.1,79.0,2.5,212.6,20.6,3.16
2015-10-19,187.0,84.0,1.5,16.0,80.0,2.2,188.6,20.0,2.89
2015-10-20,191.0,88.0,1.4,17.0,74.0,1.9,163.1,19.9,3.24
2015-10-21,191.0,87.0,1.4,17.1,73.0,1.8,158.4,19.7,3.26
2015-10-22,156.0,74.0,1.5,14.5,89.0,1.6,138.6,19.8,2.18
2015-10-23,181.0,84.0,1.4,15.5,82.0,1.5,128.0,19.4,2.85
2015-10-24,162.0,72.0,1.4,17.7,68.0,1.4,122.9,19.2,3.14
2015-10-25,125.0,50.0,1.5,17.2,76.0,1.7,148.3,19.3,2.46
2015-10-26,187.0,80.0,1.3,16.8,67.0,1.6,134.9,19.0,3.44
2015-10-27,143.0,68.0,1.4,17.9,70.0,1.6,142.1,19.1,2.61
2015-10-28,164.0,75.0,1.6,18.6,75.0,2.3,197.6,19.6,2.96
2015-10-29,177.0,75.0,1.3,17.6,64.0,2.5,219.8,19.2,3.25
2015-10-30,177.0,70.0,1.0,19.0,43.0,2.5,219.1,18.7,4.23
2015-10-31,175.0,69.0,1.1,20.9,43.0,1.8,155.6,19.0,4.21
2015-11-01,171.0,74.0,1.5,16.2,83.0,1.6,136.4,19.0,2.61
2015-11-02,35.0,-4.0,1.4,13.3,92.0,2.1,179.5,18.6,0.36
2015-11-03,165.0,69.0,1.1,11.9,80.0,1.9,161.8,16.9,2.29
2015-11-04,171.0,66.0,0.9,12.0,63.0,2.1,178.7,15.9,2.86
2015-11-05,156.0,65.0,0.8,13.8,52.0,2.0,171.2,15.3,2.86
2015-11-06,164.0,60.0,0.7,16.7,37.0,3.2,278.4,15.3,4.19
2015-11-07,167.0,62.0,0.8,14.6,50.0,1.7,147.6,15.3,3.17
2015-11-08,161.0,63.0,1.2,12.6,79.0,2.0,173.1,15.1,2.36
2015-11-09,113.0,41.0,1.2,11.6,86.0,1.5,129.3,15.2,1.61
2015-11-10,128.0,40.0,1.0,10.7,74.0,1.6,141.9,14.0,1.88
2015-11-11,164.0,53.0,0.7,14.4,45.0,2.7,233.9,13.7,3.29
2015-11-12,158.0,53.0,0.8,15.4,43.0,2.7,236.6,13.7,3.35
2015-11-13,159.0,51.0,0.8,15.5,43.0,1.7,145.9,13.9,3.3
2015-11-14,158.0,53.0,0.9,12.5,60.0,1.4,124.9,13.8,2.63
2015-11-15,81.0,26.0,1.1,10.7,86.0,2.1,185.2,13.4,1.04
2015-11-16,158.0,46.0,0.5,11.1,41.0,2.8,241.3,12.3,3.11
2015-11-17,151.0,49.0,0.6,13.0,42.0,2.4,209.3,11.9,3.06
2015-11-18,150.0,47.0,0.8,15.6,47.0,3.3,281.1,12.4,3.39
2015-11-19,152.0,45.0,0.9,18.8,41.0,3.2,280.5,13.4,3.99
2015-11-20,147.0,46.0,1.0,20.1,42.0,3.5,302.7,14.4,4.24
2015-11-21,147.0,46.0,1.0,17.4,48.0,1.4,120.3,14.7,2.97
2015-11-22,148.0,45.0,0.9,15.6,48.0,1.3,110.2,14.6,2.82
2015-11-23,141.0,52.0,1.1,12.8,76.0,1.7,149.0,14.3,1.88
2015-11-24,90.0,33.0,1.1,12.2,80.0,1.7,143.9,14.7,1.25
2015-11-25,135.0,45.0,0.9,8.6,77.0,1.9,165.2,13.5,1.76
2015-11-26,143.0,43.0,0.7,8.8,63.0,2.4,207.4,12.2,2.18
2015-11-27,141.0,41.0,0.7,9.3,57.0,1.9,164.3,11.6,2.18
2015-11-28,136.0,40.0,0.7,11.1,49.0,2.9,250.9,11.6,2.59
2015-11-29,143.0,38.0,0.6,9.5,48.0,1.7,143.9,11.4,2.42
2015-11-30,136.0,42.0,0.6,8.7,57.0,1.4,120.3,11.0,2.06
2015-12-01,138.0,40.0,0.6,12.1,42.0,1.6,141.2,11.2,2.59
2015-12-02,122.0,39.0,0.7,11.9,53.0,1.3,109.9,11.5,2.11
2015-12-03,116.0,45.0,1.0,11.3,78.0,1.3,115.9,11.7,1.66
2015-12-04,134.0,43.0,0.9,12.5,65.0,2.1,177.8,11.9,2.2
2015-12-05,103.0,32.0,0.9,12.2,61.0,1.5,130.6,11.6,1.84
2015-12-06,106.0,38.0,0.9,11.2,70.0,1.3,112.5,11.5,1.69
2015-12-07,121.0,41.0,1.0,15.9,58.0,1.8,152.5,11.9,2.4
2015-12-08,98.0,26.0,1.0,16.9,54.0,1.8,153.7,12.7,2.23
2015-12-09,128.0,43.0,1.1,14.7,66.0,1.6,137.5,12.8,2.25
2015-12-10,29.0,-3.0,1.4,13.5,94.0,1.7,149.1,13.1,0.29
2015-12-11,90.0,27.0,1.0,10.3,84.0,1.7,148.3,12.5,1.14
2015-12-12,131.0,41.0,0.9,11.3,64.0,2.7,232.8,11.6,2.1
2015-12-13,45.0,2.0,0.9,8.7,83.0,2.2,186.6,10.9,0.63
2015-12-14,136.0,39.0,0.7,7.8,62.0,2.3,200.9,9.9,2.05
2015-12-15,134.0,39.0,0.6,7.5,56.0,2.4,210.0,9.3,2.1
2015-12-16,132.0,37.0,0.6,7.6,58.0,1.4,120.8,9.0,1.85
2015-12-17,131.0,37.0,0.6,9.4,53.0,1.6,139.2,9.1,2.12
2015-12-18,130.0,39.0,0.8,8.7,75.0,1.3,116.2,9.2,1.69
2015-12-19,61.0,12.0,1.1,9.3,90.0,1.5,131.2,9.7,0.67
2015-12-20,105.0,37.0,0.8,8.9,72.0,1.6,139.2,9.4,1.5
2015-12-21,36.0,2.0,1.3,11.3,95.0,2.0,169.4,9.8,0.33
2015-12-22,46.0,8.0,1.5,13.7,95.0,4.2,361.4,11.4,0.51
2015-12-23,129.0,38.0,0.8,11.2,61.0,2.6,228.5,11.0,2.22
2015-12-24,76.0,21.0,0.9,8.4,79.0,2.0,172.7,10.2,1.05
2015-12-25,126.0,37.0,0.7,7.0,73.0,1.8,158.4,9.3,1.58
2015-12-26,135.0,36.0,0.5,7.0,53.0,2.1,177.3,8.8,2.06
2015-12-27,129.0,32.0,0.6,5.5,69.0,1.5,128.9,8.1,1.63
2015-12-28,86.0,32.0,0.8,7.2,76.0,2.0,174.0,8.3,1.3
2015-12-29,131.0,39.0,0.7,7.0,66.0,2.1,181.7,8.1,1.78
2015-12-30,133.0,37.0,0.6,7.9,54.0,1.6,134.2,8.0,1.97
2015-12-31,132.0,38.0,0.6,8.9,57.0,1.7,149.0,8.2,2.05
2016-01-01,126.0,41.0,0.7,7.0,75.0,1.2,102.2,8.1,1.65
2016-01-02,98.0,34.0,0.9,10.2,71.0,1.6,136.0,8.6,1.65
2016-01-03,87.0,28.0,1.0,13.0,65.0,2.5,217.2,9.4,1.82
2016-01-04,48.0,6.0,1.2,12.4,82.0,1.5,128.8,10.1,0.76
2016-01-05,48.0,4.0,1.2,11.6,91.0,3.2,273.5,10.5,0.58
2016-01-06,62.0,10.0,1.1,10.5,87.0,2.8,241.7,10.1,0.88
2016-01-07,79.0,20.0,1.0,8.4,92.0,1.6,134.6,9.8,0.91
2016-01-08,115.0,35.0,0.9,8.6,79.0,1.2,105.4,9.4,1.43
2016-01-09,39.0,2.0,1.1,10.3,85.0,1.9,161.0,9.6,0.6
2016-01-10,50.0,7.0,1.2,11.5,92.0,1.2,102.5,10.1,0.58
2016-01-11,98.0,31.0,1.1,10.9,86.0,1.1,94.8,10.4,1.29
2016-01-12,136.0,43.0,0.8,11.7,57.0,2.1,178.9,10.3,2.34
2016-01-13,78.0,26.0,1.1,11.1,82.0,1.8,151.2,10.4,1.1
2016-01-14,111.0,43.0,1.0,10.0,82.0,1.9,165.1,10.1,1.51
2016-01-15,124.0,46.0,1.3,11.9,91.0,1.7,145.7,10.8,1.55
2016-01-16,105.0,42.0,1.3,12.4,90.0,1.5,130.6,11.4,1.36
2016-01-17,61.0,12.0,1.4,12.4,96.0,1.2,106.0,11.6,0.69
2016-01-18,89.0,27.0,1.5,13.5,94.0,1.6,137.1,12.2,1.1
2016-01-19,13.0,-16.0,1.5,13.4,97.0,2.2,189.6,12.3,0.05
2016-01-20,135.0,36.0,1.3,12.8,90.0,1.2,101.3,12.5,1.7
2016-01-21,111.0,42.0,1.2,12.1,84.0,1.3,109.5,12.1,1.63
2016-01-22,79.0,27.0,1.3,13.7,83.0,2.2,185.9,12.2,1.31
2016-01-23,131.0,53.0,1.2,12.2,86.0,2.4,204.6,12.5,1.65
2016-01-24,142.0,57.0,1.0,10.9,75.0,2.0,169.3,11.8,1.9
2016-01-25,149.0,53.0,1.0,12.7,66.0,3.8,325.0,11.6,2.49
2016-01-26,155.0,55.0,1.0,12.6,67.0,1.8,155.3,11.6,2.39
2016-01-27,119.0,31.0,1.0,11.3,77.0,1.3,114.7,11.7,1.73
2016-01-28,137.0,53.0,0.9,12.6,63.0,1.8,158.4,11.4,2.35
2016-01-29,129.0,54.0,1.3,13.7,84.0,2.0,174.5,11.8,1.78
2016-01-30,136.0,46.0,1.4,12.9,91.0,1.9,165.4,12.8,1.55
2016-01-31,96.0,25.0,1.0,9.4,81.0,3.8,327.0,12.1,1.34
2016-02-01,167.0,54.0,0.6,8.3,55.0,2.6,223.0,10.5,2.55
2016-02-02,82.0,26.0,0.8,7.0,83.0,1.1,99.2,9.8,1.07
2016-02-03,160.0,61.0,0.8,9.6,69.0,1.9,167.6,9.9,2.25
2016-02-04,168.0,61.0,0.7,12.3,49.0,2.1,183.6,10.3,3.04
2016-02-05,166.0,66.0,0.9,11.4,63.0,1.6,138.7,10.7,2.66
2016-02-06,171.0,61.0,0.6,16.9,33.0,3.3,281.7,11.1,4.41
2016-02-07,174.0,62.0,0.8,18.4,39.0,2.6,220.7,12.1,4.05
2016-02-08,177.0,64.0,0.9,19.1,42.0,1.7,147.8,12.8,3.88
2016-02-09,173.0,66.0,1.0,15.7,55.0,1.2,104.4,13.0,2.99
2016-02-10,180.0,69.0,1.1,17.0,54.0,1.6,138.5,13.1,3.23
2016-02-11,178.0,67.0,1.1,13.5,73.0,1.2,104.5,13.4,2.63
2016-02-12,172.0,78.0,1.3,14.7,75.0,1.4,119.1,13.5,2.82
2016-02-13,182.0,75.0,1.2,18.3,59.0,2.4,211.5,13.9,3.4
2016-02-14,173.0,75.0,1.2,18.3,55.0,2.8,240.7,14.1,3.66
2016-02-15,190.0,74.0,1.1,22.0,78.0,3.3,288.1,14.7,4.97
2016-02-16,193.0,78.0,1.2,18.3,55.0,1.5,129.9,15.0,3.6
2016-02-17,51.0,7.0,1.2,14.3,74.0,3.3,284.8,14.4,1.15
2016-02-18,188.0,78.0,1.1,11.6,83.0,1.8,157.8,13.7,2.42
2016-02-19,197.0,85.0,1.0,10.1,85.0,1.8,159.1,13.0,2.45
2016-02-20,192.0,85.0,1.1,12.1,76.0,1.7,146.1,12.8,2.68
2016-02-21,204.0,86.0,1.1,13.4,69.0,1.7,146.4,12.8,3.15
2016-02-22,202.0,84.0,1.0,16.6,52.0,4.0,342.7,13.2,4.07
2016-02-23,175.0,77.0,1.1,14.6,66.0,1.6,137.2,13.5,2.91
2016-02-24,210.0,89.0,1.0,12.3,69.0,1.3,112.5,13.3,3.21
2016-02-25,208.0,93.0,1.1,13.2,72.0,1.3,111.1,13.2,3.15
2016-02-26,190.0,93.0,1.3,11.8,93.0,1.6,138.0,13.4,2.26
2016-02-27,206.0,96.0,1.3,14.0,82.0,1.7,148.1,13.9,3.06
2016-02-28,187.0,87.0,1.2,16.8,61.0,2.0,174.6,14.1,3.35
2016-02-29,216.0,96.0,1.0,19.8,78.0,2.7,233.3,14.7,4.81
2016-03-01,216.0,101.0,1.1,15.0,64.0,1.7,142.6,14.8,3.43
2016-03-02,203.0,99.0,1.2,11.6,89.0,1.5,126.6,14.4,2.45
2016-03-03,176.0,86.0,1.3,12.8,88.0,1.7,145.4,14.4,2.3
2016-03-04,105.0,44.0,1.5,14.5,94.0,1.4,123.6,14.6,1.45
2016-03-05,41.0,-1.0,1.6,14.8,94.0,3.4,290.8,14.7,0.45
2016-03-06,216.0,104.0,1.1,12.4,80.0,2.5,212.4,14.0,2.75
2016-03-07,96.0,37.0,1.0,9.3,88.0,2.6,222.0,13.0,1.08
2016-03-08,225.0,107.0,1.0,11.0,79.0,2.1,184.7,12.4,2.82
2016-03-09,222.0,107.0,1.2,12.6,85.0,1.6,136.8,12.8,2.98
2016-03-10,229.0,112.0,1.3,13.2,86.0,1.6,137.0,13.5,3.15
2016-03-11,79.0,23.0,1.2,11.3,86.0,3.2,277.9,13.4,1.05
2016-03-12,233.0,115.0,1.0,9.8,83.0,1.5,133.3,12.6,2.89
2016-03-13,71.0,21.0,1.4,12.9,91.0,1.8,155.0,12.8,0.9
2016-03-14,213.0,102.0,1.3,13.8,84.0,2.3,196.6,13.3,2.73
2016-03-15,241.0,118.0,0.9,15.7,53.0,3.0,259.5,13.4,4.34
2016-03-16,248.0,118.0,1.0,17.9,50.0,3.5,302.4,13.8,4.97
2016-03-17,249.0,123.0,1.3,15.5,73.0,1.6,140.6,14.1,3.84
2016-03-18,130.0,62.0,1.4,12.5,95.0,1.6,134.3,14.4,1.56
2016-03-19,160.0,78.0,1.4,13.1,93.0,1.4,122.1,14.5,1.96
2016-03-20,242.0,128.0,1.3,13.1,89.0,1.5,131.8,14.6,3.13
2016-03-21,172.0,88.0,1.4,14.5,88.0,1.5,131.3,15.0,2.29
2016-03-22,263.0,128.0,1.0,11.7,74.0,2.9,248.7,14.6,3.58
2016-03-23,261.0,129.0,1.0,12.6,67.0,2.4,204.3,14.1,3.84
2016-03-24,259.0,131.0,1.1,14.2,66.0,2.3,195.5,14.1,4.11
2016-03-25,259.0,134.0,1.2,12.6,83.0,1.9,165.2,14.3,3.43
2016-03-26,263.0,135.0,1.2,13.1,78.0,1.9,160.7,14.3,3.71
2016-03-27,260.0,137.0,1.3,12.0,90.0,1.9,160.7,14.5,3.11
2016-03-28,248.0,129.0,1.0,9.4,81.0,3.4,295.5,14.3,2.89
2016-03-29,238.0,125.0,0.9,8.6,83.0,1.9,162.8,13.7,2.82
2016-03-30,274.0,141.0,1.0,9.3,82.0,1.9,168.2,13.6,3.43
2016-03-31,263.0,144.0,1.1,10.8,85.0,2.0,174.9,13.7,3.32
2016-04-01,272.0,143.0,1.1,11.7,83.0,2.0,174.4,14.0,3.54
2016-04-02,262.0,148.0,1.2,11.1,93.0,1.7,145.2,14.4,3.15
2016-04-03,176.0,95.0,1.3,11.0,96.0,1.5,131.2,14.7,2.01
2016-04-04,276.0,147.0,1.2,13.2,77.0,2.2,192.0,14.9,4.03
2016-04-05,288.0,143.0,1.0,20.3,41.0,2.9,246.9,15.1,5.59
2016-04-06,234.0,128.0,1.2,19.1,53.0,2.2,188.7,15.9,4.77
2016-04-07,168.0,89.0,1.4,14.2,86.0,1.5,126.7,15.8,2.4
2016-04-08,72.0,20.0,1.5,14.2,94.0,1.0,85.5,15.6,0.79
2016-04-09,179.0,91.0,1.5,15.6,83.0,1.5,128.4,15.5,2.64
2016-04-10,224.0,128.0,1.4,14.3,89.0,1.8,151.4,15.6,2.86
2016-04-11,230.0,126.0,1.3,13.8,85.0,1.8,157.2,15.8,3.1
2016-04-12,253.0,138.0,1.3,13.0,86.0,2.3,195.9,15.7,3.15
2016-04-13,289.0,160.0,1.1,12.9,76.0,2.4,204.5,15.5,3.99
2016-04-14,270.0,146.0,1.1,11.6,80.0,2.5,215.7,15.1,3.49
2016-04-15,299.0,162.0,1.0,13.1,64.0,2.6,222.6,15.0,4.22
2016-04-16,304.0,158.0,0.9,15.3,52.0,1.8,158.5,15.2,5.18
2016-04-17,308.0,157.0,0.9,17.1,44.0,1.7,147.5,15.5,5.85
2016-04-18,307.0,158.0,0.8,16.2,45.0,1.6,136.9,15.7,5.59
2016-04-19,264.0,144.0,0.9,16.0,49.0,1.4,121.3,15.9,4.67
2016-04-20,304.0,162.0,0.8,13.6,54.0,1.7,146.9,15.8,5.1
2016-04-21,260.0,147.0,1.3,13.6,82.0,1.8,153.7,15.8,3.62
2016-04-22,227.0,121.0,1.3,13.7,83.0,2.1,182.0,15.9,3.19
2016-04-23,309.0,172.0,1.1,13.2,72.0,2.7,233.7,15.4,4.43
2016-04-24,283.0,168.0,1.1,12.7,77.0,3.0,256.6,15.5,3.92
2016-04-25,314.0,171.0,0.9,9.5,76.0,3.0,255.4,15.1,3.87
2016-04-26,297.0,170.0,1.0,10.1,82.0,2.3,195.0,14.8,3.66
2016-04-27,284.0,153.0,1.0,10.8,77.0,3.1,271.7,14.7,3.82
2016-04-28,300.0,169.0,1.1,10.5,85.0,2.4,204.4,14.7,3.51
2016-04-29,199.0,110.0,1.2,11.6,86.0,2.3,197.3,14.9,2.47
2016-04-30,314.0,176.0,1.1,12.8,73.0,2.1,181.9,15.2,4.35
2016-05-01,311.0,171.0,1.2,14.1,74.0,2.0,174.2,15.6,4.63
2016-05-02,226.0,124.0,1.3,13.2,87.0,1.8,153.5,16.1,2.94
2016-05-03,226.0,128.0,1.3,13.2,88.0,1.7,144.3,16.3,2.97
2016-05-04,138.0,63.0,1.3,13.4,85.0,1.9,163.3,16.1,1.98
2016-05-05,135.0,52.0,1.3,14.9,77.0,1.8,154.7,15.9,2.26
2016-05-06,232.0,127.0,1.3,14.0,81.0,2.2,186.4,16.0,3.27
2016-05-07,231.0,126.0,1.2,14.0,76.0,1.9,167.4,16.2,3.42
2016-05-08,306.0,170.0,1.3,13.5,81.0,2.0,174.3,16.2,4.04
2016-05-09,249.0,140.0,1.3,14.2,81.0,2.2,187.6,16.7,3.3
2016-05-10,262.0,148.0,1.3,13.9,81.0,1.9,164.4,16.9,3.41
2016-05-11,274.0,160.0,1.3,14.0,84.0,2.1,177.9,17.3,3.53
2016-05-12,218.0,121.0,1.4,13.9,87.0,2.0,170.0,17.5,2.83
2016-05-13,156.0,78.0,1.3,13.3,85.0,1.9,166.9,17.3,2.11
2016-05-14,316.0,176.0,1.3,14.4,80.0,2.7,235.9,17.1,4.31
2016-05-15,299.0,177.0,1.4,14.2,84.0,2.4,205.9,17.7,3.97
2016-05-16,307.0,178.0,1.3,13.1,86.0,2.2,194.0,17.7,3.83
2016-05-17,320.0,183.0,1.4,14.6,81.0,1.9,165.5,18.0,4.38
2016-05-18,303.0,178.0,1.4,14.6,84.0,1.7,150.9,18.4,4.27
2016-05-19,174.0,89.0,1.3,12.9,85.0,2.3,197.9,18.4,2.33
2016-05-20,247.0,136.0,1.1,12.5,75.0,3.1,265.9,17.8,3.42
2016-05-21,316.0,178.0,1.1,12.3,75.0,2.5,220.0,17.5,4.29
2016-05-22,327.0,182.0,1.1,12.6,76.0,2.8,243.6,17.6,4.41
2016-05-23,318.0,180.0,1.2,13.3,76.0,2.6,225.8,17.8,4.4
2016-05-24,242.0,136.0,1.3,14.1,80.0,2.3,195.8,18.3,3.33
2016-05-25,234.0,132.0,1.3,14.2,79.0,3.0,258.2,18.5,3.3
2016-05-26,324.0,185.0,1.2,13.1,82.0,2.3,195.8,18.4,4.12
2016-05-27,304.0,175.0,1.3,13.6,81.0,1.8,159.0,18.8,4.03
2016-05-28,317.0,185.0,1.4,14.8,81.0,2.3,198.8,19.1,4.28
2016-05-29,191.0,101.0,1.4,14.7,84.0,1.8,155.3,19.3,2.61
2016-05-30,297.0,170.0,1.4,14.4,83.0,1.8,156.6,19.4,4.0
2016-05-31,312.0,182.0,1.4,14.2,84.0,1.8,154.9,19.9,4.27
2016-06-01,305.0,175.0,1.4,14.7,83.0,1.9,167.6,20.2,4.21
2016-06-02,322.0,181.0,1.4,14.8,82.0,1.7,148.6,20.5,4.6
2016-06-03,337.0,189.0,1.4,16.6,72.0,1.7,144.9,20.8,5.4
2016-06-04,328.0,186.0,1.4,16.1,75.0,1.7,150.9,21.0,5.15
2016-06-05,323.0,187.0,1.4,14.7,83.0,1.9,160.5,21.2,4.42
2016-06-06,311.0,180.0,1.4,14.8,83.0,2.1,178.3,21.3,4.19
2016-06-07,286.0,170.0,1.5,15.0,85.0,2.3,196.0,21.3,3.81
2016-06-08,290.0,168.0,1.4,15.1,83.0,2.6,223.2,21.2,3.91
2016-06-09,282.0,156.0,1.4,14.5,83.0,2.3,197.1,20.9,3.75
2016-06-10,275.0,158.0,1.3,15.1,78.0,2.2,189.1,20.9,4.03
2016-06-11,196.0,105.0,1.4,15.8,76.0,2.1,177.5,20.5,3.15
2016-06-12,265.0,148.0,1.4,16.7,74.0,2.0,169.3,20.7,4.13
2016-06-13,292.0,173.0,1.4,15.0,81.0,2.0,168.8,21.0,3.96
2016-06-14,341.0,192.0,1.2,14.1,74.0,2.5,218.7,20.9,4.82
2016-06-15,337.0,191.0,1.1,12.8,74.0,2.8,244.7,20.4,4.56
2016-06-16,345.0,191.0,1.1,14.7,68.0,2.4,208.9,20.3,5.41
2016-06-17,330.0,190.0,1.4,15.7,79.0,2.2,191.2,20.6,4.85
2016-06-18,327.0,189.0,1.4,16.6,76.0,1.9,166.1,21.3,5.02
2016-06-19,342.0,190.0,1.3,19.0,58.0,2.2,190.3,21.5,6.51
2016-06-20,334.0,187.0,1.3,18.5,60.0,1.9,166.1,21.8,5.91
2016-06-21,335.0,188.0,1.3,17.7,62.0,1.9,160.6,22.0,5.88
2016-06-22,346.0,193.0,1.3,14.9,75.0,1.8,154.0,21.9,5.11
2016-06-23,346.0,188.0,1.1,17.8,52.0,2.0,170.8,21.8,6.56
2016-06-24,347.0,192.0,1.2,14.7,73.0,2.2,188.2,21.9,5.01
2016-06-25,350.0,189.0,1.2,17.4,59.0,1.9,166.6,21.8,6.13
2016-06-26,347.0,191.0,1.2,17.1,64.0,1.9,162.8,22.0,5.73
2016-06-27,335.0,188.0,1.3,19.1,57.0,1.9,165.6,22.2,6.0
2016-06-28,272.0,152.0,1.4,18.3,64.0,1.7,149.7,22.4,4.95
2016-06-29,340.0,191.0,1.3,14.5,79.0,1.8,155.8,22.2,4.76
2016-06-30,314.0,178.0,1.3,13.4,84.0,1.8,156.0,22.3,4.1
2016-07-01,338.0,194.0,1.4,15.1,79.0,2.0,169.3,22.5,4.68
2016-07-02,265.0,150.0,1.5,16.3,80.0,1.8,155.3,22.6,4.02
2016-07-03,263.0,148.0,1.4,15.3,80.0,1.6,136.6,22.4,3.92
2016-07-04,304.0,182.0,1.4,14.7,82.0,1.8,159.7,22.3,4.13
2016-07-05,291.0,172.0,1.4,15.0,81.0,1.8,152.2,22.4,3.94
2016-07-06,291.0,168.0,1.4,14.7,82.0,1.9,163.1,22.5,3.92
2016-07-07,299.0,179.0,1.4,14.6,83.0,1.8,158.3,22.5,3.99
2016-07-08,311.0,183.0,1.4,14.7,84.0,2.0,171.2,22.6,4.23
2016-07-09,322.0,188.0,1.4,16.5,75.0,2.0,169.9,22.8,4.99
2016-07-10,344.0,191.0,1.2,15.3,70.0,2.4,209.3,22.6,5.16
2016-07-11,338.0,191.0,1.3,13.9,81.0,2.1,182.0,22.2,4.53
2016-07-12,337.0,193.0,1.3,15.5,74.0,2.1,184.5,22.5,4.96
2016-07-13,331.0,192.0,1.3,14.5,80.0,1.8,157.4,22.5,4.62
2016-07-14,324.0,189.0,1.4,15.5,77.0,1.9,163.5,22.9,4.9
2016-07-15,319.0,185.0,1.4,14.8,80.0,1.8,159.2,23.1,4.53
2016-07-16,309.0,177.0,1.3,15.0,79.0,2.0,174.3,23.2,4.35
2016-07-17,304.0,174.0,1.4,14.9,81.0,1.9,161.2,23.1,4.23
2016-07-18,324.0,188.0,1.4,15.5,78.0,2.1,180.0,23.3,4.72
2016-07-19,316.0,183.0,1.3,14.4,81.0,1.7,148.4,23.0,4.51
2016-07-20,333.0,187.0,1.3,16.0,70.0,1.7,145.9,22.8,5.38
2016-07-21,322.0,186.0,1.3,15.7,73.0,2.0,173.3,22.9,5.05
2016-07-22,327.0,186.0,1.3,17.1,66.0,2.1,177.7,23.0,5.42
2016-07-23,331.0,185.0,1.3,16.5,68.0,2.1,178.6,22.9,5.42
2016-07-24,321.0,183.0,1.3,16.3,71.0,1.8,154.0,22.9,5.1
2016-07-25,325.0,187.0,1.3,14.6,80.0,1.6,140.7,23.0,4.69
2016-07-26,314.0,180.0,1.3,16.8,69.0,1.7,147.1,23.1,5.36
2016-07-27,308.0,176.0,1.3,17.0,69.0,1.7,144.5,23.3,5.09
2016-07-28,294.0,173.0,1.4,15.8,79.0,1.7,147.3,23.3,4.46
2016-07-29,289.0,170.0,1.4,15.8,80.0,1.6,140.6,23.4,4.34
2016-07-30,304.0,177.0,1.5,17.3,75.0,1.8,151.9,23.5,5.01
2016-07-31,309.0,178.0,1.6,17.6,79.0,1.9,164.2,23.8,4.81
2016-08-01,303.0,176.0,1.6,17.0,82.0,1.8,156.3,23.9,4.49
2016-08-02,302.0,175.0,1.5,16.6,81.0,1.9,166.4,24.0,4.37
2016-08-03,294.0,173.0,1.5,16.2,81.0,1.9,166.8,23.9,4.22
2016-08-04,240.0,135.0,1.5,15.5,83.0,2.0,173.6,23.7,3.3
2016-08-05,224.0,123.0,1.4,15.2,82.0,2.1,185.4,23.3,3.09
2016-08-06,273.0,156.0,1.4,15.2,81.0,2.0,176.2,23.1,3.7
2016-08-07,314.0,179.0,1.4,15.3,78.0,2.2,187.8,23.1,4.53
2016-08-08,284.0,165.0,1.4,14.8,82.0,1.6,140.1,23.0,3.98
2016-08-09,209.0,114.0,1.4,15.2,82.0,2.0,175.7,22.8,2.93
2016-08-10,288.0,165.0,1.4,15.9,78.0,1.7,146.0,22.9,4.04
2016-08-11,286.0,164.0,1.4,16.3,78.0,2.0,173.8,23.1,4.27
2016-08-12,272.0,155.0,1.5,15.2,84.0,1.7,150.7,23.2,3.76
2016-08-13,276.0,159.0,1.5,16.0,82.0,1.6,138.2,23.3,4.04
2016-08-14,286.0,164.0,1.5,15.9,83.0,1.6,140.7,23.4,4.23
2016-08-15,266.0,151.0,1.5,14.8,86.0,1.6,142.5,23.4,3.62
2016-08-16,264.0,151.0,1.4,14.7,85.0,1.6,140.3,23.3,3.68
2016-08-17,284.0,162.0,1.4,15.3,81.0,1.6,142.4,23.3,4.14
2016-08-18,281.0,161.0,1.4,15.1,82.0,1.7,149.4,23.3,3.99
2016-08-19,234.0,136.0,1.4,15.6,81.0,1.8,152.2,23.2,3.42
2016-08-20,232.0,130.0,1.5,15.3,84.0,1.8,159.2,23.0,3.24
2016-08-21,239.0,137.0,1.5,15.2,84.0,1.8,156.9,23.0,3.33
2016-08-22,236.0,135.0,1.5,15.9,83.0,2.0,173.1,22.9,3.3
2016-08-23,245.0,142.0,1.5,15.8,83.0,2.2,190.2,22.9,3.44
2016-08-24,213.0,119.0,1.5,15.2,85.0,2.1,179.8,22.7,2.94
2016-08-25,237.0,137.0,1.4,15.1,83.0,1.9,168.0,22.6,3.27
2016-08-26,224.0,124.0,1.5,16.2,79.0,2.0,175.8,22.6,3.34
2016-08-27,246.0,139.0,1.4,16.5,76.0,2.0,175.0,22.8,3.69
2016-08-28,273.0,154.0,1.5,16.2,79.0,2.0,171.8,22.6,4.05
2016-08-29,272.0,153.0,1.4,16.6,77.0,1.9,163.2,22.6,4.24
2016-08-30,276.0,150.0,1.3,17.6,67.0,2.1,180.7,22.5,4.87
2016-08-31,280.0,153.0,1.4,15.5,80.0,1.9,164.9,22.4,4.09
2016-09-01,261.0,149.0,1.4,14.0,87.0,2.0,174.1,22.2,3.26
2016-09-02,261.0,148.0,1.4,15.2,80.0,2.0,170.7,22.3,3.7
2016-09-03,187.0,101.0,1.4,15.2,82.0,2.6,224.2,22.2,2.7
2016-09-04,222.0,118.0,1.3,15.0,76.0,2.5,214.1,22.0,3.25
2016-09-05,259.0,145.0,1.3,13.9,80.0,1.9,165.5,21.4,3.61
2016-09-06,271.0,145.0,1.2,16.4,67.0,1.8,154.1,21.4,4.77
2016-09-07,264.0,142.0,1.5,16.4,80.0,2.0,174.1,21.5,3.9
2016-09-08,224.0,121.0,1.5,17.1,79.0,1.8,159.0,22.1,3.48
2016-09-09,245.0,135.0,1.5,15.1,84.0,1.8,156.6,21.8,3.38
2016-09-10,224.0,121.0,1.5,15.5,85.0,1.7,147.5,22.0,3.13
2016-09-11,205.0,110.0,1.5,15.0,85.0,1.7,147.2,22.1,2.75
2016-09-12,180.0,77.0,1.3,15.4,76.0,1.9,166.1,21.9,2.68
2016-09-13,217.0,108.0,1.1,15.3,61.0,2.0,172.2,21.7,3.7
2016-09-14,258.0,132.0,1.2,14.5,70.0,1.8,154.3,21.0,4.09
2016-09-15,256.0,132.0,1.4,16.4,73.0,1.9,163.3,21.0,4.2
2016-09-16,244.0,131.0,1.4,15.3,82.0,1.6,134.5,21.4,3.5
2016-09-17,248.0,128.0,1.4,16.4,76.0,1.7,149.3,21.6,4.05
2016-09-18,248.0,124.0,1.2,21.2,48.0,1.6,139.7,21.7,5.17
2016-09-19,211.0,108.0,1.5,19.6,64.0,1.5,131.8,21.9,3.91
2016-09-20,231.0,119.0,1.4,18.7,66.0,1.7,148.6,22.0,4.19
2016-09-21,183.0,96.0,1.4,14.9,85.0,1.9,162.4,22.0,2.65
2016-09-22,244.0,122.0,1.1,13.5,74.0,2.6,221.9,20.9,3.57
2016-09-23,239.0,118.0,1.1,15.6,60.0,2.0,172.5,20.3,4.14
2016-09-24,240.0,112.0,0.9,22.8,32.0,2.0,174.3,20.6,5.51
2016-09-25,242.0,110.0,0.8,24.4,27.0,1.6,142.0,21.2,5.77
2016-09-26,239.0,105.0,0.7,25.1,21.0,2.0,176.1,21.7,6.72
2016-09-27,232.0,108.0,0.9,23.8,29.0,2.0,170.4,22.0,6.09
2016-09-28,232.0,114.0,1.3,15.9,71.0,1.5,129.6,21.7,3.91
2016-09-29,219.0,111.0,1.4,14.4,83.0,1.4,121.8,21.5,3.28
2016-09-30,205.0,104.0,1.3,13.4,85.0,1.6,139.8,21.3,2.86
2016-10-01,232.0,115.0,1.1,15.7,62.0,2.2,189.4,20.6,4.17
2016-10-02,230.0,115.0,1.1,13.8,72.0,2.4,205.1,20.1,3.57
2016-10-03,211.0,109.0,1.1,14.4,67.0,2.2,185.9,19.7,3.46
2016-10-04,221.0,110.0,1.2,13.8,74.0,2.1,179.4,19.4,3.5
2016-10-05,223.0,105.0,1.1,16.5,78.0,2.0,170.8,19.3,3.47
2016-10-06,222.0,103.0,0.9,19.4,40.0,2.8,245.8,19.3,5.17
2016-10-07,211.0,92.0,0.7,22.2,27.0,1.9,164.5,19.8,5.24
2016-10-08,216.0,97.0,0.6,20.5,27.0,1.7,143.5,20.0,4.93
2016-10-09,207.0,93.0,0.8,16.8,43.0,1.4,123.2,19.8,3.91
2016-10-10,190.0,93.0,1.2,13.4,80.0,1.6,134.6,19.6,2.49
2016-10-11,164.0,79.0,1.2,14.0,77.0,1.8,156.8,19.7,2.4
2016-10-12,184.0,86.0,1.3,14.0,83.0,1.7,146.3,19.2,2.55
2016-10-13,178.0,87.0,1.4,14.7,84.0,1.4,121.7,19.4,2.49
2016-10-14,163.0,85.0,1.5,17.0,80.0,1.6,135.8,19.6,2.45
2016-10-15,48.0,7.0,1.9,17.9,94.0,1.7,144.2,19.7,0.58
2016-10-16,72.0,22.0,1.8,17.7,91.0,2.6,224.8,19.2,1.12
2016-10-17,184.0,90.0,1.5,16.8,79.0,1.9,166.3,18.9,2.91
2016-10-18,194.0,85.0,1.1,17.6,55.0,2.6,220.8,18.2,3.78
2016-10-19,196.0,80.0,0.8,21.0,31.0,3.4,297.1,18.0,5.53
2016-10-20,196.0,77.0,0.7,25.2,23.0,3.9,335.1,18.4,6.83
2016-10-21,192.0,81.0,1.0,20.8,43.0,2.2,189.0,19.0,4.49
2016-10-22,183.0,82.0,1.1,15.4,65.0,1.2,107.8,18.6,3.22
2016-10-23,158.0,68.0,1.4,14.5,85.0,1.7,147.2,18.2,2.28
2016-10-24,150.0,56.0,1.4,16.5,75.0,2.2,189.0,18.7,2.58
2016-10-25,180.0,80.0,1.3,14.8,75.0,1.3,113.5,18.2,2.89
2016-10-26,166.0,76.0,1.2,14.4,76.0,1.0,88.0,17.9,2.63
2016-10-27,98.0,36.0,1.4,15.8,76.0,1.3,109.1,17.7,1.81
2016-10-28,99.0,23.0,1.7,16.8,90.0,1.6,140.9,17.8,1.43
2016-10-29,137.0,64.0,1.6,16.8,86.0,1.5,128.6,18.1,2.04
2016-10-30,67.0,18.0,1.6,15.2,90.0,2.0,172.3,18.1,0.96
2016-10-31,157.0,68.0,1.3,12.8,87.0,1.5,133.2,17.0,2.1
2016-11-01,151.0,62.0,1.4,13.9,85.0,1.7,142.8,16.7,2.08
2016-11-02,172.0,69.0,1.1,16.6,60.0,1.6,140.2,16.3,3.1
2016-11-03,171.0,67.0,1.0,18.6,47.0,1.4,122.3,16.3,3.47
2016-11-04,161.0,67.0,1.1,15.8,64.0,1.2,99.4,16.3,2.75
2016-11-05,162.0,68.0,1.3,12.9,88.0,1.5,126.3,16.2,2.18
2016-11-06,137.0,58.0,1.4,14.4,84.0,1.3,112.5,16.0,2.12
2016-11-07,154.0,63.0,1.4,18.8,63.0,1.9,164.7,16.4,3.46
2016-11-08,154.0,63.0,1.4,16.0,77.0,1.2,100.6,16.6,2.5
2016-11-09,152.0,60.0,1.4,17.3,69.0,0.8,73.4,16.8,2.65
2016-11-10,149.0,61.0,1.3,18.3,61.0,0.9,82.0,16.9,2.75
2016-11-11,145.0,54.0,1.2,16.6,64.0,1.2,100.0,16.8,2.65
2016-11-12,139.0,45.0,1.2,16.7,62.0,1.3,113.2,16.9,2.44
2016-11-13,152.0,57.0,1.3,15.5,71.0,1.1,93.1,16.6,2.49
2016-11-14,134.0,53.0,1.3,11.8,96.0,1.1,96.7,16.5,1.56
2016-11-15,125.0,49.0,1.4,13.3,91.0,1.4,117.1,16.6,1.62
2016-11-16,152.0,52.0,0.9,14.6,55.0,2.7,229.6,16.4,3.08
2016-11-17,150.0,48.0,0.7,12.9,48.0,2.5,215.1,15.6,2.84
2016-11-18,147.0,48.0,0.8,12.9,52.0,1.2,106.8,15.0,2.56
2016-11-19,104.0,32.0,1.2,13.7,77.0,1.8,157.9,15.1,1.63
2016-11-20,27.0,-10.0,1.3,13.3,88.0,1.1,93.5,15.0,0.32
2016-11-21,145.0,49.0,1.3,12.5,88.0,1.6,136.9,14.9,1.83
2016-11-22,139.0,49.0,1.1,11.2,80.0,1.3,115.9,14.3,1.9
2016-11-23,124.0,43.0,0.9,11.6,68.0,2.2,190.4,13.8,2.13
2016-11-24,140.0,46.0,0.9,12.3,60.0,1.6,141.4,13.4,2.28
2016-11-25,138.0,45.0,0.9,8.3,80.0,0.8,71.4,12.8,1.74
2016-11-26,24.0,-13.0,1.1,8.8,94.0,1.5,130.6,12.2,0.16
2016-11-27,76.0,19.0,1.1,11.3,84.0,2.2,189.6,12.2,1.06
2016-11-28,79.0,21.0,1.0,11.1,79.0,1.7,147.7,12.3,1.11
2016-11-29,137.0,42.0,0.9,10.7,66.0,1.7,149.4,12.1,2.0
2016-11-30,131.0,45.0,0.9,8.8,81.0,1.2,103.6,11.6,1.73
2016-12-01,120.0,43.0,0.9,11.1,70.0,2.2,191.2,11.8,1.84
2016-12-02,135.0,42.0,0.6,10.1,52.0,2.7,232.2,11.4,2.39
2016-12-03,132.0,40.0,0.6,12.0,44.0,2.0,172.5,11.0,2.56
2016-12-04,127.0,40.0,0.9,13.5,56.0,1.7,146.0,11.2,2.27
2016-12-05,124.0,45.0,1.0,12.1,68.0,1.6,141.6,11.5,1.87
2016-12-06,115.0,43.0,0.8,9.3,72.0,1.4,122.3,11.3,1.71
2016-12-07,70.0,13.0,0.8,9.5,68.0,1.7,143.9,11.0,1.13
2016-12-08,29.0,-3.0,1.3,12.7,90.0,1.7,146.1,11.3,0.25
2016-12-09,81.0,25.0,1.6,15.2,93.0,1.0,90.4,12.4,1.08
2016-12-10,39.0,5.0,1.6,14.8,97.0,0.8,72.7,13.2,0.39
2016-12-11,105.0,42.0,1.5,14.1,95.0,1.1,93.1,13.7,1.26
2016-12-12,72.0,24.0,1.3,12.1,94.0,0.9,75.9,13.7,0.88
2016-12-13,104.0,38.0,1.3,12.2,89.0,1.0,85.1,13.8,1.37
2016-12-14,86.0,27.0,1.3,11.6,94.0,1.0,87.2,13.4,1.05
2016-12-15,17.0,-11.0,1.4,13.0,94.0,2.6,223.2,13.5,0.11
2016-12-16,125.0,42.0,1.0,9.8,80.0,3.3,283.4,13.1,1.7
2016-12-17,130.0,39.0,0.7,7.2,65.0,2.0,173.1,11.7,1.7
2016-12-18,129.0,38.0,0.6,7.7,55.0,2.3,201.7,10.8,1.99
2016-12-19,131.0,34.0,0.5,9.7,45.0,1.7,149.5,10.3,2.27
2016-12-20,133.0,37.0,0.7,8.7,62.0,0.9,80.9,10.1,1.81
2016-12-21,80.0,25.0,0.8,11.4,57.0,0.9,75.1,10.3,1.28
2016-12-22,125.0,38.0,0.9,12.7,60.0,1.5,126.4,10.6,2.13
2016-12-23,16.0,-13.0,1.1,9.7,92.0,2.4,203.3,10.8,0.13
2016-12-24,115.0,30.0,0.8,5.4,84.0,1.4,122.2,10.3,1.32
2016-12-25,88.0,28.0,0.7,6.3,71.0,1.1,93.7,9.6,1.12
2016-12-26,123.0,36.0,0.7,10.0,57.0,3.0,262.1,9.7,2.25
2016-12-27,128.0,34.0,0.6,12.6,40.0,2.2,188.0,9.7,2.69
2016-12-28,128.0,35.0,0.6,15.5,36.0,2.6,222.3,10.2,3.31
2016-12-29,113.0,37.0,0.9,11.9,63.0,1.0,88.1,10.3,1.78
2016-12-30,39.0,3.0,1.2,12.3,82.0,1.1,98.7,10.8,0.57
2016-12-31,114.0,42.0,0.9,9.4,79.0,1.8,151.7,11.1,1.42
2017-01-01,58.0,6.0,0.8,7.2,83.0,1.6,139.0,10.4,0.87
2017-01-02,53.0,11.0,0.9,8.6,78.0,1.1,92.4,10.2,0.82
2017-01-03,59.0,15.0,1.0,11.5,76.0,2.4,206.9,10.4,1.13
2017-01-04,10.0,-18.0,1.4,13.0,95.0,2.7,231.1,10.9,0.02
2017-01-05,98.0,30.0,1.2,10.6,94.0,1.9,162.2,11.6,1.07
2017-01-06,128.0,41.0,0.9,8.1,80.0,1.1,91.0,10.8,1.53
2017-01-07,11.0,-18.0,1.2,12.5,85.0,3.3,287.1,10.9,0.29
2017-01-08,79.0,25.0,1.1,16.0,63.0,4.1,353.4,11.3,2.4
2017-01-09,79.0,27.0,1.4,13.7,89.0,2.0,170.4,11.7,1.0
2017-01-10,44.0,6.0,1.4,13.2,92.0,2.5,215.1,12.1,0.59
2017-01-11,85.0,32.0,1.3,13.0,88.0,2.1,179.4,12.3,1.15
2017-01-12,101.0,25.0,1.0,9.3,90.0,2.3,199.6,12.1,1.09
2017-01-13,122.0,44.0,0.8,8.1,78.0,1.8,155.6,11.0,1.55
2017-01-14,139.0,45.0,0.9,10.3,70.0,1.5,128.0,10.8,1.97
2017-01-15,136.0,47.0,0.8,8.2,69.0,1.1,98.8,10.6,1.77
2017-01-16,144.0,46.0,0.7,7.8,70.0,0.9,74.0,10.2,1.83
2017-01-17,122.0,36.0,0.9,8.4,77.0,0.8,72.7,10.0,1.61
2017-01-18,32.0,-3.0,1.0,10.0,85.0,2.6,221.9,10.0,0.45
2017-01-19,98.0,28.0,1.2,11.3,89.0,1.4,123.2,10.4,1.22
2017-01-20,39.0,2.0,1.1,10.0,89.0,2.9,252.8,10.6,0.47
2017-01-21,73.0,19.0,1.0,9.7,87.0,1.8,158.0,10.2,0.94
2017-01-22,51.0,8.0,1.1,11.0,87.0,4.7,403.5,10.4,0.76
2017-01-23,108.0,40.0,0.9,7.7,86.0,1.5,133.1,10.4,1.22
2017-01-24,104.0,28.0,0.8,7.7,77.0,1.6,135.0,9.9,1.34
2017-01-25,153.0,54.0,0.7,7.0,75.0,1.7,143.3,9.5,1.92
2017-01-26,159.0,54.0,0.7,8.6,67.0,1.9,161.1,9.3,2.19
2017-01-27,153.0,54.0,0.8,10.2,63.0,2.4,203.6,9.5,2.33
2017-01-28,162.0,50.0,0.6,12.8,42.0,1.8,152.1,9.6,3.06
2017-01-29,164.0,52.0,0.7,13.9,42.0,1.6,140.6,9.8,3.21
2017-01-30,166.0,54.0,0.7,12.8,51.0,0.9,79.2,10.3,2.6
2017-01-31,164.0,58.0,0.8,11.5,61.0,0.9,81.0,10.5,2.56
2017-02-01,133.0,57.0,1.0,9.5,84.0,1.4,120.2,10.4,1.66
2017-02-02,49.0,7.0,1.3,13.3,87.0,3.0,255.0,10.8,0.74
2017-02-03,61.0,8.0,1.5,13.7,93.0,2.4,203.4,11.5,0.75
2017-02-04,128.0,54.0,1.3,11.7,94.0,1.5,125.6,11.8,1.52
2017-02-05,84.0,30.0,1.2,11.3,92.0,2.7,229.3,12.0,1.08
2017-02-06,107.0,45.0,1.4,14.0,89.0,2.0,173.8,12.0,1.42
2017-02-07,8.0,-23.0,1.6,14.9,78.0,2.6,221.6,12.6,0.02
2017-02-08,67.0,20.0,1.7,16.0,78.0,1.3,111.1,12.9,0.93
2017-02-09,58.0,14.0,1.6,15.0,92.0,1.4,121.9,13.4,0.77
2017-02-10,34.0,-3.0,1.5,14.0,96.0,1.7,149.7,13.4,0.27
2017-02-11,130.0,47.0,1.1,11.0,82.0,1.7,145.4,12.9,1.65
2017-02-12,183.0,75.0,1.0,12.3,71.0,1.2,102.0,12.4,2.58
2017-02-13,167.0,71.0,1.0,11.1,78.0,1.1,93.1,12.3,2.22
2017-02-14,175.0,77.0,1.2,12.4,83.0,1.0,88.4,12.5,2.46
2017-02-15,137.0,49.0,1.2,12.3,83.0,0.9,76.3,13.0,1.91
2017-02-16,26.0,-10.0,1.3,11.6,94.0,1.7,150.6,16.5,0.17
2017-02-17,16.0,-17.0,1.3,12.5,90.0,4.8,411.9,16.5,0.24
2017-02-18,78.0,27.0,1.2,11.1,90.0,3.6,314.2,16.5,0.95
2017-02-19,106.0,37.0,1.1,10.6,82.0,1.8,154.1,15.8,1.42
2017-02-20,39.0,-1.0,1.4,13.8,89.0,4.1,355.3,13.4,0.59
2017-02-21,146.0,69.0,1.4,14.2,87.0,2.2,187.3,13.7,1.92
2017-02-22,198.0,86.0,0.9,9.9,77.0,2.5,217.9,14.2,2.51
2017-02-23,209.0,86.0,0.7,7.7,66.0,2.4,204.9,13.5,2.61
2017-02-24,208.0,89.0,0.7,7.1,67.0,1.6,136.9,12.2,2.59
2017-02-25,113.0,38.0,0.7,6.4,77.0,0.9,73.8,16.0,1.43
2017-02-26,165.0,78.0,0.9,9.1,80.0,1.6,139.3,15.6,1.93
2017-02-27,202.0,94.0,0.9,9.0,78.0,1.6,137.6,13.4,2.49
2017-02-28,214.0,95.0,0.8,9.0,66.0,2.0,176.9,11.9,2.79
2017-03-01,218.0,94.0,0.7,13.5,48.0,2.9,247.6,12.4,3.9
2017-03-02,214.0,91.0,0.8,16.0,43.0,2.9,246.5,12.7,4.17
2017-03-03,218.0,98.0,0.9,14.7,54.0,1.6,141.1,13.2,3.76
2017-03-04,191.0,96.0,1.1,10.9,84.0,1.6,135.2,13.8,2.35
2017-03-05,174.0,87.0,0.9,8.6,81.0,2.7,234.4,13.7,2.19
2017-03-06,226.0,103.0,0.7,7.1,74.0,1.5,128.0,12.7,2.77
2017-03-07,198.0,88.0,0.8,12.8,54.0,1.4,123.5,12.4,3.09
2017-03-08,258.0,102.0,0.9,18.9,43.0,3.7,323.3,12.8,4.54
2017-03-09,232.0,109.0,1.2,18.4,57.0,1.9,161.4,13.9,4.12
2017-03-10,182.0,105.0,1.4,17.8,67.0,1.3,114.0,14.7,3.11
2017-03-11,233.0,113.0,1.4,18.1,65.0,2.2,191.2,15.3,4.04
2017-03-12,238.0,112.0,1.2,20.4,50.0,2.2,193.3,15.9,4.67
2017-03-13,240.0,115.0,1.3,19.9,58.0,1.2,104.6,16.5,4.23
2017-03-14,230.0,121.0,1.3,13.6,86.0,1.3,109.4,16.5,3.27
2017-03-15,211.0,108.0,1.3,11.9,92.0,1.4,123.7,16.1,2.61
2017-03-16,216.0,105.0,1.2,13.3,78.0,2.0,170.8,16.5,3.13
2017-03-17,216.0,105.0,1.2,13.3,78.0,2.0,170.8,16.5,3.13
2017-03-18,216.0,105.0,1.2,13.3,78.0,2.0,170.8,16.5,3.14
2017-03-19,216.0,105.0,1.2,13.3,78.0,2.0,170.8,16.5,3.13
2017-03-20,216.0,105.0,1.2,13.3,78.0,2.0,170.8,16.5,3.17
2017-03-21,216.0,105.0,1.2,13.3,78.0,2.0,170.8,16.5,3.22
2017-03-22,216.0,105.0,1.2,13.3,78.0,2.0,170.8,16.5,3.27
2017-03-23,216.0,105.0,1.2,13.3,78.0,2.0,170.8,16.5,3.28
2017-03-24,216.0,105.0,1.2,13.3,78.0,2.0,170.8,16.5,3.29
2017-03-25,216.0,105.0,1.2,13.3,78.0,2.0,170.8,16.5,3.31
2017-03-26,216.0,105.0,1.2,13.3,78.0,2.0,170.8,16.5,3.3
2017-03-27,216.0,105.0,1.2,13.3,78.0,2.0,170.8,16.5,3.31
2017-03-28,216.0,105.0,1.2,13.3,78.0,2.0,170.8,16.5,3.35
2017-03-29,216.0,105.0,1.2,13.3,78.0,2.0,170.8,16.5,3.42
2017-03-30,216.0,105.0,1.2,13.3,78.0,2.0,170.8,16.5,3.46
2017-03-31,216.0,105.0,1.2,13.3,78.0,2.0,170.8,16.5,3.5
2017-04-01,216.0,105.0,1.2,13.3,78.0,2.0,170.8,16.5,3.53
2017-04-02,216.0,105.0,1.2,13.3,78.0,2.0,170.8,16.5,3.52
2017-04-03,216.0,105.0,1.2,13.3,78.0,2.0,170.8,16.5,3.54
2017-04-04,216.0,105.0,1.2,13.3,78.0,2.0,170.8,16.5,3.5
2017-04-05,216.0,105.0,1.2,13.3,78.0,2.0,170.8,16.5,3.51
2017-04-06,216.0,105.0,1.2,13.3,78.0,2.0,170.8,16.5,3.53
2017-04-07,216.0,105.0,1.2,13.3,78.0,2.0,170.8,16.5,3.54
2017-04-08,216.0,105.0,1.2,13.3,78.0,2.0,170.8,16.5,3.58
2017-04-09,216.0,105.0,1.2,13.3,78.0,2.0,170.8,16.5,3.65
2017-04-10,216.0,105.0,1.2,13.3,78.0,2.0,170.8,16.5,3.7
2017-04-11,216.0,105.0,1.2,13.3,78.0,2.0,170.8,16.5,3.76
2017-04-12,216.0,105.0,1.2,13.3,78.0,2.0,170.8,16.5,3.83
2017-04-13,216.0,105.0,1.2,13.3,78.0,2.0,170.8,16.5,3.83
2017-04-14,216.0,105.0,1.2,13.3,78.0,2.0,170.8,16.5,3.85
2017-04-15,216.0,105.0,1.2,13.3,78.0,2.0,170.8,16.5,3.85
2017-04-16,216.0,105.0,1.2,13.3,78.0,2.0,170.8,16.5,3.85
2017-04-17,216.0,105.0,1.2,13.3,78.0,2.0,170.8,16.5,3.89
2017-04-18,216.0,105.0,1.2,13.3,78.0,2.0,170.8,16.5,3.92
2017-04-19,216.0,105.0,1.2,13.3,78.0,2.0,170.8,16.5,3.97
2017-04-20,216.0,105.0,1.2,13.3,78.0,2.0,170.8,16.5,3.99
2017-04-21,216.0,105.0,1.2,13.3,78.0,2.0,170.8,16.5,4.04
2017-04-22,216.0,105.0,1.2,13.3,78.0,2.0,170.8,16.5,4.09
2017-04-23,216.0,105.0,1.2,13.3,78.0,2.0,170.8,16.5,4.12
2017-04-24,216.0,105.0,1.2,13.3,78.0,2.0,170.8,16.5,4.12
2017-04-25,216.0,105.0,1.2,13.3,78.0,2.0,170.8,16.5,4.15
2017-04-26,216.0,105.0,1.2,13.3,78.0,2.0,170.8,16.5,4.17
2017-04-27,216.0,105.0,1.2,13.3,78.0,2.0,170.8,16.5,4.18
2017-04-28,216.0,105.0,1.2,13.3,78.0,2.0,170.8,16.5,4.18
2017-04-29,216.0,105.0,1.2,13.3,78.0,2.0,170.8,16.5,4.19
2017-04-30,216.0,105.0,1.2,13.3,78.0,2.0,170.8,16.5,4.23
2017-05-01,216.0,105.0,1.2,13.3,78.0,2.0,170.8,16.5,4.28
2017-05-02,216.0,105.0,1.2,13.3,78.0,2.0,170.8,16.5,4.33
2017-05-03,216.0,105.0,1.2,13.3,78.0,2.0,170.8,16.5,4.39
2017-05-04,283.0,105.0,1.4,14.9,84.0,2.0,176.0,19.2,2.15
2017-05-05,229.0,123.0,1.3,12.9,90.0,1.8,152.0,19.0,2.88
2017-05-06,249.0,133.0,1.0,10.9,77.0,3.1,269.3,18.3,3.02
2017-05-07,114.0,44.0,1.2,10.8,89.0,1.6,136.3,17.2,1.41
2017-05-08,311.0,174.0,1.2,11.8,87.0,1.8,158.4,16.6,3.68
2017-05-09,273.0,157.0,1.3,13.3,87.0,1.7,150.2,17.1,3.45
2017-05-10,72.0,15.0,1.4,14.1,87.0,1.2,105.6,17.3,0.87
2017-05-11,232.0,125.0,1.3,14.6,81.0,1.8,158.5,17.0,3.35
2017-05-12,270.0,144.0,1.1,13.6,70.0,2.7,232.8,17.4,4.12
2017-05-13,326.0,178.0,0.9,12.3,65.0,2.9,254.7,17.2,4.55
2017-05-14,304.0,170.0,1.0,10.5,77.0,2.9,252.6,17.1,3.81
2017-05-15,197.0,108.0,1.1,11.2,80.0,2.8,242.6,16.8,2.64
2017-05-16,274.0,162.0,1.2,12.2,81.0,2.3,200.2,16.8,3.46
2017-05-17,314.0,180.0,1.2,12.1,83.0,2.5,217.3,17.5,3.83
2017-05-18,333.0,182.0,1.1,13.4,69.0,2.0,174.8,17.6,5.03
2017-05-19,334.0,181.0,1.1,18.2,51.0,1.7,144.5,18.1,6.15
2017-05-20,334.0,184.0,1.2,15.2,71.0,1.7,149.6,18.8,5.34
2017-05-21,334.0,185.0,1.3,14.2,78.0,1.7,147.4,19.2,4.96
2017-05-22,310.0,177.0,1.3,13.0,87.0,1.7,143.2,19.7,4.0
2017-05-23,317.0,180.0,1.3,13.2,87.0,1.6,137.5,20.0,4.02
2017-05-24,341.0,131.0,1.3,14.6,79.0,2.2,188.0,19.8,3.07
2017-05-25,156.0,78.0,1.3,14.0,83.0,2.4,203.8,19.5,2.17
2017-05-26,283.0,159.0,1.2,14.0,78.0,1.9,167.8,19.2,3.94
2017-05-27,334.0,188.0,1.2,13.2,78.0,2.4,206.9,19.2,4.47
2017-05-28,318.0,185.0,1.3,13.7,85.0,2.4,210.6,19.6,3.96
2017-05-29,286.0,164.0,1.3,13.2,86.0,2.6,221.4,19.9,3.49
2017-05-30,288.0,165.0,1.3,13.2,84.0,2.1,182.1,20.0,3.72
2017-05-31,302.0,177.0,1.3,15.1,76.0,2.6,225.4,20.0,4.5
2017-06-01,320.0,185.0,1.4,15.3,80.0,2.3,196.5,20.4,4.62
2017-06-02,333.0,188.0,1.3,14.7,79.0,2.0,175.3,20.7,4.68
2017-06-03,331.0,188.0,1.3,14.3,80.0,1.8,158.7,20.8,4.6
2017-06-04,322.0,186.0,1.2,13.6,79.0,2.0,171.2,20.9,4.57
2017-06-05,337.0,193.0,1.2,13.2,80.0,2.1,178.7,20.8,4.51
2017-06-06,302.0,175.0,1.3,13.2,85.0,2.0,175.6,21.0,3.87
2017-06-07,287.0,169.0,1.3,13.7,82.0,2.1,182.6,21.2,3.78
2017-06-08,329.0,188.0,1.2,14.6,74.0,2.0,176.8,21.1,4.85
2017-06-09,201.0,100.0,1.5,15.6,86.0,1.9,165.0,21.3,2.89
2017-06-10,345.0,191.0,1.2,14.0,72.0,3.0,258.8,20.6,4.93
2017-06-11,346.0,190.0,1.1,12.7,73.0,3.6,310.1,20.3,4.7
2017-06-12,333.0,186.0,1.1,13.5,74.0,2.8,240.8,20.0,4.69
2017-06-13,342.0,191.0,1.2,13.7,76.0,2.5,212.3,20.1,4.74
2017-06-14,446.0,192.0,1.3,16.3,68.0,2.6,223.6,20.4,5.18
2017-06-15,348.0,191.0,1.2,16.4,65.0,2.3,195.3,20.7,5.65
2017-06-16,343.0,191.0,1.4,18.6,64.0,2.0,174.3,21.2,5.73
2017-06-17,336.0,189.0,1.4,19.8,62.0,1.9,166.2,21.9,5.95
2017-06-18,337.0,191.0,1.5,19.6,65.0,1.9,164.2,22.4,5.75
2017-06-19,339.0,192.0,1.5,18.3,71.0,1.9,162.7,22.8,5.66
2017-06-20,326.0,190.0,1.4,15.5,81.0,2.0,169.7,23.0,4.67
2017-06-21,326.0,188.0,1.4,15.0,82.0,1.8,159.0,23.1,4.55
2017-06-22,340.0,190.0,1.5,16.0,80.0,2.1,177.4,23.1,4.95
2017-06-23,309.0,181.0,1.5,16.1,83.0,2.1,179.9,23.3,4.3
2017-06-24,294.0,173.0,1.5,15.7,85.0,2.6,226.5,23.3,4.04
2017-06-25,312.0,179.0,1.4,15.2,84.0,2.2,190.2,23.2,4.3
2017-06-26,351.0,192.0,1.4,15.9,75.0,2.1,182.4,22.9,5.35
2017-06-27,309.0,177.0,1.5,14.9,85.0,2.3,202.7,23.0,4.04
2017-06-28,305.0,173.0,1.4,14.4,85.0,2.4,209.3,23.0,4.0
2017-06-29,318.0,180.0,1.4,14.3,83.0,2.4,205.7,22.9,4.2
2017-06-30,327.0,187.0,1.3,13.9,82.0,2.3,196.1,22.9,4.36
2017-07-01,327.0,191.0,1.3,13.7,83.0,2.6,226.5,22.8,4.18
2017-07-02,329.0,192.0,1.4,16.0,76.0,2.7,232.2,22.8,4.87
2017-07-03,333.0,194.0,1.3,14.8,80.0,2.0,170.1,23.0,4.67
2017-07-04,320.0,188.0,1.4,14.6,82.0,1.9,165.2,23.0,4.5
2017-07-05,316.0,187.0,1.4,16.0,77.0,2.0,174.3,23.2,4.73
2017-07-06,320.0,186.0,1.4,17.0,72.0,1.9,164.2,23.4,5.13
2017-07-07,321.0,186.0,1.4,20.0,58.0,2.0,175.0,23.6,5.67
2017-07-08,308.0,177.0,1.2,13.3,78.0,2.3,198.9,24.0,5.17
2017-07-09,299.0,176.0,1.4,16.3,75.0,1.8,153.4,23.9,4.64
2017-07-10,303.0,176.0,1.5,19.0,67.0,1.7,146.3,23.8,5.42
2017-07-11,320.0,185.0,1.5,18.7,71.0,1.9,162.3,24.0,5.42
2017-07-12,330.0,189.0,1.5,16.8,77.0,1.9,162.5,24.0,5.04
2017-07-13,310.0,184.0,1.5,16.3,80.0,1.9,165.2,24.0,4.6
2017-07-14,319.0,187.0,1.5,15.7,81.0,2.0,170.6,24.1,4.61
2017-07-15,254.0,142.0,1.4,17.2,73.0,1.9,164.2,24.0,4.25
2017-07-16,320.0,184.0,1.5,20.6,60.0,1.8,154.4,24.0,5.76
2017-07-17,328.0,187.0,1.5,18.7,70.0,1.9,167.3,24.2,5.52
2017-07-18,331.0,188.0,1.5,17.8,73.0,2.1,182.2,24.1,5.29
2017-07-19,462.0,185.0,1.4,16.8,71.0,2.3,199.3,23.6,4.73
2017-07-20,327.0,187.0,1.4,14.9,80.0,1.9,168.4,23.4,4.66
2017-07-21,339.0,188.0,1.3,15.5,75.0,2.1,178.2,23.2,5.12
2017-07-22,304.0,178.0,1.4,14.9,81.0,1.7,149.0,23.0,4.36
2017-07-23,321.0,187.0,1.4,16.4,78.0,1.9,165.5,23.3,4.95
2017-07-24,304.0,178.0,1.5,16.6,81.0,2.2,189.0,23.6,4.43
2017-07-25,298.0,173.0,1.5,16.9,79.0,2.1,185.3,23.7,4.41
2017-07-26,309.0,181.0,1.5,16.8,79.0,2.0,171.0,23.7,4.62
2017-07-27,297.0,174.0,1.5,16.6,82.0,1.9,162.5,24.0,4.38
2017-07-28,316.0,184.0,1.5,16.4,81.0,1.9,159.9,24.1,4.58
2017-07-29,303.0,179.0,1.5,16.3,82.0,2.1,179.0,24.1,4.35
2017-07-30,284.0,164.0,1.5,15.8,83.0,2.0,170.8,24.1,4.01
2017-07-31,308.0,179.0,1.5,15.9,81.0,2.4,203.3,24.0,4.42
2017-08-01,261.0,149.0,1.5,17.0,78.0,2.0,176.4,23.8,4.05
2017-08-02,84.0,23.0,1.8,20.2,75.0,1.4,120.3,23.5,1.58
2017-08-03,137.0,65.0,1.8,13.3,78.0,1.4,124.6,22.6,3.29
2017-08-04,290.0,164.0,1.7,20.5,78.0,1.9,163.6,22.7,5.22
2017-08-05,277.0,166.0,1.7,17.4,84.0,1.9,166.8,23.3,4.13
2017-08-06,275.0,161.0,1.6,16.7,86.0,2.2,188.4,23.5,3.89
2017-08-07,265.0,152.0,1.6,16.8,84.0,2.2,191.3,23.5,3.8
2017-08-08,280.0,164.0,1.6,16.8,83.0,2.3,199.4,23.4,3.99
2017-08-09,286.0,165.0,1.6,16.8,83.0,2.3,197.3,23.5,4.06
2017-08-10,290.0,168.0,1.6,16.9,82.0,2.3,196.0,23.6,4.21
2017-08-11,288.0,166.0,1.5,16.4,82.0,1.9,167.2,23.7,4.22
2017-08-12,299.0,172.0,1.5,16.3,81.0,2.1,179.5,23.8,4.4
2017-08-13,285.0,164.0,1.5,16.0,82.0,2.3,200.1,23.7,4.08
2017-08-14,228.0,131.0,1.5,15.9,83.0,2.4,207.2,23.6,3.32
2017-08-15,110.0,44.0,1.4,15.8,80.0,2.1,182.2,22.8,1.86
2017-08-16,254.0,142.0,1.4,16.3,77.0,1.8,157.2,22.2,3.75
2017-08-17,278.0,160.0,1.5,16.9,77.0,1.8,155.1,22.6,4.22
2017-08-18,275.0,157.0,1.6,16.9,81.0,2.0,168.7,22.9,4.04
2017-08-19,261.0,150.0,1.6,17.1,81.0,2.0,169.6,23.2,3.86
2017-08-20,136.0,65.0,1.7,18.0,80.0,2.0,173.1,23.0,2.32
2017-08-21,221.0,119.0,1.6,18.9,73.0,1.8,158.1,22.7,3.65
2017-08-22,273.0,157.0,1.6,17.2,79.0,2.1,178.6,22.8,4.19
2017-08-23,266.0,88.0,1.6,17.3,80.0,2.6,225.3,22.5,2.42
2017-08-24,257.0,145.0,1.6,17.1,82.0,1.9,166.8,22.6,3.84
2017-08-25,283.0,158.0,1.5,16.9,78.0,1.8,154.1,23.0,4.42
2017-08-26,276.0,157.0,1.6,17.4,78.0,1.8,154.1,23.2,4.37
2017-08-27,287.0,158.0,1.5,16.9,79.0,1.8,154.9,23.3,4.49
2017-08-28,274.0,155.0,1.5,16.4,83.0,1.9,161.1,23.4,4.07
2017-08-29,260.0,147.0,1.6,16.5,83.0,1.9,161.6,23.6,3.82
2017-08-30,265.0,149.0,1.5,17.6,75.0,1.9,165.2,23.5,4.36
2017-08-31,270.0,148.0,1.4,17.8,70.0,1.8,153.9,23.4,4.65
2017-09-01,231.0,126.0,1.4,13.3,78.0,1.8,152.8,23.6,4.82
2017-09-02,239.0,137.0,1.2,13.3,78.0,2.0,176.3,24.5,3.93
2017-09-03,235.0,130.0,1.7,13.3,78.0,2.0,171.4,25.3,5.57
2017-09-04,93.0,35.0,2.1,22.2,78.0,2.0,173.8,24.9,1.8
2017-09-05,230.0,129.0,2.0,21.4,78.0,1.9,162.3,24.2,3.92
2017-09-06,225.0,126.0,1.8,18.5,84.0,1.9,159.9,24.3,3.47
2017-09-07,252.0,143.0,1.8,19.5,78.0,2.5,220.1,24.2,4.07
2017-09-08,130.0,62.0,1.7,18.1,84.0,2.0,171.4,23.8,2.01
2017-09-09,211.0,113.0,1.7,18.3,83.0,1.8,159.7,23.4,3.24
2017-09-10,222.0,114.0,1.7,19.9,75.0,2.1,183.6,23.6,3.95
2017-09-11,247.0,134.0,2.0,23.6,78.0,1.9,168.0,23.6,4.8
2017-09-12,180.0,97.0,1.9,19.5,78.0,2.1,177.2,23.3,2.85
2017-09-13,194.0,101.0,1.6,18.5,75.0,2.0,169.1,23.1,3.24
2017-09-14,134.0,62.0,1.6,17.6,78.0,2.0,176.1,22.5,2.29
2017-09-15,260.0,133.0,1.4,16.4,76.0,2.3,198.2,21.8,3.99
2017-09-16,245.0,130.0,1.4,15.8,79.0,1.9,166.4,21.7,3.61
2017-09-17,236.0,127.0,1.5,16.7,80.0,1.8,154.6,22.0,3.48
2017-09-18,222.0,125.0,1.6,16.7,82.0,2.1,184.1,21.9,3.47
2017-09-19,250.0,126.0,1.3,16.9,70.0,2.4,208.0,21.7,4.28
2017-09-20,319.0,123.0,1.5,18.9,70.0,3.4,293.8,21.2,4.09
2017-09-21,238.0,125.0,1.3,15.0,76.0,3.0,258.2,21.2,3.58
2017-09-22,245.0,121.0,1.0,13.8,66.0,2.3,202.2,20.1,3.91
2017-09-23,246.0,121.0,1.1,15.0,64.0,2.0,171.2,19.8,4.19
2017-09-24,247.0,114.0,0.8,18.3,38.0,2.4,206.2,19.9,5.57
2017-09-25,238.0,110.0,0.8,19.6,36.0,2.4,203.6,20.0,5.7
2017-09-26,239.0,110.0,0.8,20.5,33.0,1.8,151.5,20.3,5.31
2017-09-27,237.0,109.0,0.8,19.7,34.0,1.7,145.8,20.6,5.11
2017-09-28,236.0,113.0,1.1,19.5,50.0,1.8,157.5,20.9,4.71
2017-09-29,227.0,112.0,1.4,15.9,79.0,2.0,175.5,20.9,3.48
2017-09-30,221.0,113.0,1.4,14.3,84.0,2.2,187.3,20.7,3.12
2017-10-01,230.0,116.0,1.2,16.5,66.0,2.2,188.1,20.2,4.07
2017-10-02,235.0,112.0,0.9,15.8,51.0,2.0,171.8,19.9,4.47
2017-10-03,194.0,99.0,1.1,12.6,75.0,2.2,193.8,19.5,2.86
2017-10-04,228.0,109.0,0.9,16.2,51.0,2.0,169.6,19.1,4.42
2017-10-05,229.0,102.0,0.7,21.1,29.0,2.7,235.0,19.4,5.85
2017-10-06,227.0,97.0,0.6,22.9,23.0,3.4,290.8,20.0,6.72
2017-10-07,225.0,99.0,0.8,21.3,33.0,2.4,207.8,20.4,5.7
2017-10-08,214.0,108.0,1.2,14.0,78.0,1.6,138.4,20.2,3.07
2017-10-09,209.0,103.0,1.2,17.6,59.0,2.2,188.6,19.9,4.0
2017-10-10,190.0,95.0,1.2,14.2,75.0,1.6,140.6,19.5,2.9
2017-10-11,190.0,96.0,1.2,13.6,78.0,1.6,136.8,19.1,2.71
2017-10-12,212.0,90.0,0.5,19.9,23.0,2.8,240.5,19.0,5.35
2017-10-13,210.0,92.0,0.6,19.6,28.0,2.7,230.1,19.1,5.27
2017-10-14,211.0,87.0,0.6,21.6,22.0,2.8,241.4,19.3,5.74
2017-10-15,208.0,86.0,0.5,19.4,24.0,1.6,137.6,19.5,4.78
2017-10-16,206.0,88.0,0.6,19.4,28.0,1.5,127.4,19.6,4.52
2017-10-17,155.0,67.0,1.1,17.8,54.0,1.7,145.8,19.7,3.04
2017-10-18,190.0,92.0,1.4,15.4,78.0,2.0,173.5,19.7,2.72
2017-10-19,184.0,85.0,1.3,14.5,80.0,2.2,188.9,19.4,2.63
2017-10-20,183.0,87.0,1.2,14.7,73.0,3.1,268.4,19.0,3.02
2017-10-21,189.0,79.0,0.8,16.7,44.0,2.6,227.3,17.7,4.02
2017-10-22,192.0,77.0,0.9,22.2,33.0,4.4,382.2,17.7,6.06
2017-10-23,192.0,74.0,0.8,28.1,78.0,3.6,308.1,18.5,5.59
2017-10-24,189.0,74.0,0.7,13.3,78.0,3.1,268.0,19.8,4.33
2017-10-25,190.0,70.0,0.8,24.1,26.0,1.6,139.3,20.6,4.73
2017-10-26,190.0,72.0,0.8,19.5,36.0,1.5,127.0,20.2,4.15
2017-10-27,191.0,77.0,1.2,15.8,65.0,1.6,139.2,19.6,3.22
2017-10-28,175.0,80.0,1.4,13.5,89.0,1.6,137.7,19.4,2.3
2017-10-29,57.0,5.0,1.3,12.8,90.0,1.5,128.2,18.8,0.65
2017-10-30,34.0,-4.0,1.3,13.1,86.0,1.4,123.8,17.8,0.36
2017-10-31,94.0,37.0,1.2,14.7,72.0,1.5,128.4,17.3,1.6
2017-11-01,153.0,63.0,1.1,15.2,65.0,1.5,126.6,17.5,2.49
2017-11-02,90.0,34.0,1.1,15.1,65.0,1.7,143.0,17.2,1.88
2017-11-03,57.0,12.0,1.4,16.0,78.0,1.6,138.4,17.1,1.11
2017-11-04,89.0,35.0,1.4,15.2,83.0,1.5,131.1,16.7,1.44
2017-11-05,164.0,70.0,1.0,11.3,75.0,1.8,154.7,16.5,2.29
2017-11-06,148.0,65.0,0.9,12.3,63.0,1.8,155.7,15.8,2.57
2017-11-07,159.0,62.0,0.9,13.2,59.0,1.5,132.6,15.7,2.82
2017-11-08,97.0,31.0,1.2,14.9,73.0,1.8,158.5,15.7,1.89
2017-11-09,108.0,43.0,1.6,16.3,88.0,1.6,140.3,16.3,1.55
2017-11-10,161.0,64.0,1.4,14.6,84.0,1.8,157.6,16.4,2.24
2017-11-11,158.0,60.0,1.2,13.8,77.0,1.9,161.9,16.1,2.55
2017-11-12,109.0,37.0,1.2,12.0,82.0,1.5,127.3,15.7,1.69
2017-11-13,151.0,58.0,1.2,13.3,80.0,1.7,149.1,15.1,2.44
2017-11-14,149.0,55.0,1.3,15.5,71.0,1.7,145.8,15.7,2.68
2017-11-15,139.0,54.0,1.1,15.0,65.0,1.5,128.9,15.8,2.47
2017-11-16,69.0,18.0,1.3,15.2,76.0,1.3,116.2,15.6,1.2
2017-11-17,113.0,39.0,1.3,15.6,75.0,2.7,231.4,16.0,2.06
2017-11-18,150.0,51.0,0.9,12.2,66.0,1.9,161.6,15.4,2.44
2017-11-19,141.0,49.0,1.0,10.6,76.0,1.4,122.9,14.7,2.12
2017-11-20,128.0,44.0,1.0,15.3,57.0,1.7,150.4,14.8,2.52
2017-11-21,130.0,44.0,1.1,22.0,78.0,1.7,145.6,15.8,3.22
2017-11-22,138.0,48.0,1.1,17.4,53.0,1.2,104.7,16.4,2.82
2017-11-23,138.0,45.0,1.2,18.6,54.0,1.6,135.0,16.4,2.78
2017-11-24,122.0,44.0,1.1,13.3,78.0,3.0,256.3,17.0,3.8
2017-11-25,131.0,43.0,1.1,18.2,54.0,1.5,129.9,17.2,2.7
2017-11-26,97.0,35.0,1.4,15.5,79.0,1.5,130.3,16.8,1.6
2017-11-27,138.0,44.0,1.0,13.6,67.0,2.7,232.0,16.5,2.31
2017-11-28,133.0,40.0,0.8,14.4,50.0,3.3,285.0,15.1,2.86
2017-11-29,138.0,39.0,0.8,15.0,47.0,4.5,389.5,14.9,3.72
2017-11-30,139.0,37.0,0.7,15.0,42.0,1.7,148.3,14.4,2.9
2017-12-01,137.0,41.0,0.8,14.3,49.0,1.5,132.5,14.3,2.53
2017-12-02,119.0,40.0,0.8,11.0,63.0,1.2,107.9,13.9,1.92
2017-12-03,131.0,43.0,0.8,12.0,59.0,2.4,208.7,13.6,2.54
2017-12-04,140.0,36.0,0.5,12.2,36.0,4.4,377.8,13.0,3.45
2017-12-05,142.0,28.0,0.4,13.5,24.0,3.4,297.0,12.7,3.94
2017-12-06,140.0,29.0,0.4,12.9,28.0,1.7,148.2,12.4,2.89
2017-12-07,130.0,28.0,0.4,14.3,23.0,2.0,174.9,12.6,3.69
2017-12-08,128.0,35.0,0.5,12.4,37.0,1.3,115.7,12.5,2.48
2017-12-09,121.0,19.0,0.4,17.7,19.0,1.9,166.1,12.7,3.28
2017-12-10,58.0,1.0,0.3,19.9,78.0,2.3,200.3,13.3,2.86
2017-12-11,123.0,24.0,0.3,18.1,13.0,2.2,189.6,13.1,4.02
2017-12-12,176.0,8.0,0.3,13.3,78.0,2.9,247.4,13.7,4.69
2017-12-13,146.0,10.0,0.3,16.6,17.0,2.0,176.3,13.5,3.88
2017-12-14,139.0,28.0,0.5,13.7,33.0,1.5,129.3,13.3,2.82
2017-12-15,129.0,41.0,0.8,12.2,54.0,1.2,102.4,13.0,2.17
2017-12-16,133.0,37.0,0.7,12.8,49.0,2.5,218.9,13.1,2.76
2017-12-17,131.0,32.0,0.4,11.5,32.0,2.0,176.2,12.6,2.89
2017-12-18,134.0,38.0,0.6,10.0,49.0,1.3,109.0,12.2,2.26
2017-12-19,134.0,40.0,0.9,9.7,73.0,1.2,103.2,12.0,1.78
2017-12-20,70.0,8.0,0.9,10.4,73.0,1.9,164.7,12.3,1.05
2017-12-21,142.0,26.0,0.5,7.7,48.0,2.2,192.1,11.0,2.34
2017-12-22,127.0,34.0,0.5,6.9,52.0,1.3,109.4,10.1,1.94
2017-12-23,110.0,40.0,0.7,8.5,64.0,1.2,105.4,9.9,1.64
2017-12-24,83.0,26.0,0.9,9.7,75.0,1.4,116.7,10.3,1.29
2017-12-25,99.0,30.0,0.6,11.9,46.0,1.3,113.6,10.4,1.96
2017-12-26,132.0,30.0,0.7,15.0,38.0,1.7,150.2,11.1,2.9
2017-12-27,135.0,34.0,0.7,15.5,37.0,1.9,167.8,11.6,3.03
2017-12-28,135.0,29.0,0.6,15.4,35.0,1.4,124.3,12.0,2.76
2017-12-29,133.0,35.0,0.6,13.2,38.0,1.1,98.7,12.1,2.46
2017-12-30,120.0,30.0,0.8,11.1,58.0,1.1,97.5,11.8,1.93
2017-12-31,103.0,35.0,1.1,11.4,83.0,1.7,143.0,12.1,1.39
2018-01-01,101.0,32.0,1.0,10.9,79.0,1.1,95.8,11.9,1.49
2018-01-02,88.0,26.0,0.9,12.1,65.0,1.2,103.4,12.0,1.59
2018-01-03,49.0,5.0,0.9,14.2,55.0,1.5,126.1,11.8,1.34
2018-01-04,45.0,7.0,1.6,15.5,78.0,1.4,125.1,12.5,0.62
2018-01-05,112.0,44.0,1.5,15.0,91.0,1.6,134.7,13.4,1.49
2018-01-06,79.0,27.0,1.5,14.1,93.0,1.4,120.8,13.8,1.07
2018-01-07,109.0,35.0,1.3,13.8,85.0,1.3,111.4,13.6,1.57
2018-01-08,29.0,-5.0,1.5,15.6,86.0,2.6,221.7,13.9,0.52
2018-01-09,84.0,27.0,1.3,13.1,86.0,2.7,237.0,13.8,1.17
2018-01-10,126.0,43.0,1.1,12.0,80.0,2.0,171.2,13.4,1.78
2018-01-11,135.0,43.0,1.1,15.0,65.0,2.0,171.7,13.1,2.35
2018-01-12,134.0,42.0,1.0,16.0,55.0,2.7,232.0,13.2,2.92
2018-01-13,139.0,40.0,0.9,15.3,54.0,1.2,100.8,13.3,2.4
2018-01-14,119.0,42.0,0.9,15.4,51.0,1.2,101.5,13.5,2.28
2018-01-15,79.0,21.0,1.1,13.4,70.0,1.4,116.7,13.4,1.41
2018-01-16,94.0,32.0,1.3,13.3,85.0,1.6,135.3,13.3,1.37
2018-01-17,118.0,42.0,1.3,12.2,89.0,1.4,120.3,13.3,1.56
2018-01-18,114.0,47.0,1.3,12.8,90.0,1.6,137.1,13.5,1.5
2018-01-19,79.0,23.0,1.0,10.9,76.0,2.2,187.7,13.6,1.42
2018-01-20,145.0,49.0,0.8,9.2,65.0,2.2,192.2,12.1,2.15
2018-01-21,128.0,49.0,0.8,8.4,71.0,1.6,140.6,11.4,1.87
2018-01-22,142.0,51.0,1.0,10.1,80.0,1.7,150.4,11.2,2.0
2018-01-23,151.0,52.0,0.9,12.2,66.0,2.3,195.5,12.0,2.53
2018-01-24,189.0,39.0,1.0,12.3,72.0,1.8,157.2,11.6,1.87
2018-01-25,131.0,45.0,1.0,9.9,80.0,1.8,157.8,11.8,1.77
2018-01-26,150.0,55.0,0.8,10.1,62.0,2.0,172.9,11.1,2.33
2018-01-27,149.0,52.0,0.7,13.3,45.0,4.2,364.7,11.1,3.4
2018-01-28,157.0,50.0,0.7,19.1,78.0,2.7,230.8,11.8,4.27
2018-01-29,124.0,42.0,0.6,20.1,78.0,2.8,237.8,12.9,4.21
2018-01-30,85.0,28.0,0.9,15.5,48.0,1.1,97.2,13.0,1.88
2018-01-31,166.0,51.0,0.7,18.6,31.0,1.6,142.0,12.9,3.65
2018-02-01,159.0,50.0,0.6,20.7,78.0,2.5,217.6,13.8,4.36
2018-02-02,154.0,59.0,0.9,18.1,44.0,1.5,125.9,14.6,3.17
2018-02-03,169.0,61.0,0.9,15.9,51.0,1.4,121.8,14.6,3.22
2018-02-04,169.0,59.0,0.9,15.1,53.0,1.3,112.4,14.5,2.99
2018-02-05,170.0,64.0,0.9,17.6,47.0,1.8,151.5,14.6,3.65
2018-02-06,176.0,63.0,1.0,18.7,44.0,2.6,225.2,15.0,4.28
2018-02-07,177.0,70.0,1.1,12.1,79.0,1.4,120.8,14.8,2.5
2018-02-08,178.0,63.0,0.8,18.9,38.0,2.2,193.4,14.7,4.56
2018-02-09,181.0,64.0,0.8,18.2,39.0,1.9,167.4,15.0,4.12
2018-02-10,173.0,76.0,1.1,12.4,74.0,1.8,153.0,15.0,2.54
2018-02-11,170.0,57.0,0.8,13.0,51.0,2.6,225.6,14.4,3.26
2018-02-12,195.0,79.0,0.9,9.0,74.0,2.2,193.1,13.8,2.44
2018-02-13,76.0,22.0,0.8,10.9,61.0,1.9,163.8,13.2,1.54
2018-02-14,145.0,59.0,0.8,11.1,60.0,1.7,143.5,12.9,2.5
2018-02-15,197.0,69.0,0.6,12.6,43.0,3.3,280.8,12.7,4.01
2018-02-16,195.0,70.0,0.6,14.5,37.0,2.4,208.9,13.1,3.82
2018-02-17,200.0,69.0,0.6,13.7,40.0,2.0,173.8,13.5,3.83
2018-02-18,191.0,80.0,0.8,9.1,73.0,2.6,220.5,13.4,2.51
2018-02-19,203.0,89.0,0.6,5.7,63.0,2.8,244.5,12.8,2.69
2018-02-20,210.0,76.0,0.5,5.8,58.0,2.2,186.5,11.8,2.81
2018-02-21,207.0,81.0,0.6,6.3,60.0,1.8,153.0,11.5,2.74
2018-02-22,188.0,74.0,0.7,7.0,72.0,2.9,254.6,11.2,2.47
2018-02-23,217.0,79.0,0.5,6.2,54.0,2.7,234.5,10.9,3.07
2018-02-24,218.0,79.0,0.5,7.9,51.0,2.3,194.9,10.8,3.12
2018-02-25,217.0,86.0,0.7,10.3,59.0,2.7,232.7,11.1,3.47
2018-02-26,110.0,43.0,0.8,6.6,81.0,1.7,145.8,11.1,1.37
2018-02-27,207.0,105.0,0.7,7.3,66.0,2.0,176.3,10.2,1.9
2018-02-28,237.0,90.0,0.7,7.2,71.0,1.8,151.3,9.9,2.94
2018-03-01,54.0,8.0,1.1,10.5,90.0,4.5,392.5,10.5,0.64
2018-03-02,143.0,63.0,1.1,10.9,83.0,2.5,215.0,10.7,1.82
2018-03-03,228.0,96.0,0.9,9.0,78.0,2.2,188.6,11.0,2.69
2018-03-04,243.0,100.0,0.7,8.3,64.0,2.2,189.7,10.5,3.17
2018-03-05,247.0,102.0,0.6,13.8,41.0,5.3,461.1,10.6,4.89
2018-03-06,248.0,100.0,0.6,13.9,41.0,1.8,152.7,11.4,4.29
2018-03-07,181.0,76.0,0.8,12.0,55.0,1.5,130.6,12.1,2.91
2018-03-08,234.0,109.0,1.0,12.7,65.0,1.7,143.5,12.4,3.58
2018-03-09,170.0,85.0,1.3,12.1,95.0,1.5,133.1,13.4,1.95
2018-03-10,87.0,30.0,1.2,12.0,88.0,1.3,108.6,13.3,1.16
2018-03-11,243.0,111.0,1.3,13.0,84.0,1.5,131.2,12.9,3.32
2018-03-12,132.0,63.0,1.4,14.0,88.0,1.9,167.5,13.2,1.93
2018-03-13,89.0,34.0,1.6,14.5,95.0,2.5,220.0,13.7,1.07
2018-03-14,129.0,57.0,1.1,11.2,86.0,1.7,142.9,13.4,1.66
2018-03-15,265.0,115.0,0.9,10.0,73.0,2.2,188.6,12.7,3.26
2018-03-16,111.0,47.0,1.1,9.6,90.0,2.4,206.8,12.5,1.29
2018-03-17,241.0,108.0,0.9,7.9,80.0,1.8,151.4,11.9,2.82
2018-03-18,215.0,104.0,0.8,9.5,71.0,2.2,187.9,11.5,2.84
2018-03-19,240.0,112.0,0.9,11.6,64.0,1.7,148.3,11.5,3.64
2018-03-20,77.0,19.0,1.0,12.1,73.0,1.6,138.8,11.9,1.17
2018-03-21,30.0,-9.0,1.6,14.6,94.0,3.2,279.4,12.0,0.26
2018-03-22,34.0,-6.0,1.4,13.7,93.0,3.3,284.4,12.7,0.34
2018-03-23,290.0,131.0,0.9,9.8,71.0,2.7,236.0,12.4,3.73
2018-03-24,276.0,128.0,0.9,9.9,76.0,2.4,203.6,12.1,3.37
2018-03-25,291.0,134.0,0.8,8.7,71.0,2.6,222.4,11.8,3.59
2018-03-26,299.0,134.0,0.9,9.9,72.0,2.2,192.6,11.7,3.76
2018-03-27,294.0,135.0,0.9,11.6,66.0,1.9,164.6,11.9,4.28
2018-03-28,292.0,141.0,1.1,12.3,80.0,1.6,137.5,12.4,3.96
2018-03-29,294.0,142.0,1.3,14.4,76.0,1.6,141.3,13.1,4.45
2018-03-30,141.0,144.0,1.3,12.8,90.0,1.4,123.7,14.1,4.0
2018-03-31,248.0,131.0,1.4,12.5,95.0,1.7,146.2,14.0,3.0
2018-04-01,275.0,148.0,1.3,12.3,90.0,1.5,130.5,14.5,3.43
2018-04-02,247.0,135.0,1.2,11.6,90.0,1.9,161.9,14.5,3.0
2018-04-03,274.0,147.0,1.2,12.0,89.0,1.7,146.4,14.4,3.34
2018-04-04,256.0,143.0,1.3,12.5,89.0,1.8,155.5,14.8,3.11
2018-04-05,237.0,128.0,1.1,12.2,81.0,2.0,171.3,14.8,3.18
2018-04-06,166.0,84.0,1.4,14.7,85.0,1.6,135.6,14.7,2.33
2018-04-07,153.0,73.0,1.6,14.6,93.0,2.2,188.0,15.0,1.77
2018-04-08,309.0,154.0,1.1,14.5,69.0,2.4,203.6,14.9,4.45
2018-04-09,300.0,157.0,1.2,19.4,54.0,2.4,203.7,15.3,5.69
2018-04-10,297.0,157.0,1.3,14.0,84.0,1.9,166.1,16.0,3.85
2018-04-11,259.0,141.0,1.3,12.7,86.0,2.5,217.8,16.1,3.32
2018-04-12,312.0,162.0,0.9,11.4,67.0,3.8,330.3,15.4,4.1
2018-04-13,318.0,163.0,0.8,13.7,52.0,3.1,265.5,14.9,5.01
2018-04-14,322.0,165.0,1.0,15.2,58.0,1.6,140.9,15.3,5.11
2018-04-15,297.0,163.0,1.2,12.8,84.0,2.1,181.7,15.9,3.7
2018-04-16,266.0,141.0,1.0,9.6,81.0,2.4,205.0,15.5,3.13
2018-04-17,323.0,162.0,0.8,10.3,67.0,2.4,204.8,14.2,4.24
2018-04-18,282.0,142.0,0.9,11.3,64.0,2.6,225.7,14.0,3.77
2018-04-19,328.0,177.0,1.0,10.5,82.0,2.6,228.7,14.0,3.7
2018-04-20,328.0,176.0,1.1,11.1,86.0,2.1,179.6,14.0,3.94
2018-04-21,327.0,179.0,1.3,14.7,76.0,1.8,154.5,14.8,4.8
2018-04-22,330.0,172.0,1.3,14.3,81.0,1.7,149.0,15.5,4.68
2018-04-23,307.0,178.0,1.3,12.2,92.0,1.8,157.1,16.0,3.78
2018-04-24,296.0,168.0,1.2,11.8,90.0,1.8,159.3,16.4,3.51
2018-04-25,261.0,146.0,1.2,11.7,89.0,1.7,147.2,16.6,3.06
2018-04-26,279.0,164.0,1.2,12.4,81.0,2.2,191.0,16.7,3.43
2018-04-27,340.0,180.0,1.1,12.1,78.0,2.9,254.2,16.5,4.25
2018-04-28,340.0,182.0,1.1,12.4,75.0,3.1,270.4,16.1,4.38
2018-04-29,320.0,172.0,1.1,11.1,80.0,2.9,249.2,15.8,3.95
2018-04-30,328.0,181.0,1.0,11.3,76.0,3.2,277.1,15.6,3.99
2018-05-01,307.0,168.0,1.0,10.9,79.0,2.4,208.8,15.4,3.69
2018-05-02,305.0,166.0,1.1,12.0,76.0,2.1,182.6,15.7,3.93
2018-05-03,337.0,177.0,1.2,11.8,83.0,2.3,202.3,15.8,4.12
2018-05-04,336.0,184.0,1.3,14.4,81.0,1.8,155.2,16.3,4.73
2018-05-05,243.0,138.0,1.3,12.3,90.0,1.9,165.2,16.8,3.0
2018-05-06,287.0,155.0,1.2,12.9,82.0,1.8,158.5,16.8,3.69
2018-05-07,350.0,182.0,1.2,15.7,65.0,2.2,189.9,16.8,5.67
2018-05-08,298.0,169.0,1.3,13.0,86.0,2.0,176.1,17.1,3.85
2018-05-09,347.0,184.0,1.3,13.6,83.0,2.6,227.1,17.3,4.35
2018-05-10,343.0,184.0,1.2,12.0,83.0,2.5,215.7,17.2,4.16
2018-05-11,179.0,90.0,1.2,11.9,84.0,2.4,207.6,16.9,2.36
2018-05-12,265.0,139.0,1.2,14.5,76.0,2.3,194.6,17.0,3.82
2018-05-13,180.0,83.0,1.2,13.5,76.0,2.1,179.0,17.3,2.72
2018-05-14,322.0,177.0,1.1,12.1,78.0,2.1,180.7,17.0,4.27
2018-05-15,339.0,186.0,1.1,13.4,72.0,2.2,189.8,17.2,4.68
2018-05-16,358.0,188.0,1.1,13.2,75.0,2.6,223.1,17.3,4.83
2018-05-17,356.0,189.0,1.2,13.3,77.0,2.8,245.0,17.4,4.69
2018-05-18,295.0,168.0,1.3,13.4,82.0,2.5,212.6,17.6,3.69
2018-05-19,296.0,173.0,1.3,13.3,83.0,2.3,198.8,18.0,3.74
2018-05-20,304.0,173.0,1.2,13.1,79.0,2.4,208.7,18.1,3.84
2018-05-21,168.0,81.0,1.2,12.4,83.0,2.0,175.1,17.8,2.21
2018-05-22,232.0,128.0,1.2,12.9,83.0,2.3,196.9,17.5,3.0
2018-05-23,265.0,141.0,1.2,13.3,80.0,1.7,151.0,17.8,3.59
2018-05-24,90.0,28.0,1.3,13.0,84.0,1.4,119.4,17.8,1.23
2018-05-25,291.0,166.0,1.3,13.8,81.0,2.0,173.2,17.4,3.97
2018-05-26,325.0,183.0,1.2,13.8,77.0,2.9,252.3,17.8,4.2
2018-05-27,343.0,191.0,1.3,13.4,84.0,2.3,199.9,18.1,4.34
2018-05-28,343.0,192.0,1.4,14.5,84.0,1.8,156.9,18.7,4.71
2018-05-29,299.0,170.0,1.4,14.1,87.0,1.9,160.2,19.4,4.02
2018-05-30,170.0,88.0,1.3,13.2,83.0,2.5,211.9,19.4,2.35
2018-05-31,366.0,195.0,1.1,12.3,74.0,2.5,215.5,18.7,4.7
2018-06-01,370.0,193.0,1.1,14.0,67.0,2.1,178.6,18.7,5.65
2018-06-02,366.0,191.0,1.2,18.7,56.0,1.9,166.2,19.2,6.12
2018-06-03,366.0,197.0,1.3,15.3,77.0,1.9,163.0,19.8,5.41
2018-06-04,359.0,199.0,1.3,14.5,79.0,2.2,192.9,20.1,5.01
2018-06-05,366.0,201.0,1.2,13.4,78.0,2.3,198.9,19.7,4.83
2018-06-06,288.0,168.0,1.2,13.5,79.0,2.4,204.1,19.6,3.78
2018-06-07,365.0,197.0,1.2,13.8,78.0,2.4,203.5,19.4,4.84
2018-06-08,373.0,196.0,1.2,15.0,68.0,2.4,206.1,19.4,5.66
2018-06-09,349.0,194.0,1.2,13.8,77.0,2.3,196.0,19.4,4.71
2018-06-10,368.0,190.0,0.9,15.6,53.0,2.8,238.1,19.3,5.88
2018-06-11,368.0,192.0,1.0,15.8,58.0,2.5,215.9,19.3,5.83
2018-06-12,368.0,195.0,1.3,15.9,69.0,1.9,164.2,19.6,5.86
2018-06-13,367.0,195.0,1.2,15.5,71.0,1.7,150.6,20.1,5.64
2018-06-14,356.0,198.0,1.3,13.9,81.0,2.1,180.7,20.4,4.76
2018-06-15,300.0,172.0,1.3,13.7,81.0,2.2,188.8,20.5,3.96
2018-06-16,141.0,65.0,1.3,14.1,79.0,2.2,187.3,20.2,2.26
2018-06-17,273.0,144.0,1.2,14.5,72.0,2.1,178.2,19.7,4.06
2018-06-18,363.0,199.0,1.3,14.2,77.0,2.6,223.9,19.8,5.02
2018-06-19,348.0,196.0,1.4,14.2,84.0,2.4,210.0,20.0,4.47
2018-06-20,356.0,199.0,1.3,14.0,81.0,2.3,199.2,20.2,4.75
2018-06-21,360.0,200.0,1.3,14.1,78.0,1.9,166.2,20.5,5.12
2018-06-22,376.0,201.0,1.3,14.4,77.0,2.0,170.9,20.8,5.34
2018-06-23,368.0,199.0,1.4,16.2,78.0,2.7,234.0,21.1,5.34
2018-06-24,165.0,77.0,1.6,16.8,83.0,2.0,169.9,21.4,2.55
2018-06-25,146.0,71.0,1.5,15.3,86.0,2.3,194.4,21.0,2.03
2018-06-26,334.0,187.0,1.4,15.0,83.0,2.0,170.7,20.7,4.6
2018-06-27,301.0,170.0,1.3,14.2,83.0,2.1,183.8,21.2,3.94
2018-06-28,343.0,192.0,1.3,14.7,79.0,2.3,197.9,21.4,4.63
2018-06-29,346.0,194.0,1.3,14.7,77.0,1.9,162.6,21.4,4.92
2018-06-30,352.0,194.0,1.5,16.4,78.0,2.4,209.1,21.6,5.14
2018-07-01,356.0,199.0,1.5,16.4,80.0,2.0,173.4,21.9,5.07
2018-07-02,291.0,168.0,1.5,15.7,84.0,1.9,164.5,22.1,4.09
2018-07-03,196.0,112.0,1.5,16.2,83.0,2.0,169.4,22.2,2.9
2018-07-04,289.0,161.0,1.5,16.8,77.0,2.0,176.9,21.9,4.3
2018-07-05,263.0,155.0,1.5,16.1,80.0,1.9,166.5,21.9,3.99
2018-07-06,356.0,195.0,1.4,13.3,78.0,2.2,193.2,22.1,5.31
2018-07-07,341.0,191.0,1.3,13.3,78.0,2.3,197.9,23.0,5.37
2018-07-08,351.0,191.0,1.3,21.3,78.0,2.0,172.4,23.3,5.66
2018-07-09,338.0,183.0,1.1,13.3,78.0,2.0,173.5,23.6,5.13
2018-07-10,330.0,181.0,1.3,21.0,78.0,2.0,174.3,23.7,5.96
2018-07-11,352.0,195.0,1.4,15.9,77.0,1.8,157.1,23.5,5.15
2018-07-12,287.0,158.0,1.5,17.5,74.0,1.8,159.2,23.4,4.65
2018-07-13,334.0,193.0,1.5,16.5,82.0,2.0,175.7,23.2,4.83
2018-07-14,313.0,179.0,1.6,16.0,86.0,2.5,216.0,23.2,4.24
2018-07-15,329.0,188.0,1.5,15.8,83.0,2.4,204.9,23.0,4.48
2018-07-16,316.0,177.0,1.5,16.1,81.0,2.1,183.3,22.8,4.45
2018-07-17,324.0,184.0,1.5,15.8,82.0,2.0,174.4,22.9,4.57
2018-07-18,336.0,194.0,1.5,16.9,77.0,2.1,179.0,23.0,5.13
2018-07-19,298.0,169.0,1.6,18.6,73.0,1.8,153.2,23.2,5.04
2018-07-20,328.0,189.0,1.7,18.9,76.0,1.9,162.3,23.3,5.29
2018-07-21,317.0,182.0,1.7,18.4,81.0,2.1,184.1,23.6,4.86
2018-07-22,325.0,187.0,1.6,17.3,83.0,2.1,181.5,23.7,4.66
2018-07-23,269.0,152.0,1.6,16.8,83.0,2.4,207.2,23.5,4.02
2018-07-24,344.0,192.0,1.5,16.8,78.0,2.4,203.6,22.9,5.09
2018-07-25,355.0,181.0,1.4,18.0,68.0,2.1,184.5,22.9,5.62
2018-07-26,338.0,191.0,1.4,15.2,81.0,2.1,185.1,23.0,4.75
2018-07-27,326.0,184.0,1.4,15.0,82.0,2.0,171.2,23.1,4.7
2018-07-28,309.0,174.0,1.4,14.8,82.0,1.8,159.4,23.1,4.42
2018-07-29,322.0,184.0,1.4,16.8,75.0,1.9,164.4,23.1,5.17
2018-07-30,329.0,188.0,1.4,16.2,76.0,1.7,148.3,23.1,5.22
2018-07-31,325.0,183.0,1.4,17.4,70.0,1.8,156.7,23.1,5.34
2018-08-01,322.0,182.0,1.4,16.8,73.0,1.9,161.4,23.2,5.18
2018-08-02,332.0,182.0,1.4,15.9,78.0,1.8,159.7,23.3,4.83
2018-08-03,336.0,187.0,1.4,15.5,80.0,2.1,177.8,23.3,4.93
2018-08-04,342.0,184.0,1.3,18.1,64.0,1.7,150.1,23.3,5.5
2018-08-05,350.0,184.0,1.3,16.5,69.0,2.0,175.7,23.3,5.6
2018-08-06,341.0,181.0,1.2,20.1,78.0,2.0,174.9,23.1,4.9
2018-08-07,335.0,179.0,1.3,17.2,65.0,2.3,198.5,23.3,5.29
2018-08-08,323.0,177.0,1.4,18.2,65.0,1.7,144.6,23.1,5.2
2018-08-09,320.0,176.0,1.3,18.1,63.0,1.4,122.8,23.2,5.46
2018-08-10,306.0,166.0,1.3,19.1,60.0,1.5,128.0,23.3,5.19
2018-08-11,308.0,173.0,1.3,18.4,64.0,1.6,138.0,23.4,5.52
2018-08-12,311.0,177.0,1.6,18.4,73.0,1.9,160.9,23.4,5.11
2018-08-13,288.0,164.0,1.6,16.7,83.0,1.7,150.2,23.6,4.28
2018-08-14,288.0,163.0,1.6,16.9,82.0,1.9,163.5,23.6,4.29
2018-08-15,304.0,171.0,1.6,17.8,79.0,2.1,180.4,23.7,4.64
2018-08-16,304.0,170.0,1.6,18.5,76.0,1.8,154.8,23.8,4.89
2018-08-17,308.0,172.0,1.6,18.1,76.0,1.7,143.5,23.9,4.9
2018-08-18,305.0,170.0,1.6,17.4,81.0,1.8,156.6,23.9,4.52
2018-08-19,294.0,163.0,1.6,16.8,82.0,2.0,170.5,24.0,4.33
2018-08-20,261.0,140.0,1.5,16.5,81.0,1.9,164.4,23.9,3.82
2018-08-21,258.0,140.0,1.5,17.0,79.0,1.8,153.8,23.8,3.8
2018-08-22,253.0,137.0,1.5,17.3,76.0,2.0,170.3,23.8,3.9
2018-08-23,292.0,162.0,1.5,17.2,76.0,2.0,171.1,23.7,4.4
2018-08-24,290.0,163.0,1.5,16.8,78.0,2.1,180.7,23.6,4.18
2018-08-25,268.0,152.0,1.5,16.7,79.0,2.1,179.3,23.4,3.87
2018-08-26,258.0,138.0,1.4,16.1,78.0,2.0,170.1,23.3,3.67
2018-08-27,140.0,65.0,1.4,16.1,78.0,2.0,176.3,23.1,2.21
2018-08-28,202.0,103.0,1.5,16.6,79.0,2.0,170.2,22.6,2.98
2018-08-29,287.0,153.0,1.4,16.7,76.0,2.4,211.4,22.4,4.49
2018-08-30,294.0,159.0,1.5,17.0,76.0,2.3,201.6,22.3,4.63
2018-08-31,304.0,162.0,1.5,17.4,77.0,2.3,198.6,22.4,4.73
2018-09-01,290.0,160.0,1.4,15.6,82.0,2.5,215.6,22.3,4.06
2018-09-02,267.0,148.0,1.5,16.4,81.0,2.1,185.5,22.3,3.88
2018-09-03,253.0,140.0,1.6,17.1,83.0,1.9,162.6,22.6,3.71
2018-09-04,241.0,133.0,1.6,16.3,85.0,1.7,148.2,22.8,3.35
2018-09-05,230.0,128.0,1.6,16.8,83.0,1.9,160.4,22.9,3.31
2018-09-06,256.0,141.0,1.6,16.8,82.0,1.8,157.7,22.9,3.72
2018-09-07,277.0,150.0,1.6,17.1,81.0,1.9,164.3,23.0,4.27
2018-09-08,296.0,145.0,1.4,17.3,73.0,1.9,165.5,22.9,4.91
2018-09-09,290.0,147.0,1.4,15.5,79.0,1.8,152.4,22.6,4.33
2018-09-10,283.0,147.0,1.3,14.6,79.0,1.5,133.4,22.4,4.23
2018-09-11,289.0,141.0,1.3,15.6,75.0,1.7,145.5,22.2,4.54
2018-09-12,289.0,140.0,1.3,14.9,76.0,1.9,162.5,22.0,4.34
2018-09-13,287.0,137.0,1.2,14.6,71.0,2.2,193.1,21.7,4.51
2018-09-14,281.0,136.0,1.2,14.4,75.0,1.9,160.3,21.3,4.29
2018-09-15,282.0,136.0,1.3,14.3,77.0,2.1,181.4,21.2,4.17
2018-09-16,282.0,133.0,1.2,16.0,66.0,1.9,165.2,21.0,4.73
2018-09-17,272.0,136.0,1.3,13.4,82.0,1.8,159.3,21.1,3.87
2018-09-18,383.0,135.0,1.3,15.6,75.0,2.8,238.5,20.6,3.62
2018-09-19,266.0,136.0,1.3,14.1,79.0,2.1,181.4,20.8,3.76
2018-09-20,272.0,121.0,1.1,20.3,47.0,1.8,159.2,20.8,5.6
2018-09-21,261.0,132.0,1.5,16.7,80.0,2.2,190.5,21.3,3.89
2018-09-22,229.0,114.0,1.4,14.5,86.0,1.7,150.7,21.6,3.15
2018-09-23,252.0,128.0,1.3,14.4,81.0,1.7,148.9,21.6,3.72
2018-09-24,242.0,122.0,1.3,13.9,84.0,1.9,162.6,21.6,3.29
2018-09-25,239.0,121.0,1.3,14.2,82.0,1.6,137.5,21.5,3.3
2018-09-26,225.0,116.0,1.4,14.3,85.0,1.6,137.3,21.4,3.11
2018-09-27,217.0,111.0,1.4,14.4,87.0,1.5,133.2,21.4,2.94
2018-09-28,199.0,97.0,1.4,14.5,85.0,1.5,129.0,21.5,2.68
2018-09-29,220.0,108.0,1.3,15.7,73.0,1.7,146.0,21.4,3.49
2018-09-30,230.0,113.0,1.3,15.0,78.0,1.5,130.7,21.1,3.59
2018-10-01,239.0,118.0,1.3,15.4,75.0,1.5,125.5,21.0,3.81
2018-10-02,221.0,110.0,1.5,17.5,73.0,1.5,128.4,20.9,3.6
2018-10-03,88.0,30.0,1.8,18.5,86.0,1.9,168.4,21.1,1.31
2018-10-04,189.0,97.0,1.8,18.0,86.0,1.7,148.7,20.6,2.83
2018-10-05,234.0,115.0,1.5,16.7,81.0,1.8,157.2,20.6,3.55
2018-10-06,222.0,110.0,1.4,15.6,77.0,2.1,185.2,20.3,3.35
2018-10-07,238.0,108.0,1.2,15.9,65.0,1.9,166.4,19.7,4.15
2018-10-08,229.0,106.0,1.2,16.1,66.0,1.8,155.3,19.5,3.75
2018-10-09,169.0,82.0,1.4,15.7,81.0,1.5,132.4,19.4,2.57
2018-10-10,90.0,29.0,1.4,16.1,76.0,1.8,156.7,19.6,1.56
2018-10-11,114.0,48.0,1.3,15.3,75.0,1.4,124.8,19.2,1.98
2018-10-12,123.0,50.0,1.2,18.2,57.0,2.2,193.4,18.9,3.21
2018-10-13,217.0,103.0,1.5,17.5,74.0,1.9,168.4,18.8,3.44
2018-10-14,204.0,100.0,1.4,15.4,78.0,1.7,147.5,19.4,3.02
2018-10-15,215.0,101.0,1.2,14.5,75.0,1.6,139.8,19.2,3.47
2018-10-16,220.0,94.0,1.1,15.4,61.0,1.8,158.5,18.9,3.87
2018-10-17,208.0,98.0,1.3,14.2,80.0,1.5,131.2,18.8,3.2
2018-10-18,212.0,94.0,1.3,14.2,77.0,1.7,145.7,18.9,3.36
2018-10-19,208.0,83.0,1.0,18.2,46.0,1.6,140.7,18.8,4.45
2018-10-20,207.0,84.0,1.0,16.8,53.0,1.5,130.2,18.9,3.91
2018-10-21,202.0,89.0,1.3,14.2,83.0,1.8,157.6,18.7,2.92
2018-10-22,184.0,84.0,1.4,14.5,84.0,1.9,166.0,18.8,2.56
2018-10-23,188.0,87.0,1.3,13.4,82.0,1.9,164.2,18.6,2.79
2018-10-24,194.0,82.0,1.2,15.1,70.0,1.7,150.2,18.1,3.38
2018-10-25,199.0,81.0,1.2,16.3,65.0,1.9,165.9,18.1,3.75
2018-10-26,200.0,76.0,1.1,19.5,47.0,1.8,156.7,18.3,4.35
2018-10-27,194.0,79.0,1.3,15.6,73.0,1.5,132.2,18.5,3.3
2018-10-28,188.0,81.0,1.4,16.4,76.0,1.7,144.1,18.5,3.22
2018-10-29,178.0,75.0,1.1,18.7,49.0,2.2,186.1,18.5,3.85
2018-10-30,195.0,69.0,0.9,17.0,45.0,2.9,246.8,18.4,4.16
2018-10-31,184.0,67.0,0.8,18.0,37.0,2.0,169.3,18.2,4.04
2018-11-01,156.0,47.0,0.7,20.9,28.0,2.3,195.6,18.3,4.43
2018-11-02,182.0,69.0,1.0,18.4,47.0,1.6,142.5,18.4,3.65
2018-11-03,182.0,62.0,1.0,22.4,36.0,2.1,179.9,18.6,4.39
2018-11-04,173.0,70.0,1.0,17.5,51.0,1.9,166.8,18.9,3.46
2018-11-05,174.0,71.0,1.2,14.7,70.0,1.6,135.6,18.5,3.07
2018-11-06,181.0,60.0,0.8,15.5,47.0,1.9,160.0,18.2,3.43
2018-11-07,179.0,57.0,0.8,14.3,48.0,1.8,151.4,17.7,3.57
2018-11-08,181.0,45.0,0.4,19.3,19.0,3.3,282.4,17.4,5.39
2018-11-09,183.0,35.0,0.3,19.4,12.0,3.7,323.9,17.5,6.18
2018-11-10,133.0,44.0,0.6,11.9,44.0,1.3,110.2,17.1,2.46
2018-11-11,156.0,59.0,0.7,11.1,54.0,1.5,125.3,16.3,2.84
2018-11-12,170.0,44.0,0.4,11.9,32.0,1.5,131.7,15.7,3.39
2018-11-13,132.0,44.0,0.6,13.4,37.0,1.5,128.8,15.4,2.7
2018-11-14,167.0,36.0,0.5,17.3,24.0,2.0,175.7,15.5,4.14
2018-11-15,145.0,41.0,0.6,13.7,35.0,1.4,116.7,15.6,2.84
2018-11-16,161.0,59.0,0.8,13.0,52.0,1.4,117.2,15.5,2.85
2018-11-17,137.0,51.0,1.1,11.9,82.0,1.4,116.9,15.6,1.89
2018-11-18,140.0,52.0,1.2,12.7,80.0,1.4,120.9,15.7,2.04
2018-11-19,92.0,27.0,1.1,12.2,76.0,1.1,96.9,15.5,1.51
2018-11-20,153.0,51.0,1.1,13.5,68.0,1.5,125.7,15.3,2.55
2018-11-21,48.0,0.0,1.4,15.3,77.0,2.6,222.4,15.4,1.25
2018-11-22,152.0,47.0,1.3,13.3,87.0,1.6,141.3,15.4,1.99
2018-11-23,49.0,7.0,1.4,12.9,96.0,1.5,131.6,14.9,0.59
2018-11-24,99.0,33.0,1.6,15.3,92.0,1.7,146.1,15.1,1.33
2018-11-25,146.0,49.0,1.3,15.9,73.0,2.2,189.7,15.2,2.42
2018-11-26,144.0,48.0,1.2,14.2,77.0,1.3,116.1,15.1,2.24
2018-11-27,97.0,31.0,1.4,13.4,90.0,1.5,128.6,15.1,1.31
2018-11-28,40.0,1.0,1.5,14.2,94.0,2.0,170.0,14.9,0.52
2018-11-29,80.0,27.0,1.4,14.3,85.0,4.7,406.2,14.6,1.31
2018-11-30,140.0,43.0,1.1,11.1,80.0,2.1,183.6,14.0,1.95
2018-12-01,96.0,29.0,1.0,9.7,81.0,1.8,158.6,13.1,1.32
2018-12-02,145.0,43.0,0.8,9.8,65.0,1.9,165.3,12.2,2.12
2018-12-03,143.0,43.0,0.7,11.6,55.0,1.6,136.4,12.1,2.27
2018-12-04,39.0,3.0,0.8,12.9,55.0,2.4,209.4,12.1,1.32
2018-12-05,61.0,18.0,1.2,13.6,76.0,1.9,161.7,12.1,1.13
2018-12-06,74.0,22.0,1.1,12.4,79.0,1.6,136.9,12.6,1.22
2018-12-07,137.0,45.0,1.0,13.6,64.0,2.1,183.8,12.4,2.29
2018-12-08,143.0,41.0,1.0,12.8,67.0,1.3,115.8,12.5,2.18
2018-12-09,104.0,41.0,1.1,10.8,84.0,1.1,92.3,12.3,1.45
2018-12-10,94.0,28.0,0.9,11.4,70.0,1.7,147.1,12.2,1.56
2018-12-11,137.0,40.0,0.9,12.4,62.0,2.7,229.1,12.0,2.31
2018-12-12,134.0,42.0,0.9,13.4,58.0,2.8,242.4,11.9,2.47
2018-12-13,138.0,38.0,0.9,12.7,58.0,1.4,118.3,11.8,2.23
2018-12-14,65.0,14.0,1.2,12.2,82.0,1.7,149.6,12.0,1.07
2018-12-15,133.0,42.0,1.1,9.7,88.0,1.1,96.7,11.7,1.67
2018-12-16,112.0,38.0,1.2,11.5,88.0,1.5,127.4,11.6,1.39
2018-12-17,126.0,44.0,1.3,13.0,84.0,1.8,154.8,12.2,1.68
2018-12-18,133.0,39.0,1.0,13.1,64.0,2.2,187.0,12.2,2.25
2018-12-19,138.0,39.0,1.0,15.5,56.0,2.5,214.8,12.1,2.86
2018-12-20,112.0,38.0,1.1,11.6,84.0,1.4,118.7,12.0,1.5
2018-12-21,128.0,48.0,1.3,13.4,86.0,1.6,138.0,12.2,1.76
2018-12-22,134.0,41.0,1.1,13.7,70.0,1.6,142.0,12.5,2.03
2018-12-23,91.0,27.0,1.0,12.2,72.0,1.5,126.7,12.3,1.5
2018-12-24,121.0,45.0,1.2,12.9,80.0,2.6,221.4,12.0,1.62
2018-12-25,111.0,32.0,1.0,11.0,77.0,1.8,159.1,12.2,1.56
2018-12-26,138.0,37.0,0.8,10.0,65.0,2.1,180.6,11.5,2.05
2018-12-27,133.0,41.0,0.8,10.1,61.0,2.3,199.2,11.0,2.14
2018-12-28,141.0,30.0,0.5,9.4,40.0,2.7,234.1,10.4,2.64
2018-12-29,140.0,34.0,0.6,9.3,48.0,1.8,151.5,9.9,2.21
2018-12-30,139.0,38.0,0.7,9.0,58.0,1.8,156.4,9.8,2.2
2018-12-31,99.0,26.0,0.7,8.5,65.0,2.2,192.3,9.6,1.69
2019-01-01,144.0,32.0,0.5,8.2,45.0,2.3,202.1,9.3,2.53
2019-01-02,142.0,33.0,0.6,6.2,60.0,1.4,117.2,8.9,1.92
2019-01-03,143.0,35.0,0.7,6.9,67.0,1.2,102.1,8.8,1.9
2019-01-04,143.0,37.0,0.7,7.5,72.0,1.4,121.9,8.8,1.9
2019-01-05,16.0,-14.0,1.0,10.0,85.0,2.6,221.9,9.0,0.29
2019-01-06,62.0,11.0,1.2,11.5,88.0,3.0,257.9,9.2,0.87
2019-01-07,121.0,45.0,1.4,13.8,88.0,1.7,149.1,10.1,1.58
2019-01-08,83.0,25.0,1.3,13.7,82.0,2.2,193.7,10.8,1.34
2019-01-09,29.0,-7.0,1.3,12.7,88.0,2.3,201.9,11.2,0.4
2019-01-10,143.0,45.0,1.2,10.9,88.0,1.4,122.0,11.0,1.79
2019-01-11,97.0,27.0,1.2,12.7,78.0,2.5,218.7,11.2,1.65
2019-01-12,113.0,21.0,1.1,11.4,82.0,1.8,156.0,11.2,1.49
2019-01-13,74.0,18.0,1.0,10.7,77.0,2.0,168.5,11.0,1.28
2019-01-14,53.0,10.0,1.1,12.1,75.0,2.3,200.5,10.8,1.01
2019-01-15,43.0,3.0,1.2,12.5,81.0,4.5,385.1,10.7,0.87
2019-01-16,59.0,6.0,1.4,14.6,84.0,4.1,353.6,10.8,1.06
2019-01-17,53.0,10.0,1.5,14.6,89.0,1.9,167.9,11.7,0.78
2019-01-18,137.0,53.0,1.2,12.6,80.0,1.3,109.6,11.9,1.9
2019-01-19,148.0,49.0,1.1,15.7,60.0,1.5,127.1,11.9,2.52
2019-01-20,57.0,13.0,1.3,12.5,92.0,2.2,193.6,12.0,0.77
2019-01-21,150.0,46.0,0.9,9.3,73.0,2.0,169.9,11.6,1.97
2019-01-22,165.0,44.0,0.7,10.4,58.0,2.1,183.2,11.1,2.48
2019-01-23,165.0,42.0,0.7,11.7,49.0,2.2,189.9,10.7,2.87
2019-01-24,168.0,41.0,0.8,14.8,46.0,2.5,214.3,10.8,3.43
2019-01-25,171.0,46.0,0.9,13.6,57.0,1.5,133.7,11.0,2.8
2019-01-26,150.0,53.0,0.8,13.5,51.0,1.1,91.2,11.2,2.46
2019-01-27,170.0,52.0,0.9,12.4,65.0,1.3,112.1,11.3,2.51
2019-01-28,128.0,56.0,1.2,12.8,78.0,1.4,121.3,11.4,1.92
2019-01-29,68.0,21.0,1.3,12.3,93.0,1.6,138.6,11.8,0.89
2019-01-30,0.0,66.0,1.3,11.9,92.0,1.5,128.0,12.2,1.83
2019-01-31,124.0,38.0,1.3,12.5,87.0,1.7,144.1,12.2,1.52
2019-02-01,62.0,15.0,1.2,11.8,84.0,3.0,261.0,12.1,1.08
2019-02-02,101.0,40.0,1.2,12.9,80.0,4.9,427.2,11.5,1.65
2019-02-03,79.0,26.0,1.2,12.2,88.0,3.3,281.6,11.5,1.05
2019-02-04,108.0,45.0,1.1,10.6,83.0,3.3,283.7,11.3,1.45
2019-02-05,123.0,44.0,0.7,6.4,78.0,2.4,205.5,10.8,1.45
2019-02-06,178.0,66.0,0.7,6.3,69.0,1.7,149.4,9.9,2.2
2019-02-07,189.0,62.0,0.6,7.4,62.0,1.6,135.6,9.6,2.47
2019-02-08,143.0,53.0,0.8,7.5,79.0,2.1,179.0,9.4,1.89
2019-02-09,188.0,76.0,0.9,9.4,80.0,1.9,165.5,9.6,2.18
2019-02-10,156.0,53.0,0.8,8.3,77.0,3.4,292.8,9.9,1.82
2019-02-11,203.0,69.0,0.6,7.2,63.0,1.9,166.7,9.5,2.65
2019-02-12,115.0,41.0,0.8,8.5,69.0,1.5,125.6,9.2,1.71
2019-02-13,45.0,4.0,1.1,13.2,74.0,5.1,443.6,9.4,1.24
2019-02-14,92.0,32.0,1.3,13.6,84.0,4.0,347.9,10.3,1.39
2019-02-15,136.0,63.0,1.0,9.5,86.0,2.4,204.6,10.5,1.65
2019-02-16,180.0,68.0,0.9,8.2,80.0,2.3,195.2,10.2,2.17
2019-02-17,164.0,60.0,0.8,6.6,80.0,2.9,246.9,9.9,1.87
2019-02-18,214.0,71.0,0.6,6.6,65.0,2.5,219.8,9.3,2.68
2019-02-19,216.0,79.0,0.6,5.9,62.0,1.8,152.8,9.0,2.76
2019-02-20,142.0,60.0,0.8,6.3,81.0,2.4,209.3,8.8,1.71
2019-02-21,199.0,67.0,0.7,6.1,70.0,2.1,177.3,8.7,2.48
2019-02-22,226.0,79.0,0.5,6.2,56.0,1.9,161.3,8.5,3.03
2019-02-23,219.0,88.0,0.6,7.3,63.0,1.5,132.4,8.5,2.89
2019-02-24,218.0,92.0,0.8,8.2,76.0,1.5,131.4,8.8,2.75
2019-02-25,205.0,92.0,1.0,9.0,84.0,1.6,134.6,9.3,2.4
2019-02-26,144.0,67.0,1.0,10.4,81.0,2.1,178.7,9.6,1.98
2019-02-27,78.0,28.0,1.3,12.4,89.0,2.9,250.0,10.0,1.0
2019-02-28,217.0,96.0,1.3,12.7,88.0,1.7,145.8,10.7,2.64
2019-03-01,76.0,21.0,1.2,11.4,89.0,1.3,116.4,11.1,0.99
2019-03-02,77.0,25.0,1.5,13.8,92.0,3.1,268.3,11.3,0.99
2019-03-03,129.0,60.0,1.3,12.2,92.0,2.3,196.8,11.6,1.48
2019-03-04,186.0,91.0,1.1,11.7,81.0,1.7,150.0,11.7,2.37
2019-03-05,22.0,-15.0,1.2,11.4,89.0,2.7,234.3,11.7,0.2
2019-03-06,63.0,14.0,1.2,12.4,86.0,3.4,296.2,11.2,0.94
2019-03-07,109.0,44.0,1.1,10.2,87.0,1.5,130.1,11.2,1.42
2019-03-08,221.0,92.0,0.9,8.2,81.0,2.0,172.5,11.0,2.51
2019-03-09,160.0,62.0,0.9,7.9,81.0,1.5,132.9,10.6,2.02
2019-03-10,237.0,111.0,0.9,8.7,79.0,1.7,143.3,10.5,2.89
2019-03-11,258.0,109.0,0.9,11.4,68.0,2.1,182.7,10.7,3.64
2019-03-12,247.0,111.0,0.9,9.8,78.0,2.6,223.9,10.9,2.98
2019-03-13,266.0,115.0,0.7,9.7,60.0,2.1,180.0,10.7,3.71
2019-03-14,266.0,112.0,0.7,11.9,48.0,2.5,217.1,10.9,4.43
2019-03-15,265.0,111.0,0.7,13.4,47.0,2.4,206.9,11.3,4.67
2019-03-16,272.0,119.0,0.8,12.9,56.0,1.7,149.0,11.7,4.39
2019-03-17,269.0,118.0,1.0,15.0,56.0,1.5,129.1,12.1,4.54
2019-03-18,267.0,125.0,1.1,12.1,79.0,1.5,129.2,12.7,3.56
2019-03-19,166.0,85.0,1.0,12.6,68.0,2.2,186.5,12.8,2.93
2019-03-20,186.0,90.0,1.2,11.6,86.0,2.2,186.9,12.7,2.25
2019-03-21,181.0,93.0,1.0,10.5,82.0,1.8,153.2,12.7,2.42
2019-03-22,230.0,121.0,1.1,11.1,82.0,1.7,144.2,12.4,2.94
2019-03-23,147.0,72.0,1.2,11.7,88.0,2.0,176.4,12.6,1.86
2019-03-24,278.0,131.0,1.0,11.7,74.0,1.9,160.3,12.4,3.77
2019-03-25,281.0,134.0,1.0,11.2,74.0,1.5,132.5,12.6,3.74
2019-03-26,255.0,129.0,1.3,13.1,87.0,1.7,143.4,13.1,3.28
2019-03-27,189.0,102.0,1.4,14.9,83.0,2.0,169.1,13.8,2.65
2019-03-28,291.0,140.0,1.1,11.8,79.0,2.1,182.2,13.9,3.77
2019-03-29,284.0,137.0,1.0,11.8,73.0,2.4,204.8,13.4,3.86
2019-03-30,292.0,139.0,1.0,14.7,57.0,2.5,213.9,13.4,4.66
2019-03-31,289.0,141.0,1.0,16.7,55.0,2.6,227.7,13.9,5.18
2019-04-01,220.0,118.0,1.2,16.5,66.0,1.9,164.8,14.4,3.79
2019-04-02,224.0,124.0,1.2,13.3,81.0,2.0,171.8,14.7,3.05
2019-04-03,192.0,90.0,1.2,12.1,86.0,1.5,129.9,14.5,2.49
2019-04-04,123.0,53.0,1.2,13.1,81.0,1.5,125.5,14.4,1.89
2019-04-05,179.0,72.0,1.2,11.9,84.0,1.4,124.8,14.1,2.41
2019-04-06,294.0,150.0,1.3,14.0,82.0,1.9,167.8,14.3,3.92
2019-04-07,258.0,141.0,1.5,15.6,84.0,1.7,150.8,15.1,3.8
2019-04-08,244.0,138.0,1.5,15.6,87.0,1.8,157.5,15.7,3.34
2019-04-09,315.0,158.0,1.2,13.9,75.0,3.6,313.1,15.8,4.14
2019-04-10,315.0,158.0,1.0,11.7,72.0,2.3,198.6,15.3,4.24
2019-04-11,270.0,143.0,1.0,10.9,78.0,2.1,179.5,15.1,3.58
2019-04-12,314.0,166.0,1.1,11.3,79.0,2.3,202.7,15.0,3.81
2019-04-13,312.0,161.0,1.1,12.9,76.0,1.6,139.8,15.2,4.49
2019-04-14,317.0,168.0,1.2,12.0,83.0,1.7,147.4,15.6,4.07
2019-04-15,278.0,159.0,1.2,12.1,82.0,2.4,206.5,16.1,3.47
2019-04-16,261.0,140.0,1.2,11.9,86.0,2.1,184.5,16.1,3.13
2019-04-17,322.0,168.0,1.1,14.2,68.0,2.3,195.5,15.8,5.06
2019-04-18,315.0,165.0,1.2,16.2,67.0,1.7,150.5,16.3,5.05
2019-04-19,239.0,136.0,1.3,12.2,91.0,1.8,159.0,16.8,2.87
2019-04-20,153.0,69.0,1.2,11.9,87.0,2.2,188.5,16.5,2.0
2019-04-21,330.0,176.0,1.1,10.8,83.0,2.2,191.8,15.9,3.94
2019-04-22,321.0,178.0,1.2,11.4,88.0,1.8,157.5,16.2,3.92
2019-04-23,330.0,175.0,1.2,16.0,68.0,1.6,141.3,16.6,5.44
2019-04-24,325.0,173.0,1.4,15.5,78.0,1.9,160.7,17.2,4.87
2019-04-25,286.0,161.0,1.5,14.1,90.0,1.7,144.7,17.7,3.69
2019-04-26,232.0,134.0,1.4,13.4,92.0,1.7,145.0,17.9,2.84
2019-04-27,164.0,85.0,1.3,12.9,88.0,1.7,150.9,17.6,2.08
2019-04-28,84.0,28.0,1.3,12.5,89.0,1.5,128.5,17.0,0.97
2019-04-29,119.0,52.0,1.3,13.3,86.0,1.6,139.0,16.3,1.63
2019-04-30,210.0,101.0,1.2,13.3,78.0,2.0,177.0,16.1,2.98
2019-05-01,335.0,177.0,1.2,13.0,81.0,2.1,177.4,16.2,4.37
2019-05-02,341.0,179.0,1.2,13.9,73.0,2.0,174.6,16.6,5.06
2019-05-03,336.0,179.0,1.3,12.8,85.0,1.8,156.3,17.0,4.35
2019-05-04,302.0,173.0,1.2,12.7,83.0,1.9,164.6,17.5,3.78
2019-05-05,260.0,144.0,1.1,12.6,74.0,2.0,173.7,17.7,3.4
2019-05-06,156.0,77.0,1.3,13.2,83.0,1.8,156.6,17.3,2.13
2019-05-07,252.0,135.0,1.3,14.1,78.0,2.0,175.4,16.8,3.41
2019-05-08,266.0,153.0,1.3,14.1,80.0,2.1,177.3,17.0,3.44
2019-05-09,107.0,40.0,1.4,14.3,84.0,1.4,117.2,17.3,1.52
2019-05-10,169.0,72.0,1.3,14.5,81.0,1.3,115.7,16.9,2.44
2019-05-11,343.0,183.0,1.3,15.1,78.0,2.2,186.1,17.0,4.92
2019-05-12,333.0,186.0,1.4,14.5,83.0,2.2,187.6,17.8,4.25
2019-05-13,335.0,190.0,1.4,14.6,82.0,2.2,186.6,18.3,4.37
2019-05-14,315.0,181.0,1.3,14.4,80.0,2.0,171.4,18.6,4.12
2019-05-15,171.0,85.0,1.4,15.3,79.0,2.6,226.5,18.6,2.77
2019-05-16,275.0,152.0,1.2,13.2,80.0,3.1,270.3,17.8,3.64
2019-05-17,350.0,188.0,1.0,11.6,73.0,2.9,246.4,17.0,4.68
2019-05-18,193.0,94.0,1.1,11.4,81.0,2.2,189.6,16.5,2.57
2019-05-19,197.0,96.0,1.3,12.8,85.0,2.3,202.4,15.7,2.5
2019-05-20,329.0,173.0,1.2,12.4,81.0,2.5,217.1,15.7,4.18
2019-05-21,323.0,181.0,1.2,12.5,81.0,3.5,299.3,15.8,3.94
2019-05-22,258.0,133.0,1.2,12.7,80.0,2.4,203.6,15.7,3.45
2019-05-23,172.0,86.0,1.4,13.8,86.0,2.1,182.0,15.8,2.29
2019-05-24,350.0,191.0,1.3,14.8,77.0,2.2,190.2,16.1,4.84
2019-05-25,197.0,96.0,1.2,13.0,80.0,2.4,208.6,16.7,2.57
2019-05-26,200.0,98.0,1.1,11.9,82.0,2.4,205.5,16.2,2.48
2019-05-27,359.0,193.0,1.1,12.1,78.0,2.5,214.2,15.7,4.55
2019-05-28,347.0,190.0,1.3,13.6,82.0,2.4,211.1,16.4,4.41
2019-05-29,316.0,180.0,1.3,13.2,88.0,2.3,196.3,17.0,3.78
2019-05-30,227.0,126.0,1.3,12.9,88.0,2.1,180.3,17.3,2.86
2019-05-31,315.0,183.0,1.3,13.2,86.0,1.8,153.3,17.4,4.02
2019-06-01,264.0,150.0,1.4,13.8,85.0,2.2,188.9,17.9,3.43
2019-06-02,167.0,82.0,1.4,15.0,82.0,1.9,165.3,17.9,2.39
2019-06-03,323.0,184.0,1.4,14.7,85.0,2.0,171.8,18.0,4.18
2019-06-04,336.0,189.0,1.4,14.4,86.0,1.7,145.7,18.8,4.49
2019-06-05,340.0,191.0,1.5,15.0,85.0,1.9,164.9,19.4,4.6
2019-06-06,302.0,167.0,1.4,13.7,87.0,1.8,155.5,19.7,3.9
2019-06-07,369.0,199.0,1.1,12.9,76.0,2.5,212.2,19.3,4.9
2019-06-08,375.0,187.0,0.8,20.8,78.0,2.5,212.1,19.1,6.84
2019-06-09,346.0,190.0,1.3,13.3,78.0,2.2,193.7,19.8,5.99
2019-06-10,329.0,183.0,1.5,13.3,78.0,1.9,165.8,20.4,5.54
2019-06-11,269.0,137.0,1.6,20.5,78.0,1.6,140.1,20.8,4.57
2019-06-12,344.0,195.0,1.6,16.6,84.0,2.0,171.9,20.9,4.82
2019-06-13,303.0,170.0,1.4,15.0,80.0,2.0,174.7,21.0,4.07
2019-06-14,180.0,94.0,1.4,14.2,86.0,2.0,174.3,20.7,2.37
2019-06-15,269.0,155.0,1.4,13.9,86.0,2.2,187.7,20.1,3.44
2019-06-16,251.0,138.0,1.3,13.5,85.0,2.0,169.5,20.0,3.16
2019-06-17,288.0,162.0,1.4,15.0,80.0,2.0,170.0,20.1,4.03
2019-06-18,321.0,187.0,1.5,15.3,84.0,1.9,164.0,20.4,4.37
2019-06-19,292.0,163.0,1.5,16.4,82.0,2.1,182.5,20.8,4.09
2019-06-20,133.0,60.0,1.5,15.7,85.0,1.8,159.8,20.8,2.04
2019-06-21,277.0,150.0,1.5,16.2,79.0,1.8,157.7,20.3,3.95
2019-06-22,309.0,172.0,1.4,15.2,83.0,1.8,151.2,20.7,4.3
2019-06-23,336.0,188.0,1.5,15.4,85.0,1.9,167.5,21.2,4.61
2019-06-24,299.0,173.0,1.5,15.0,86.0,1.8,151.2,21.6,4.1
2019-06-25,234.0,122.0,1.5,15.4,83.0,1.8,153.2,21.5,3.24
2019-06-26,336.0,194.0,1.4,16.1,78.0,2.5,215.1,21.5,4.72
2019-06-27,359.0,193.0,1.3,15.4,77.0,2.4,209.0,21.4,5.13
2019-06-28,345.0,192.0,1.3,14.8,77.0,1.9,166.6,21.1,4.96
2019-06-29,362.0,195.0,1.3,15.1,76.0,2.0,170.3,21.0,5.27
2019-06-30,360.0,198.0,1.3,14.3,81.0,2.2,191.8,21.2,4.89
2019-07-01,366.0,201.0,1.3,14.4,81.0,2.4,205.7,21.3,4.84
2019-07-02,361.0,199.0,1.2,14.4,76.0,2.3,203.0,20.9,5.16
2019-07-03,356.0,200.0,1.3,13.7,81.0,2.2,186.4,20.5,4.73
2019-07-04,329.0,187.0,1.3,14.4,82.0,2.3,197.1,20.6,4.41
2019-07-05,316.0,181.0,1.4,14.8,83.0,2.1,177.3,20.8,4.26
2019-07-06,349.0,199.0,1.4,15.0,80.0,2.0,176.6,21.2,4.77
2019-07-07,282.0,164.0,1.4,14.4,83.0,2.5,213.1,21.3,3.76
2019-07-08,290.0,165.0,1.4,15.3,79.0,2.4,210.2,21.3,4.03
2019-07-09,325.0,184.0,1.4,15.7,79.0,2.0,169.6,21.5,4.6
2019-07-10,346.0,195.0,1.5,16.7,79.0,2.0,173.1,21.9,5.2
2019-07-11,351.0,196.0,1.5,16.6,79.0,1.9,168.4,22.3,5.21
2019-07-12,357.0,197.0,1.4,15.5,81.0,2.0,175.3,22.4,4.99
2019-07-13,350.0,196.0,1.4,15.5,79.0,1.8,156.8,22.3,5.16
2019-07-14,357.0,194.0,1.4,15.5,77.0,2.0,169.1,22.4,5.25
2019-07-15,363.0,194.0,1.3,18.6,62.0,2.3,198.5,22.3,6.21
2019-07-16,353.0,197.0,1.4,15.0,81.0,2.1,181.1,22.3,4.7
2019-07-17,342.0,195.0,1.4,15.5,81.0,2.0,173.9,22.2,4.72
2019-07-18,304.0,172.0,1.5,16.6,81.0,2.1,182.7,22.3,4.39
2019-07-19,245.0,138.0,1.5,16.1,82.0,2.0,169.8,22.4,3.47
2019-07-20,295.0,164.0,1.5,17.2,75.0,2.0,168.7,22.4,4.41
2019-07-21,313.0,180.0,1.5,16.5,81.0,1.9,167.5,22.7,4.51
2019-07-22,322.0,182.0,1.5,16.2,81.0,1.7,151.1,22.8,4.76
2019-07-23,332.0,187.0,1.5,16.6,77.0,1.8,152.5,23.0,5.08
2019-07-24,334.0,187.0,1.4,19.0,65.0,1.7,148.5,23.0,5.68
2019-07-25,322.0,182.0,1.5,17.4,75.0,1.8,159.3,23.2,5.13
2019-07-26,329.0,185.0,1.5,15.9,82.0,2.0,174.3,23.2,4.69
2019-07-27,326.0,182.0,1.5,15.7,82.0,1.9,162.6,23.2,4.72
2019-07-28,349.0,195.0,1.4,15.7,79.0,2.0,169.2,23.2,5.18
2019-07-29,293.0,163.0,1.4,14.8,84.0,1.9,167.2,23.1,4.01
2019-07-30,329.0,185.0,1.3,14.4,82.0,2.1,179.1,22.7,4.6
2019-07-31,296.0,163.0,1.4,15.0,82.0,1.8,152.9,22.4,4.18
2019-08-01,332.0,187.0,1.4,15.5,82.0,2.2,189.3,22.7,4.51
2019-08-02,345.0,187.0,1.4,15.5,81.0,1.9,167.2,22.7,4.98
2019-08-03,347.0,184.0,1.4,16.7,72.0,1.7,149.6,22.6,5.58
2019-08-04,330.0,179.0,1.4,15.9,77.0,1.6,139.6,22.8,4.99
2019-08-05,287.0,167.0,1.5,15.9,82.0,1.8,157.9,22.9,4.18
2019-08-06,284.0,163.0,1.5,15.6,83.0,1.9,162.0,22.9,4.0
2019-08-07,311.0,174.0,1.5,15.9,81.0,2.1,181.8,22.9,4.49
2019-08-08,324.0,180.0,1.4,16.1,78.0,2.3,195.9,23.1,4.74
2019-08-09,333.0,178.0,1.4,17.0,70.0,1.9,167.5,22.8,5.41
2019-08-10,316.0,178.0,1.6,17.1,83.0,2.1,184.3,22.9,4.65
2019-08-11,319.0,179.0,1.5,16.0,81.0,2.1,177.5,23.0,4.69
2019-08-12,333.0,176.0,1.4,18.3,66.0,2.0,169.6,22.8,5.76
2019-08-13,329.0,174.0,1.4,17.6,70.0,1.7,144.8,22.9,5.49
2019-08-14,326.0,173.0,1.4,18.1,67.0,1.6,137.2,23.0,5.65
2019-08-15,328.0,173.0,1.4,17.4,73.0,1.7,144.0,23.2,5.4
2019-08-16,325.0,180.0,1.5,15.9,82.0,2.0,169.3,23.3,4.72
2019-08-17,246.0,131.0,1.5,16.9,79.0,2.2,191.2,23.4,3.73
2019-08-18,248.0,133.0,1.5,17.1,78.0,1.8,159.8,23.3,3.71
2019-08-19,270.0,147.0,1.5,17.3,78.0,2.0,171.9,23.3,3.96
2019-08-20,276.0,151.0,1.5,16.8,81.0,2.0,176.2,23.4,4.05
2019-08-21,320.0,167.0,1.4,18.6,67.0,2.0,176.9,23.1,5.61
2019-08-22,306.0,167.0,1.6,17.7,79.0,2.0,172.9,23.2,4.61
2019-08-23,217.0,115.0,1.6,17.8,79.0,2.2,191.5,23.2,3.47
2019-08-24,308.0,164.0,1.5,17.3,78.0,1.8,156.5,23.1,4.7
2019-08-25,303.0,165.0,1.5,16.7,79.0,1.8,153.4,23.1,4.67
2019-08-26,267.0,146.0,1.5,16.0,83.0,1.8,154.0,23.2,3.96
2019-08-27,289.0,162.0,1.5,16.9,81.0,1.7,145.6,23.2,4.39
2019-08-28,280.0,155.0,1.6,17.0,82.0,1.6,140.6,23.5,4.19
2019-08-29,293.0,160.0,1.7,18.3,79.0,2.1,184.4,23.6,4.64
2019-08-30,286.0,158.0,1.6,17.7,82.0,1.8,153.0,23.7,4.44
2019-08-31,290.0,157.0,1.6,17.9,76.0,1.7,143.9,23.9,4.64
2019-09-01,289.0,153.0,1.5,20.0,64.0,1.6,134.5,23.8,5.35
2019-09-02,266.0,147.0,1.6,19.5,70.0,1.9,161.6,23.9,4.87
2019-09-03,284.0,157.0,1.5,18.0,73.0,1.5,133.0,23.8,4.77
2019-09-04,284.0,153.0,1.5,17.3,76.0,1.7,149.0,23.2,4.5
2019-09-05,277.0,152.0,1.5,17.3,76.0,1.7,142.6,23.2,4.45
2019-09-06,289.0,149.0,1.5,17.6,72.0,1.7,147.1,23.2,4.75
2019-09-07,273.0,152.0,1.5,15.2,84.0,2.2,192.4,23.0,3.82
2019-09-08,291.0,146.0,1.4,15.7,79.0,2.1,185.6,22.3,4.24
2019-09-09,291.0,142.0,1.4,16.4,75.0,2.3,195.0,22.0,4.54
2019-09-10,281.0,140.0,1.4,16.0,77.0,2.2,189.2,21.9,4.34
2019-09-11,287.0,140.0,1.3,17.4,64.0,2.0,173.1,21.7,5.0
2019-09-12,285.0,132.0,1.1,24.0,78.0,2.2,188.3,22.0,6.14
2019-09-13,281.0,131.0,1.1,13.3,78.0,2.8,240.8,22.8,6.11
2019-09-14,281.0,130.0,1.2,22.6,44.0,1.8,157.6,23.2,5.76
2019-09-15,239.0,124.0,1.5,16.0,82.0,1.6,139.3,23.2,3.56
2019-09-16,236.0,124.0,1.6,17.1,82.0,2.4,204.7,23.0,3.75
2019-09-17,276.0,131.0,1.2,18.3,58.0,2.2,193.4,22.6,5.11
2019-09-18,271.0,130.0,1.4,17.5,70.0,2.3,195.0,22.1,4.56
2019-09-19,274.0,131.0,1.4,16.2,77.0,2.2,190.6,22.1,4.19
2019-09-20,271.0,126.0,1.2,17.5,60.0,2.0,170.2,21.7,4.98
2019-09-21,270.0,120.0,1.0,21.2,41.0,2.3,200.0,21.7,6.08
2019-09-22,265.0,125.0,1.3,19.8,55.0,1.8,154.6,22.0,4.87
2019-09-23,263.0,126.0,1.4,15.2,81.0,1.6,139.7,21.9,3.85
2019-09-24,261.0,116.0,1.1,22.9,41.0,2.0,172.6,21.9,6.1
2019-09-25,255.0,119.0,1.4,20.5,59.0,1.8,154.7,22.3,4.91
2019-09-26,172.0,86.0,1.8,18.8,82.0,1.8,154.8,22.4,2.73
2019-09-27,75.0,22.0,1.7,17.9,84.0,1.7,145.4,22.1,1.32
2019-09-28,210.0,103.0,1.3,13.9,80.0,2.4,209.9,21.3,3.0
2019-09-29,255.0,116.0,1.0,11.8,71.0,2.2,191.0,20.2,3.78
2019-09-30,249.0,114.0,1.0,12.5,66.0,2.3,202.0,19.4,3.89
2019-10-01,252.0,115.0,0.9,13.4,58.0,2.1,180.6,18.9,4.17
2019-10-02,252.0,111.0,0.8,15.9,46.0,2.3,196.5,18.8,4.77
2019-10-03,245.0,113.0,1.0,14.6,62.0,1.9,165.6,18.9,3.91
2019-10-04,250.0,107.0,0.8,16.5,45.0,2.6,221.5,18.8,4.66
2019-10-05,240.0,99.0,0.7,20.4,28.0,3.1,270.9,19.2,5.8
2019-10-06,227.0,103.0,0.8,19.7,35.0,1.7,149.0,19.6,4.79
2019-10-07,242.0,106.0,1.0,16.0,53.0,1.6,139.5,19.7,4.37
2019-10-08,230.0,113.0,1.2,13.0,81.0,1.6,139.7,19.5,3.3
2019-10-09,198.0,98.0,1.2,12.5,84.0,1.7,149.4,19.7,2.63
2019-10-10,228.0,96.0,0.7,16.1,37.0,2.4,206.8,19.1,4.96
2019-10-11,245.0,77.0,0.3,19.8,13.0,2.5,218.0,19.0,6.17
2019-10-12,235.0,85.0,0.4,17.2,22.0,1.8,156.2,19.0,5.16
2019-10-13,227.0,98.0,0.9,12.2,61.0,1.6,141.2,18.6,3.44
2019-10-14,213.0,104.0,1.2,12.4,81.0,1.8,157.5,18.6,2.93
2019-10-15,221.0,99.0,1.2,13.5,79.0,1.6,136.9,18.6,3.26
2019-10-16,174.0,88.0,1.2,12.6,85.0,1.5,133.7,18.6,2.44
2019-10-17,210.0,95.0,1.1,13.4,73.0,2.0,174.3,18.3,3.29
2019-10-18,207.0,93.0,1.1,14.8,63.0,2.2,189.5,18.0,3.62
2019-10-19,202.0,84.0,1.1,14.9,64.0,2.1,179.9,17.9,3.62
2019-10-20,201.0,87.0,1.1,17.4,57.0,2.1,181.9,18.0,3.92
2019-10-21,202.0,78.0,0.9,24.3,29.0,3.2,272.9,18.5,5.88
2019-10-22,205.0,75.0,0.9,23.8,30.0,1.8,151.5,19.4,5.02
2019-10-23,198.0,77.0,1.0,24.1,32.0,2.3,202.9,20.0,5.23
2019-10-24,202.0,66.0,0.7,24.1,24.0,2.3,194.5,20.3,5.96
2019-10-25,203.0,63.0,0.6,24.9,19.0,2.7,237.5,20.4,6.31
2019-10-26,191.0,77.0,1.0,18.0,50.0,1.8,153.2,20.2,3.61
2019-10-27,163.0,70.0,1.1,13.3,74.0,2.2,188.2,19.8,2.35
2019-10-28,194.0,66.0,0.6,14.8,35.0,2.1,182.6,18.9,4.1
2019-10-29,190.0,74.0,0.8,11.2,59.0,1.6,139.1,17.9,2.97
2019-10-30,191.0,65.0,0.6,12.8,40.0,1.7,143.5,17.3,3.59
2019-10-31,200.0,46.0,0.3,14.6,20.0,2.1,177.3,16.8,4.5
2019-11-01,189.0,55.0,0.4,13.6,26.0,1.5,128.6,16.4,3.67
2019-11-02,191.0,60.0,0.5,13.1,36.0,1.3,115.5,16.1,3.5
2019-11-03,187.0,58.0,0.6,14.8,35.0,1.6,141.2,16.2,3.8
2019-11-04,182.0,68.0,1.0,11.7,69.0,1.3,110.7,16.1,2.77
2019-11-05,164.0,68.0,1.2,12.4,85.0,1.5,128.8,16.3,2.32
2019-11-06,162.0,68.0,1.3,13.1,87.0,1.4,123.5,16.7,2.14
2019-11-07,165.0,68.0,1.2,12.5,82.0,1.5,130.8,17.1,2.2
2019-11-08,164.0,69.0,1.2,12.2,87.0,1.6,140.5,17.1,2.25
2019-11-09,176.0,64.0,1.2,14.1,75.0,1.7,144.4,16.7,2.95
2019-11-10,165.0,66.0,1.3,12.6,88.0,1.6,141.0,16.9,2.2
2019-11-11,165.0,62.0,1.2,11.7,84.0,1.4,121.3,16.7,2.26
2019-11-12,139.0,58.0,1.2,11.1,92.0,1.3,115.3,16.4,1.76
2019-11-13,124.0,52.0,1.2,11.6,90.0,1.4,118.5,16.3,1.46
2019-11-14,112.0,47.0,1.3,14.3,79.0,1.7,148.4,16.4,1.76
2019-11-15,139.0,36.0,1.1,15.4,65.0,2.1,178.9,16.4,2.55
2019-11-16,161.0,49.0,1.0,19.9,42.0,2.2,187.2,16.6,3.74
2019-11-17,163.0,45.0,0.9,17.8,43.0,1.4,116.9,16.9,3.28
2019-11-18,165.0,43.0,0.9,15.4,49.0,1.4,120.4,16.8,3.14
2019-11-19,144.0,49.0,1.2,12.4,86.0,2.2,185.8,16.5,1.85
2019-11-20,118.0,42.0,1.1,11.8,80.0,2.0,169.7,16.1,1.68
2019-11-21,128.0,44.0,1.0,10.7,79.0,1.4,125.2,15.4,1.9
2019-11-22,142.0,50.0,1.0,11.3,73.0,1.6,135.8,14.9,2.19
2019-11-23,144.0,45.0,0.8,17.9,41.0,4.3,371.6,15.1,4.24
2019-11-24,149.0,42.0,0.8,17.5,40.0,2.9,251.1,15.5,3.82
2019-11-25,151.0,38.0,0.6,13.9,39.0,2.5,218.3,15.4,3.45
2019-11-26,127.0,37.0,0.6,11.0,49.0,2.0,168.7,14.7,2.17
2019-11-27,97.0,22.0,1.0,8.4,88.0,1.9,167.3,14.0,1.08
2019-11-28,82.0,19.0,0.8,6.9,85.0,1.6,138.3,12.5,0.91
2019-11-29,116.0,37.0,0.8,6.8,83.0,1.3,109.6,11.4,1.33
2019-11-30,25.0,-12.0,0.9,8.5,84.0,2.8,239.8,10.7,0.43
2019-12-01,41.0,4.0,0.9,13.2,61.0,3.8,325.8,10.3,1.64
2019-12-02,66.0,13.0,1.0,14.6,60.0,2.3,195.8,10.9,1.77
2019-12-03,59.0,16.0,1.1,12.4,78.0,1.1,93.4,11.3,0.96
2019-12-04,78.0,28.0,1.4,14.2,87.0,2.5,213.9,11.3,1.1
2019-12-05,43.0,5.0,1.3,13.9,84.0,1.5,131.0,12.0,0.63
2019-12-06,131.0,47.0,1.3,14.8,78.0,2.7,236.3,12.3,2.01
2019-12-07,36.0,2.0,1.5,15.4,87.0,2.7,234.7,12.8,0.59
2019-12-08,91.0,16.0,1.4,13.2,93.0,1.9,165.5,12.9,1.08
2019-12-09,139.0,44.0,1.1,12.9,72.0,1.8,153.2,12.5,2.0
2019-12-10,104.0,34.0,1.0,11.0,79.0,1.2,103.6,12.1,1.44
2019-12-11,113.0,37.0,1.2,11.8,84.0,1.3,111.3,11.9,1.59
2019-12-12,119.0,43.0,1.5,13.9,94.0,1.2,107.5,12.4,1.52
2019-12-13,129.0,47.0,1.4,13.2,94.0,1.3,109.0,13.0,1.52
2019-12-14,92.0,25.0,1.2,11.2,88.0,2.2,189.6,13.3,1.3
2019-12-15,136.0,39.0,0.8,9.8,62.0,2.2,189.0,12.0,2.12
2019-12-16,137.0,37.0,0.7,10.5,56.0,3.2,277.8,11.3,2.48
2019-12-17,96.0,32.0,0.6,8.9,55.0,1.3,109.6,10.8,1.55
2019-12-18,104.0,34.0,1.0,10.4,78.0,1.6,136.4,10.6,1.46
2019-12-19,132.0,43.0,0.9,10.4,75.0,1.2,107.8,10.6,1.81
2019-12-20,118.0,39.0,0.9,10.5,68.0,1.0,90.3,10.7,1.76
2019-12-21,95.0,33.0,0.9,11.5,68.0,1.6,137.1,10.6,1.73
2019-12-22,29.0,-4.0,1.1,11.4,81.0,3.0,257.7,10.3,0.63
2019-12-23,61.0,15.0,1.1,10.7,87.0,1.1,92.4,10.2,0.82
2019-12-24,102.0,27.0,0.9,9.4,76.0,1.6,141.1,10.4,1.4
2019-12-25,64.0,16.0,0.9,8.8,82.0,2.7,237.3,9.7,0.99
2019-12-26,129.0,38.0,0.9,8.5,81.0,1.6,142.4,9.0,1.5
2019-12-27,140.0,37.0,0.7,8.5,65.0,1.9,164.2,8.9,2.0
2019-12-28,138.0,38.0,0.8,8.6,67.0,1.5,133.4,8.7,1.91
2019-12-29,70.0,19.0,1.0,9.4,83.0,1.6,142.3,8.7,0.95
2019-12-30,128.0,43.0,0.9,12.3,64.0,4.1,354.6,9.3,2.32
2019-12-31,137.0,41.0,0.9,12.0,63.0,1.5,133.5,9.4,2.16
2020-01-01,129.0,39.0,1.0,12.1,71.0,1.9,165.5,9.6,1.99
2020-01-02,127.0,37.0,1.0,14.1,63.0,2.8,239.2,10.1,2.3
2020-01-03,143.0,35.0,0.8,11.9,60.0,1.2,105.8,10.1,2.23
2020-01-04,123.0,45.0,1.1,9.6,89.0,1.5,132.2,10.0,1.5
2020-01-05,132.0,48.0,0.9,12.1,67.0,2.7,229.4,10.1,2.21
2020-01-06,146.0,33.0,0.7,13.5,43.0,3.3,286.1,10.1,3.2
2020-01-07,138.0,39.0,0.9,9.7,72.0,1.3,115.9,10.0,1.89
2020-01-08,123.0,39.0,0.9,9.0,80.0,1.8,152.4,9.8,1.6
2020-01-09,92.0,20.0,0.9,9.8,78.0,2.0,175.1,9.7,1.3
2020-01-10,147.0,38.0,0.8,9.2,67.0,1.6,139.5,9.5,2.09
2020-01-11,146.0,41.0,0.8,8.7,74.0,2.1,177.3,9.3,2.0
2020-01-12,148.0,43.0,0.8,9.3,70.0,1.9,163.1,9.2,1.96
2020-01-13,149.0,42.0,0.8,9.5,69.0,1.9,162.1,9.2,2.01
2020-01-14,155.0,44.0,0.8,8.9,72.0,2.3,201.1,9.1,2.12
2020-01-15,153.0,42.0,0.7,8.9,64.0,2.2,190.2,9.2,2.26
2020-01-16,94.0,26.0,0.9,7.5,88.0,2.3,195.8,9.1,1.1
2020-01-17,145.0,47.0,0.8,7.4,73.0,1.6,140.9,8.5,1.83
2020-01-18,120.0,46.0,0.7,8.0,67.0,1.1,98.3,8.3,1.68
2020-01-19,76.0,23.0,0.8,10.1,63.0,1.3,109.1,8.3,1.23
2020-01-20,48.0,8.0,1.0,11.4,78.0,1.4,116.9,8.7,0.83
2020-01-21,146.0,54.0,1.1,10.4,85.0,1.3,115.8,9.4,1.85
2020-01-22,133.0,48.0,1.2,12.2,87.0,1.6,136.8,9.9,1.77
2020-01-23,146.0,51.0,1.2,13.9,72.0,1.6,142.0,10.6,2.27
2020-01-24,153.0,54.0,1.2,14.3,71.0,1.9,160.5,10.9,2.51
2020-01-25,145.0,56.0,1.2,14.6,72.0,2.0,172.5,11.1,2.41
2020-01-26,86.0,30.0,1.3,12.1,94.0,1.6,141.9,11.6,1.03
2020-01-27,157.0,50.0,1.0,12.4,69.0,2.0,176.9,11.3,2.46
2020-01-28,168.0,57.0,1.0,11.1,76.0,2.0,169.0,10.9,2.38
2020-01-29,145.0,58.0,1.0,12.6,66.0,2.4,204.8,10.9,2.29
2020-01-30,130.0,50.0,1.0,12.9,66.0,2.0,171.0,10.7,2.2
2020-01-31,167.0,59.0,1.1,14.6,64.0,1.4,120.7,10.9,2.78
2020-02-01,179.0,61.0,1.1,12.9,72.0,1.3,112.2,11.2,2.7
2020-02-02,169.0,58.0,1.0,11.5,72.0,2.3,197.9,11.6,2.44
2020-02-03,188.0,52.0,0.5,8.0,43.0,2.6,225.8,10.9,3.15
2020-02-04,186.0,52.0,0.3,6.7,36.0,2.3,194.8,9.8,3.06
2020-02-05,162.0,56.0,0.5,8.8,48.0,2.1,179.0,9.4,2.69
2020-02-06,185.0,65.0,0.8,8.8,71.0,1.5,133.2,9.4,2.59
2020-02-07,191.0,68.0,1.0,9.4,81.0,1.6,138.2,9.7,2.52
2020-02-08,170.0,71.0,1.1,9.2,91.0,1.9,163.0,10.1,2.0
2020-02-09,191.0,62.0,0.7,10.3,52.0,2.4,208.4,10.1,3.1
2020-02-10,198.0,59.0,0.5,11.4,35.0,2.0,175.7,10.0,3.67
2020-02-11,198.0,69.0,0.7,9.9,60.0,1.4,119.9,9.9,2.99
2020-02-12,196.0,73.0,0.8,9.5,72.0,1.4,122.7,10.0,2.72
2020-02-13,195.0,77.0,1.1,9.8,88.0,1.6,142.5,10.4,2.32
2020-02-14,192.0,80.0,1.0,8.5,87.0,1.4,122.9,10.5,2.33
2020-02-15,193.0,81.0,1.0,9.7,85.0,1.4,119.5,10.4,2.59
2020-02-16,197.0,81.0,1.0,12.1,72.0,1.9,163.3,10.6,3.02
2020-02-17,202.0,78.0,0.9,13.7,59.0,2.2,188.9,10.9,3.37
2020-02-18,203.0,73.0,0.8,14.1,50.0,2.0,170.4,11.2,3.5
2020-02-19,213.0,84.0,1.0,10.4,83.0,1.7,142.6,11.4,2.77
2020-02-20,212.0,83.0,0.8,10.1,68.0,1.3,116.6,11.2,3.07
2020-02-21,130.0,60.0,0.9,14.3,52.0,1.6,138.6,11.3,2.73
2020-02-22,154.0,70.0,1.2,12.4,83.0,2.2,189.5,11.6,2.11
2020-02-23,210.0,89.0,1.0,11.3,77.0,2.0,173.1,11.9,2.66
2020-02-24,215.0,90.0,1.0,13.6,65.0,2.2,194.0,11.8,3.45
2020-02-25,224.0,84.0,0.9,17.2,44.0,2.5,212.8,12.3,4.62
2020-02-26,227.0,85.0,0.7,14.4,41.0,1.6,136.9,12.5,4.32
2020-02-27,180.0,75.0,0.8,18.3,37.0,2.1,183.4,12.7,4.3
2020-02-28,188.0,81.0,0.9,15.6,52.0,1.4,117.8,13.0,3.43
2020-02-29,176.0,91.0,1.2,12.0,83.0,2.1,181.1,13.2,2.33
2020-03-01,146.0,66.0,0.8,9.1,72.0,1.8,156.9,12.7,2.0
2020-03-02,241.0,97.0,0.6,10.2,48.0,2.2,187.7,12.0,3.84
2020-03-03,239.0,100.0,0.8,11.2,58.0,1.7,143.4,11.8,3.8
2020-03-04,236.0,105.0,1.1,11.7,79.0,1.8,153.3,12.1,3.13
2020-03-05,177.0,87.0,1.3,13.3,82.0,1.6,141.9,12.9,2.32
2020-03-06,199.0,93.0,1.1,10.7,83.0,1.7,145.1,13.2,2.49
2020-03-07,162.0,76.0,1.1,11.1,85.0,2.0,169.2,13.3,2.0
2020-03-08,202.0,98.0,1.0,10.8,74.0,1.7,149.6,13.0,2.7
2020-03-09,146.0,69.0,1.0,14.0,61.0,2.1,182.7,12.8,2.8
2020-03-10,47.0,1.0,1.1,14.3,69.0,2.4,210.8,12.8,1.29
2020-03-11,120.0,52.0,1.3,13.3,87.0,1.4,117.7,12.4,1.69
2020-03-12,213.0,99.0,1.3,14.5,80.0,1.9,167.3,12.8,3.07
2020-03-13,89.0,33.0,1.2,13.0,80.0,2.5,216.4,13.1,1.43
2020-03-14,123.0,54.0,1.1,12.4,77.0,2.3,196.1,12.7,1.85
2020-03-15,92.0,34.0,1.1,11.6,82.0,3.3,287.9,12.4,1.36
2020-03-16,76.0,18.0,1.0,8.9,90.0,2.0,174.9,11.6,0.71
2020-03-17,232.0,103.0,0.8,8.1,76.0,2.0,174.2,11.2,2.82
2020-03-18,240.0,110.0,0.8,7.8,77.0,1.8,155.9,10.8,2.95
2020-03-19,147.0,69.0,0.9,9.6,79.0,1.6,139.3,10.9,1.93
2020-03-20,178.0,93.0,1.1,11.3,79.0,1.4,123.9,11.0,2.44
2020-03-21,155.0,72.0,1.1,12.1,81.0,1.4,124.8,11.5,2.17
2020-03-22,142.0,70.0,1.2,12.8,79.0,1.9,162.8,11.8,2.24
2020-03-23,176.0,90.0,1.2,11.8,86.0,2.0,176.8,11.8,2.28
2020-03-24,171.0,79.0,1.1,11.3,82.0,1.7,146.0,12.0,2.17
2020-03-25,232.0,114.0,0.9,9.5,79.0,2.2,190.5,11.8,2.85
2020-03-26,269.0,129.0,0.7,7.2,73.0,2.1,185.1,11.3,3.23
2020-03-27,264.0,126.0,0.8,8.3,74.0,2.1,180.8,10.9,3.27
2020-03-28,255.0,133.0,1.0,10.3,78.0,2.0,168.9,10.8,3.31
2020-03-29,265.0,142.0,1.1,11.4,81.0,1.9,165.8,11.2,3.35
2020-03-30,288.0,143.0,1.1,11.5,82.0,2.1,183.5,11.4,3.75
2020-03-31,288.0,147.0,1.2,14.5,73.0,2.0,174.7,11.8,4.38
2020-04-01,294.0,145.0,1.1,12.0,81.0,2.2,192.1,12.3,3.69
2020-04-02,306.0,148.0,0.9,10.3,68.0,2.1,184.2,12.3,4.26
2020-04-03,300.0,146.0,0.9,9.9,70.0,2.2,192.2,12.1,3.82
2020-04-04,271.0,144.0,1.1,10.4,84.0,2.0,172.5,12.2,3.21
2020-04-05,52.0,4.0,1.2,11.2,93.0,3.6,311.0,12.3,0.48
2020-04-06,265.0,145.0,1.0,10.0,82.0,2.0,170.4,11.7,3.15
2020-04-07,260.0,134.0,0.9,9.4,76.0,2.0,172.2,11.8,3.36
2020-04-08,110.0,47.0,1.0,10.2,84.0,1.5,126.3,11.8,1.44
2020-04-09,103.0,36.0,1.1,10.3,89.0,2.2,189.6,11.6,1.23
2020-04-10,302.0,158.0,1.2,11.9,83.0,2.1,183.1,11.6,3.75
2020-04-11,267.0,151.0,1.3,12.4,87.0,2.2,188.7,12.6,3.17
2020-04-12,101.0,40.0,1.2,11.7,88.0,1.6,138.2,13.0,1.28
2020-04-13,104.0,42.0,1.2,11.4,90.0,1.7,144.9,12.8,1.35
2020-04-14,320.0,170.0,1.2,12.1,85.0,1.6,138.5,12.7,4.23
2020-04-15,323.0,166.0,1.1,14.5,67.0,1.7,143.9,13.4,4.99
2020-04-16,210.0,121.0,1.3,12.5,87.0,1.9,160.4,14.0,2.6
2020-04-17,166.0,86.0,1.2,11.8,86.0,1.7,143.9,14.1,2.29
2020-04-18,167.0,89.0,1.1,11.5,82.0,1.6,138.0,13.7,2.35
2020-04-19,310.0,175.0,1.1,11.2,83.0,1.9,166.7,13.3,3.85
2020-04-20,261.0,149.0,1.2,13.0,82.0,2.4,207.0,13.8,3.32
2020-04-21,322.0,175.0,1.2,12.4,81.0,2.2,190.5,13.9,4.14
2020-04-22,319.0,173.0,1.3,14.9,77.0,1.8,157.5,14.2,4.6
2020-04-23,322.0,175.0,1.4,16.3,78.0,2.1,180.2,14.9,4.44
2020-04-24,330.0,173.0,1.2,20.9,51.0,2.8,245.3,15.5,6.54
2020-04-25,331.0,177.0,1.4,18.0,67.0,2.0,170.8,16.2,5.62
2020-04-26,306.0,169.0,1.3,14.0,82.0,1.8,155.3,16.5,4.27
2020-04-27,333.0,179.0,1.2,14.7,73.0,2.1,180.8,16.2,4.61
2020-04-28,329.0,178.0,1.4,17.5,70.0,2.0,176.8,16.5,5.11
2020-04-29,268.0,149.0,1.4,14.2,85.0,1.6,138.9,16.8,3.68
2020-04-30,340.0,182.0,1.2,15.2,69.0,2.3,197.5,16.7,5.28
2020-05-01,337.0,172.0,0.9,15.3,53.0,2.4,206.5,16.9,5.61
2020-05-02,320.0,183.0,1.3,12.4,89.0,2.0,176.1,16.9,3.89
2020-05-03,340.0,180.0,1.2,13.2,82.0,2.3,197.3,17.1,4.45
2020-05-04,353.0,180.0,1.0,14.8,59.0,1.9,166.2,17.0,5.75
2020-05-05,348.0,181.0,1.1,15.3,63.0,2.3,199.4,17.3,5.3
2020-05-06,348.0,178.0,1.0,19.7,78.0,2.6,221.1,17.6,6.47
2020-05-07,350.0,173.0,0.9,20.2,78.0,2.5,217.4,18.3,6.59
2020-05-08,343.0,175.0,1.2,18.7,55.0,1.8,155.8,18.8,6.09
2020-05-09,330.0,183.0,1.3,13.3,86.0,1.8,152.1,19.2,4.31
2020-05-10,210.0,112.0,1.3,12.9,86.0,1.8,155.3,19.1,2.73
2020-05-11,347.0,188.0,1.2,14.5,72.0,1.9,163.9,18.8,4.73
2020-05-12,311.0,170.0,1.3,15.2,74.0,2.5,211.7,19.2,4.42
2020-05-13,352.0,185.0,1.2,14.6,73.0,2.8,246.2,19.0,5.03
2020-05-14,345.0,185.0,1.3,15.3,76.0,2.8,240.6,19.1,4.94
2020-05-15,350.0,187.0,1.2,14.3,75.0,2.6,223.4,19.0,5.02
2020-05-16,346.0,188.0,1.2,15.1,73.0,2.4,204.0,19.0,5.07
2020-05-17,203.0,107.0,1.6,15.9,88.0,1.8,151.2,19.4,3.03
2020-05-18,292.0,166.0,1.4,15.0,82.0,2.5,213.1,19.0,4.1
2020-05-19,343.0,187.0,1.1,12.8,77.0,2.5,214.7,18.1,4.68
2020-05-20,358.0,190.0,1.1,13.0,75.0,2.4,210.0,17.7,4.96
2020-05-21,358.0,190.0,1.2,14.4,75.0,2.4,203.2,17.9,5.24
2020-05-22,341.0,189.0,1.2,12.0,82.0,2.3,199.8,18.1,4.26
2020-05-23,357.0,193.0,1.1,12.4,79.0,2.1,182.2,18.0,4.76
2020-05-24,357.0,189.0,1.1,14.5,68.0,1.9,167.5,18.2,5.63
2020-05-25,355.0,188.0,1.2,18.1,59.0,1.7,150.4,19.1,5.71
2020-05-26,356.0,190.0,1.4,18.0,66.0,1.8,154.5,20.0,6.09
2020-05-27,346.0,186.0,1.5,17.5,73.0,1.7,145.7,20.6,5.5
2020-05-28,353.0,193.0,1.5,15.6,83.0,1.8,155.6,20.9,4.88
2020-05-29,179.0,91.0,1.5,16.1,80.0,2.4,209.8,20.9,2.85
2020-05-30,178.0,87.0,1.4,16.5,76.0,2.6,226.5,20.0,3.01
2020-05-31,260.0,150.0,1.4,14.8,82.0,2.0,171.3,19.4,3.74
2020-06-01,270.0,156.0,1.4,15.1,82.0,2.2,190.3,19.6,3.72
2020-06-02,315.0,172.0,1.4,17.6,72.0,1.8,156.1,19.9,5.16
2020-06-03,338.0,185.0,1.5,19.4,67.0,1.8,155.1,20.7,5.41
2020-06-04,307.0,174.0,1.6,17.6,79.0,2.3,196.7,21.3,4.5
2020-06-05,94.0,28.0,1.6,15.7,87.0,1.9,163.4,21.0,1.41
2020-06-06,364.0,198.0,1.3,14.6,75.0,2.7,232.9,19.9,4.97
2020-06-07,377.0,195.0,0.9,14.6,57.0,3.6,314.4,19.7,5.94
2020-06-08,375.0,193.0,0.9,15.6,53.0,2.4,205.3,19.6,6.28
2020-06-09,372.0,184.0,0.8,13.3,78.0,2.8,243.5,20.4,7.35
2020-06-10,371.0,191.0,1.1,20.8,78.0,2.0,171.2,21.5,6.96
2020-06-11,364.0,194.0,1.3,17.0,66.0,1.9,165.1,22.1,6.13
2020-06-12,338.0,188.0,1.3,14.0,81.0,2.4,206.4,22.1,4.46
2020-06-13,364.0,195.0,1.1,14.7,68.0,2.9,248.3,21.5,5.22
2020-06-14,358.0,197.0,1.3,15.4,73.0,2.4,211.5,21.1,5.24
2020-06-15,342.0,188.0,1.3,16.6,71.0,2.4,205.6,21.2,5.4
2020-06-16,368.0,197.0,1.2,14.0,73.0,2.5,219.1,20.9,5.22
2020-06-17,371.0,194.0,1.1,16.4,58.0,1.9,160.8,20.8,6.31
2020-06-18,363.0,197.0,1.3,15.1,76.0,2.1,178.2,21.3,5.18
2020-06-19,301.0,168.0,1.5,15.6,82.0,2.0,176.8,21.8,4.22
2020-06-20,292.0,164.0,1.4,14.9,84.0,2.0,173.8,22.1,3.88
2020-06-21,334.0,192.0,1.4,15.3,82.0,2.1,178.0,22.2,4.71
2020-06-22,301.0,174.0,1.4,14.9,84.0,2.1,180.7,22.3,4.08
2020-06-23,307.0,172.0,1.4,15.6,81.0,1.9,161.7,22.3,4.4
2020-06-24,320.0,181.0,1.5,15.8,81.0,1.8,158.5,22.6,4.59
2020-06-25,303.0,164.0,1.5,15.9,82.0,2.0,175.8,22.9,4.23
2020-06-26,339.0,190.0,1.5,16.5,80.0,2.0,170.8,23.2,4.81
2020-06-27,340.0,192.0,1.5,16.5,81.0,1.9,165.2,23.4,4.85
2020-06-28,194.0,101.0,1.4,14.6,83.0,2.4,205.6,22.9,2.72
2020-06-29,366.0,196.0,1.2,16.2,64.0,2.1,178.1,21.9,5.58
2020-06-30,351.0,195.0,1.4,14.7,81.0,2.0,177.0,22.2,4.86
2020-07-01,254.0,143.0,1.4,15.2,79.0,2.3,197.4,22.3,3.63
2020-07-02,269.0,145.0,1.4,15.4,78.0,1.9,166.0,22.4,3.97
2020-07-03,349.0,198.0,1.3,14.7,80.0,1.9,164.7,22.3,4.96
2020-07-04,367.0,197.0,1.3,17.5,64.0,2.0,170.9,22.5,6.39
2020-07-05,371.0,199.0,1.3,17.3,66.0,2.2,188.9,22.8,6.16
2020-07-06,371.0,202.0,1.2,14.6,75.0,2.4,207.1,22.5,5.35
2020-07-07,371.0,200.0,1.2,14.0,75.0,2.2,192.6,22.1,5.3
2020-07-08,61.0,195.0,1.3,12.1,92.0,1.5,127.0,23.0,4.68
2020-07-09,334.0,189.0,1.3,14.4,81.0,1.9,166.5,23.0,4.63
2020-07-10,347.0,191.0,1.3,16.1,72.0,1.9,160.4,23.3,5.45
2020-07-11,345.0,190.0,1.3,18.1,62.0,1.7,148.7,23.6,6.15
2020-07-12,339.0,191.0,1.3,16.8,69.0,1.8,154.7,23.9,5.54
2020-07-13,320.0,183.0,1.4,15.1,81.0,2.3,197.8,23.9,4.44
2020-07-14,247.0,140.0,1.4,15.2,79.0,2.0,173.8,23.6,3.48
2020-07-15,313.0,176.0,1.4,16.3,75.0,2.1,184.6,23.6,4.58
2020-07-16,313.0,183.0,1.4,16.0,77.0,1.9,163.0,23.9,4.56
2020-07-17,303.0,176.0,1.5,16.5,79.0,2.0,168.7,24.1,4.35
2020-07-18,317.0,180.0,1.5,16.2,79.0,2.0,172.4,24.3,4.63
2020-07-19,309.0,175.0,1.4,15.8,80.0,2.0,172.8,24.2,4.4
2020-07-20,331.0,186.0,1.5,16.4,78.0,2.5,220.0,24.2,4.71
2020-07-21,272.0,159.0,1.5,15.1,85.0,2.2,191.9,24.0,3.73
2020-07-22,297.0,172.0,1.4,15.7,79.0,1.9,168.1,23.8,4.26
2020-07-23,234.0,132.0,1.4,16.0,79.0,2.0,172.7,23.8,3.37
2020-07-24,298.0,175.0,1.5,16.1,80.0,2.1,179.3,23.7,4.2
2020-07-25,293.0,169.0,1.5,16.2,80.0,2.0,175.3,23.9,4.17
2020-07-26,316.0,184.0,1.5,16.5,77.0,1.8,158.9,24.1,4.68
2020-07-27,283.0,165.0,1.5,15.6,84.0,2.1,178.5,24.2,3.89
2020-07-28,295.0,171.0,1.5,15.8,82.0,2.3,197.2,24.1,4.05
2020-07-29,289.0,168.0,1.5,15.9,83.0,1.9,168.0,24.1,4.12
2020-07-30,249.0,139.0,1.5,15.4,86.0,2.2,186.8,24.1,3.43
2020-07-31,296.0,166.0,1.5,15.7,81.0,2.4,204.2,23.9,4.15
2020-08-01,331.0,184.0,1.4,16.2,75.0,2.2,190.5,23.8,5.27
2020-08-02,333.0,181.0,1.3,15.5,76.0,2.0,171.1,23.8,5.04
2020-08-03,331.0,178.0,1.3,18.0,64.0,2.1,185.2,23.7,5.63
2020-08-04,320.0,182.0,1.4,15.1,83.0,2.4,206.2,23.8,4.34
2020-08-05,292.0,172.0,1.5,15.8,82.0,2.5,219.4,23.6,3.98
2020-08-06,277.0,152.0,1.4,15.0,82.0,2.0,175.8,23.3,3.95
2020-08-07,281.0,166.0,1.5,15.6,82.0,2.0,176.0,23.3,4.0
2020-08-08,309.0,178.0,1.4,17.1,73.0,1.8,151.2,23.6,4.69
2020-08-09,309.0,178.0,1.4,15.8,80.0,1.9,162.5,23.7,4.53
2020-08-10,307.0,176.0,1.5,15.7,83.0,2.0,168.6,23.8,4.34
2020-08-11,291.0,164.0,1.4,15.5,81.0,1.9,161.4,23.9,4.21
2020-08-12,290.0,163.0,1.5,16.0,82.0,1.8,153.2,23.9,4.32
2020-08-13,46.0,-2.0,1.6,16.7,86.0,1.5,130.4,23.5,0.62
2020-08-14,306.0,171.0,1.6,13.3,78.0,2.5,212.0,22.8,4.22
2020-08-15,221.0,118.0,1.7,13.3,78.0,1.6,135.6,24.1,3.97
2020-08-16,285.0,162.0,1.7,13.3,78.0,1.9,165.4,24.6,4.9
2020-08-17,287.0,165.0,1.7,13.3,78.0,1.7,151.1,25.0,4.83
2020-08-18,261.0,147.0,1.6,13.3,78.0,1.9,162.4,25.2,4.48
2020-08-19,190.0,102.0,1.2,13.3,78.0,2.0,171.4,25.5,3.77
2020-08-20,213.0,119.0,1.3,19.9,56.0,1.9,165.9,25.0,3.89
2020-08-21,246.0,140.0,1.4,18.2,68.0,1.6,136.2,24.1,4.43
2020-08-22,225.0,125.0,1.6,20.9,65.0,1.7,147.0,24.0,4.57
2020-08-23,157.0,72.0,1.8,20.9,74.0,1.6,138.1,23.9,3.02
2020-08-24,283.0,159.0,1.8,19.6,79.0,1.9,164.0,23.9,4.59
2020-08-25,233.0,134.0,1.7,16.9,87.0,2.0,174.4,24.1,3.44
2020-08-26,250.0,142.0,1.6,15.6,88.0,2.5,216.0,23.8,3.39
2020-08-27,245.0,132.0,1.4,15.0,84.0,2.4,208.6,23.3,3.28
2020-08-28,273.0,148.0,1.4,15.9,80.0,1.9,160.8,23.2,3.95
2020-08-29,270.0,149.0,1.4,15.2,83.0,1.9,163.3,23.5,3.8
2020-08-30,248.0,137.0,1.4,14.9,84.0,1.8,152.8,23.4,3.48
2020-08-31,239.0,134.0,1.5,15.9,84.0,2.0,168.9,23.3,3.45
2020-09-01,165.0,82.0,1.5,16.5,82.0,1.8,155.9,23.3,2.47
2020-09-02,247.0,142.0,1.5,16.1,82.0,2.1,178.6,23.0,3.58
2020-09-03,267.0,153.0,1.5,16.0,82.0,2.1,180.1,22.9,3.88
2020-09-04,269.0,149.0,1.4,16.3,78.0,2.0,172.5,22.7,3.99
2020-09-05,263.0,141.0,1.4,22.1,51.0,1.7,144.5,22.9,5.4
2020-09-06,262.0,142.0,1.4,13.3,78.0,1.6,137.8,24.0,4.2
2020-09-07,220.0,115.0,1.4,24.9,78.0,1.9,160.1,24.9,4.78
2020-09-08,189.0,102.0,1.5,16.2,82.0,1.5,133.3,24.2,2.82
2020-09-09,77.0,22.0,1.5,14.6,90.0,1.2,99.4,23.0,1.14
2020-09-10,52.0,5.0,1.3,12.0,96.0,0.9,75.9,21.3,0.51
2020-09-11,122.0,55.0,1.3,12.5,90.0,1.2,101.8,20.2,1.76
2020-09-12,203.0,111.0,1.3,12.9,88.0,1.5,133.1,20.0,2.85
2020-09-13,174.0,88.0,1.4,13.9,88.0,1.5,125.4,20.3,2.35
2020-09-14,213.0,116.0,1.4,14.6,85.0,1.6,136.1,20.6,3.09
2020-09-15,226.0,120.0,1.3,14.8,78.0,1.3,116.2,20.7,3.67
2020-09-16,251.0,131.0,1.2,15.2,70.0,1.6,134.7,20.9,4.38
2020-09-17,173.0,88.0,1.4,15.5,80.0,1.6,134.9,20.9,2.9
2020-09-18,203.0,101.0,1.6,17.7,77.0,1.9,163.2,20.9,3.49
2020-09-19,248.0,129.0,1.5,16.8,78.0,2.0,173.8,21.3,4.14
2020-09-20,252.0,129.0,1.4,15.6,80.0,1.7,142.6,21.4,3.99
2020-09-21,235.0,124.0,1.4,14.5,87.0,1.6,138.3,21.6,3.25
2020-09-22,233.0,124.0,1.4,14.8,84.0,1.7,145.7,21.7,3.39
2020-09-23,249.0,123.0,1.3,18.7,59.0,1.8,155.2,21.5,4.99
2020-09-24,249.0,122.0,1.4,20.3,59.0,2.0,175.4,21.8,4.86
2020-09-25,243.0,122.0,1.4,16.4,76.0,2.0,172.6,21.8,3.84
2020-09-26,239.0,117.0,1.4,19.7,59.0,1.8,156.2,21.6,4.59
2020-09-27,229.0,114.0,1.5,20.0,63.0,1.9,159.8,21.9,4.46
2020-09-28,214.0,113.0,1.7,16.6,88.0,1.6,135.0,22.2,3.17
2020-09-29,220.0,114.0,1.5,15.4,86.0,1.5,127.2,22.2,3.22
2020-09-30,231.0,113.0,1.4,18.7,64.0,1.6,137.2,22.1,4.58
2020-10-01,205.0,102.0,1.1,26.3,31.0,1.7,151.1,22.3,5.49
2020-10-02,200.0,100.0,1.1,27.3,78.0,1.8,154.3,22.8,5.57
2020-10-03,200.0,102.0,1.1,25.1,34.0,1.7,145.0,22.9,4.98
2020-10-04,208.0,107.0,1.2,19.1,56.0,1.6,134.7,22.8,3.97
2020-10-05,187.0,95.0,1.3,16.2,68.0,1.3,110.2,22.1,3.41
2020-10-06,169.0,84.0,1.3,14.1,83.0,1.4,120.4,21.3,2.63
2020-10-07,180.0,95.0,1.4,13.5,90.0,1.5,129.5,21.1,2.36
2020-10-08,136.0,68.0,1.5,14.6,88.0,1.7,146.0,20.7,1.86
2020-10-09,207.0,108.0,1.5,15.4,84.0,1.6,142.0,20.7,3.0
2020-10-10,196.0,98.0,1.5,16.4,83.0,1.8,158.6,20.5,3.0
2020-10-11,210.0,103.0,1.5,20.2,64.0,2.4,209.2,20.8,4.27
2020-10-12,212.0,97.0,1.0,26.2,78.0,3.5,300.2,21.2,6.19
2020-10-13,214.0,94.0,1.0,25.5,30.0,2.4,211.2,21.9,5.45
2020-10-14,209.0,94.0,1.1,27.7,78.0,3.1,268.9,22.3,5.97
2020-10-15,198.0,93.0,1.1,24.9,34.0,2.1,179.6,22.9,4.63
2020-10-16,180.0,83.0,1.0,20.9,39.0,1.4,121.8,22.4,4.24
2020-10-17,198.0,91.0,1.0,19.3,45.0,1.5,130.7,21.8,4.25
2020-10-18,202.0,95.0,1.3,15.6,73.0,1.6,136.2,21.3,3.3
2020-10-19,191.0,93.0,1.4,14.0,91.0,1.5,133.6,21.1,2.54
2020-10-20,182.0,88.0,1.5,13.9,93.0,1.4,117.2,20.9,2.34
2020-10-21,173.0,82.0,1.4,14.5,87.0,1.5,127.3,20.7,2.4
2020-10-22,57.0,13.0,1.5,16.0,83.0,1.4,120.8,20.5,0.93
2020-10-23,138.0,56.0,1.5,17.0,76.0,1.5,127.7,20.1,2.24
2020-10-24,84.0,30.0,1.5,16.8,77.0,1.4,121.8,20.0,1.49
2020-10-25,71.0,22.0,1.5,15.1,86.0,1.6,136.1,19.6,1.19
2020-10-26,172.0,76.0,0.9,13.5,57.0,1.9,164.4,18.6,3.39
2020-10-27,179.0,75.0,0.7,13.0,48.0,1.5,127.6,17.9,3.21
2020-10-28,186.0,74.0,0.7,13.6,46.0,1.4,119.1,17.6,3.4
2020-10-29,172.0,74.0,1.1,13.1,71.0,1.3,110.1,17.6,2.87
2020-10-30,166.0,77.0,1.3,13.4,84.0,1.4,121.5,17.8,2.52
2020-10-31,180.0,70.0,0.9,15.9,49.0,1.8,151.5,17.7,4.14
2020-11-01,176.0,65.0,0.8,18.0,37.0,1.4,122.9,17.8,3.69
2020-11-02,174.0,76.0,1.2,15.2,67.0,1.4,123.7,18.0,2.84
2020-11-03,151.0,64.0,1.4,13.8,86.0,1.5,130.2,18.4,2.16
2020-11-04,168.0,65.0,0.9,18.8,44.0,1.7,149.1,18.0,3.9
2020-11-05,114.0,37.0,0.7,23.4,78.0,2.1,178.7,18.4,3.95
2020-11-06,119.0,47.0,1.2,13.3,77.0,2.4,209.9,18.4,2.02
2020-11-07,164.0,55.0,1.1,10.7,82.0,2.3,200.0,17.2,2.05
2020-11-08,150.0,66.0,0.9,10.1,73.0,3.9,339.1,15.7,2.25
2020-11-09,168.0,57.0,0.6,8.3,55.0,1.7,148.5,14.3,2.52
2020-11-10,162.0,56.0,0.6,10.0,48.0,2.7,229.7,13.9,2.98
2020-11-11,139.0,46.0,0.8,10.0,68.0,1.6,136.0,13.5,2.05
2020-11-12,160.0,59.0,0.9,9.6,74.0,1.3,113.7,13.7,2.24
2020-11-13,155.0,58.0,1.0,9.9,81.0,1.5,130.3,13.7,2.07
2020-11-14,142.0,54.0,1.0,11.9,74.0,1.6,136.0,13.9,2.21
2020-11-15,151.0,47.0,0.7,18.0,33.0,2.1,178.9,14.1,3.75
2020-11-16,156.0,46.0,0.7,19.7,30.0,1.9,166.9,15.0,4.02
2020-11-17,96.0,32.0,1.2,14.3,72.0,2.2,188.5,15.4,1.62
2020-11-18,95.0,35.0,1.5,14.2,91.0,1.6,135.8,15.6,1.28
2020-11-19,147.0,49.0,1.0,14.7,61.0,3.6,309.9,15.3,3.09
2020-11-20,99.0,35.0,0.8,14.8,47.0,2.3,194.9,15.1,2.35
2020-11-21,149.0,47.0,0.8,14.2,52.0,1.5,132.1,14.8,2.79
2020-11-22,147.0,50.0,1.0,11.0,76.0,1.5,130.4,14.7,2.19
2020-11-23,144.0,48.0,1.0,11.2,72.0,1.7,150.6,14.4,2.15
2020-11-24,145.0,47.0,0.9,11.6,67.0,1.8,153.9,14.1,2.51
2020-11-25,144.0,48.0,0.9,10.8,71.0,2.0,169.4,13.8,2.27
2020-11-26,147.0,40.0,0.6,13.0,40.0,3.6,313.2,13.5,3.31
2020-11-27,147.0,39.0,0.5,10.7,42.0,1.7,147.7,13.4,2.69
2020-11-28,145.0,41.0,0.6,9.2,51.0,1.4,117.5,13.1,2.42
2020-11-29,142.0,41.0,0.6,10.0,52.0,1.3,116.2,12.8,2.44
2020-11-30,143.0,36.0,0.6,13.6,37.0,1.9,163.0,12.8,3.17
2020-12-01,142.0,39.0,0.6,15.0,33.0,2.1,179.1,13.3,3.43
2020-12-02,135.0,47.0,0.8,9.9,65.0,1.4,118.8,13.4,2.04
2020-12-03,138.0,41.0,0.7,10.2,59.0,1.6,138.0,13.1,2.49
2020-12-04,129.0,37.0,0.6,11.8,42.0,1.5,133.7,12.8,2.58
2020-12-05,124.0,44.0,0.7,9.4,61.0,1.3,112.2,12.7,2.0
2020-12-06,120.0,40.0,0.9,10.6,68.0,1.5,130.6,12.5,1.96
2020-12-07,131.0,35.0,0.6,16.7,30.0,6.7,576.5,12.7,5.12
2020-12-08,62.0,8.0,0.4,18.8,20.0,2.8,240.9,13.1,3.81
2020-12-09,145.0,42.0,0.7,13.7,44.0,1.7,146.3,13.2,2.63
2020-12-10,139.0,44.0,1.0,9.6,83.0,1.6,136.9,13.3,1.76
2020-12-11,125.0,36.0,0.9,8.7,80.0,1.6,134.2,13.2,1.56
2020-12-12,59.0,16.0,1.3,11.3,95.0,1.4,122.7,13.2,0.71
2020-12-13,58.0,13.0,1.2,10.4,96.0,1.1,95.0,13.0,0.7
2020-12-14,138.0,39.0,0.9,10.5,74.0,1.7,149.9,12.9,1.82
2020-12-15,138.0,37.0,0.8,11.1,57.0,1.8,157.5,12.2,2.21
2020-12-16,136.0,41.0,0.8,12.7,54.0,1.7,145.1,12.1,2.47
2020-12-17,96.0,31.0,1.1,10.9,87.0,2.3,202.0,12.5,1.2
2020-12-18,142.0,36.0,0.8,10.8,59.0,2.2,189.4,11.9,2.38
2020-12-19,143.0,30.0,0.6,13.5,41.0,2.1,183.5,11.6,2.93
2020-12-20,145.0,24.0,0.5,15.8,30.0,1.9,164.5,12.1,3.23
2020-12-21,144.0,29.0,0.6,11.5,46.0,1.4,125.2,12.4,2.61
2020-12-22,139.0,38.0,0.9,11.9,64.0,2.3,199.3,12.2,2.24
2020-12-23,147.0,43.0,0.7,13.3,48.0,2.6,223.5,12.4,2.91
2020-12-24,75.0,14.0,0.6,10.8,48.0,1.5,127.1,12.4,1.78
2020-12-25,131.0,37.0,0.7,10.4,56.0,1.4,123.0,12.1,2.16
2020-12-26,89.0,28.0,1.1,12.0,78.0,2.0,168.7,12.5,1.34
2020-12-27,139.0,40.0,0.9,11.7,69.0,2.5,219.3,12.4,2.02
2020-12-28,40.0,1.0,1.0,8.8,85.0,2.3,201.8,12.2,0.57
2020-12-29,139.0,39.0,0.8,9.4,71.0,1.8,155.4,11.1,1.85
2020-12-30,128.0,31.0,0.8,8.3,72.0,1.7,147.4,10.4,1.81
2020-12-31,127.0,46.0,0.9,10.6,70.0,2.2,187.7,10.4,1.94
2021-01-01,134.0,39.0,0.9,10.8,69.0,1.8,154.3,10.6,2.01
2021-01-02,108.0,39.0,1.0,10.0,85.0,1.2,102.6,10.7,1.43
2021-01-03,110.0,44.0,1.2,11.7,88.0,1.5,126.0,11.5,1.43
2021-01-04,65.0,12.0,1.2,10.5,96.0,1.0,90.0,11.8,0.71
2021-01-05,133.0,46.0,1.0,11.6,70.0,1.5,127.7,11.7,2.01
2021-01-06,114.0,15.0,0.9,10.5,70.0,1.6,137.1,11.5,1.69
2021-01-07,118.0,30.0,0.8,13.4,51.0,1.9,166.1,11.4,2.45
2021-01-08,146.0,38.0,0.9,12.3,61.0,2.5,218.2,11.5,2.81
2021-01-09,146.0,37.0,0.8,13.1,56.0,3.6,309.6,11.7,2.74
2021-01-10,147.0,40.0,0.8,11.8,54.0,1.8,156.9,11.5,2.5
2021-01-11,150.0,43.0,0.9,10.6,72.0,1.6,135.6,11.5,2.15
2021-01-12,90.0,29.0,1.0,7.9,91.0,1.2,99.6,11.6,1.14
2021-01-13,138.0,42.0,0.8,16.4,43.0,2.2,190.3,11.4,3.2
2021-01-14,149.0,41.0,1.0,19.6,42.0,3.7,323.5,12.7,4.01
2021-01-15,155.0,35.0,0.8,19.2,35.0,2.0,170.2,13.4,3.65
2021-01-16,150.0,39.0,0.8,20.3,34.0,3.1,265.6,14.1,4.54
2021-01-17,155.0,38.0,0.8,18.1,40.0,1.6,140.1,14.5,3.32
2021-01-18,154.0,36.0,0.8,17.7,38.0,3.4,297.4,14.5,4.55
2021-01-19,134.0,27.0,0.4,16.4,22.0,5.6,482.1,13.8,5.22
2021-01-20,160.0,32.0,0.4,17.4,21.0,3.5,298.8,13.3,4.99
2021-01-21,164.0,41.0,0.7,12.1,48.0,1.7,147.7,13.3,2.92
2021-01-22,96.0,21.0,1.0,9.6,85.0,2.1,179.7,13.1,1.13
2021-01-23,119.0,48.0,0.9,8.4,81.0,1.5,127.3,12.4,1.54
2021-01-24,105.0,33.0,0.9,7.5,83.0,1.7,150.7,11.3,1.35
2021-01-25,177.0,72.0,0.7,6.9,71.0,3.6,309.1,10.7,2.28
2021-01-26,163.0,55.0,0.7,6.4,68.0,2.1,179.9,9.8,2.06
2021-01-27,20.0,-12.0,1.1,9.7,89.0,6.5,563.2,9.3,0.32
2021-01-28,11.0,-18.0,1.2,10.0,94.0,2.9,252.5,8.8,0.04
2021-01-29,157.0,74.0,1.0,8.6,86.0,1.6,134.0,9.2,1.78
2021-01-30,174.0,61.0,0.9,8.1,81.0,1.1,97.4,9.4,2.1
2021-01-31,127.0,51.0,1.0,9.9,78.0,0.8,72.9,9.5,1.76
2021-02-01,171.0,66.0,1.0,11.1,78.0,1.3,116.2,10.2,2.17
2021-02-02,146.0,50.0,1.1,10.4,89.0,1.4,120.3,10.4,1.81
2021-02-03,170.0,64.0,1.0,11.8,70.0,2.0,172.8,10.9,2.49
2021-02-04,188.0,60.0,0.8,12.4,54.0,2.9,252.4,10.9,3.12
2021-02-05,192.0,61.0,0.8,12.4,53.0,1.9,166.8,11.1,3.3
2021-02-06,193.0,61.0,0.9,13.8,55.0,1.7,149.4,11.4,3.24
2021-02-07,193.0,64.0,0.9,12.7,64.0,1.6,137.5,11.6,2.93
2021-02-08,167.0,74.0,1.1,9.8,90.0,1.7,142.9,12.1,1.8
2021-02-09,76.0,23.0,1.1,10.6,85.0,1.4,118.5,12.4,1.02
2021-02-10,192.0,71.0,1.1,11.0,84.0,1.9,160.2,12.1,2.45
2021-02-11,119.0,47.0,1.1,10.9,87.0,1.7,144.5,12.0,1.6
2021-02-12,191.0,75.0,1.1,11.0,83.0,2.2,194.3,12.0,2.38
2021-02-13,143.0,50.0,1.1,10.7,82.0,2.7,233.0,11.7,1.75
2021-02-14,182.0,72.0,0.9,10.1,72.0,2.0,170.4,11.3,2.42
2021-02-15,148.0,68.0,1.2,10.4,92.0,2.0,169.9,11.4,1.68
2021-02-16,205.0,77.0,0.9,10.3,75.0,2.1,184.2,11.6,2.64
2021-02-17,217.0,74.0,0.8,11.4,58.0,2.8,241.7,11.5,3.25
2021-02-18,217.0,70.0,0.6,9.7,49.0,1.6,134.4,11.4,3.3
2021-02-19,209.0,84.0,0.9,10.3,76.0,2.1,184.3,11.1,2.95
2021-02-20,220.0,85.0,0.9,11.0,67.0,3.0,257.9,11.8,3.16
2021-02-21,222.0,81.0,0.7,11.8,51.0,2.3,202.0,11.6,3.67
2021-02-22,224.0,78.0,0.7,14.0,45.0,1.8,152.6,12.0,3.97
2021-02-23,206.0,65.0,0.7,17.6,34.0,3.2,274.4,12.5,5.13
2021-02-24,233.0,80.0,0.7,14.1,42.0,2.1,177.3,12.7,4.12
2021-02-25,234.0,70.0,0.4,14.9,24.0,3.1,272.0,12.9,5.05
2021-02-26,234.0,83.0,0.7,12.5,49.0,2.3,198.6,13.0,3.9
2021-02-27,232.0,93.0,0.8,10.8,63.0,2.2,189.2,12.8,3.34
2021-02-28,234.0,93.0,0.6,11.1,45.0,1.9,165.7,12.6,3.88
2021-03-01,244.0,89.0,0.4,10.5,35.0,1.7,146.1,12.5,4.26
2021-03-02,218.0,101.0,0.7,9.0,61.0,1.3,113.7,12.3,3.08
2021-03-03,82.0,26.0,0.9,8.1,79.0,1.4,123.6,12.0,1.26
2021-03-04,240.0,108.0,0.9,8.3,81.0,1.4,123.7,11.4,2.96
2021-03-05,241.0,108.0,0.9,9.0,81.0,1.6,135.0,11.8,2.93
2021-03-06,171.0,77.0,1.1,11.1,83.0,1.8,155.4,12.4,2.27
2021-03-07,178.0,89.0,0.9,10.9,68.0,2.3,201.5,12.3,2.76
2021-03-08,237.0,107.0,0.9,9.2,74.0,1.9,167.5,12.4,2.88
2021-03-09,233.0,94.0,0.9,8.5,77.0,2.0,169.6,12.3,2.83
2021-03-10,158.0,68.0,0.9,8.4,81.0,1.9,163.2,11.9,1.84
2021-03-11,163.0,77.0,0.8,7.0,82.0,1.4,123.6,11.0,1.83
2021-03-12,222.0,111.0,1.0,8.8,84.0,1.6,136.6,10.6,2.59
2021-03-13,142.0,71.0,1.0,10.4,80.0,2.2,190.0,11.2,1.78
2021-03-14,203.0,104.0,0.9,10.3,76.0,2.0,175.4,11.5,2.46
2021-03-15,250.0,113.0,0.8,7.8,74.0,3.7,319.6,11.6,2.83
2021-03-16,270.0,116.0,0.8,6.9,76.0,2.0,173.8,10.7,3.11
2021-03-17,238.0,122.0,0.9,8.3,82.0,1.4,122.3,10.9,2.73
2021-03-18,208.0,99.0,1.0,11.0,78.0,1.6,136.4,11.7,2.73
2021-03-19,135.0,64.0,1.3,12.6,90.0,1.6,140.0,12.5,1.68
2021-03-20,280.0,129.0,0.9,10.0,72.0,2.5,215.6,12.4,3.57
2021-03-21,283.0,130.0,0.9,10.3,72.0,2.4,210.5,12.2,3.52
2021-03-22,278.0,135.0,1.0,9.1,82.0,1.9,165.4,12.3,3.31
2021-03-23,280.0,134.0,0.9,9.5,78.0,2.2,193.6,12.4,3.38
2021-03-24,287.0,125.0,0.7,11.2,52.0,1.8,158.5,12.4,4.4
2021-03-25,215.0,113.0,1.0,10.0,79.0,3.2,274.0,12.9,2.51
2021-03-26,290.0,137.0,0.9,9.3,80.0,1.7,144.3,12.6,3.58
2021-03-27,297.0,136.0,0.9,12.0,65.0,1.6,135.2,13.0,4.55
2021-03-28,299.0,142.0,1.1,12.2,79.0,1.6,136.3,13.6,4.27
2021-03-29,298.0,143.0,1.1,11.1,86.0,2.2,191.7,14.3,3.54
2021-03-30,304.0,137.0,0.8,16.2,43.0,2.5,213.2,14.3,5.77
2021-03-31,305.0,138.0,0.8,15.9,44.0,1.9,160.0,14.8,5.54
2021-04-01,307.0,143.0,0.8,15.6,45.0,1.6,134.2,15.1,5.43
2021-04-02,261.0,139.0,1.2,11.5,89.0,1.6,135.8,15.4,3.17
2021-04-03,274.0,145.0,1.0,10.3,81.0,2.0,175.8,15.6,3.26
2021-04-04,296.0,147.0,1.0,10.2,82.0,2.1,177.6,14.9,3.63
2021-04-05,302.0,156.0,1.1,11.3,81.0,2.5,212.6,14.8,3.59
2021-04-06,306.0,153.0,1.1,11.1,83.0,2.3,195.4,15.0,3.56
2021-04-07,261.0,140.0,1.1,10.8,86.0,1.9,165.8,15.1,3.16
2021-04-08,313.0,157.0,1.0,10.5,82.0,2.3,202.2,14.9,3.76
2021-04-09,317.0,156.0,1.0,10.9,74.0,2.5,215.5,14.6,4.14
2021-04-10,323.0,160.0,0.9,10.3,75.0,2.2,188.4,14.4,4.16
2021-04-11,267.0,144.0,1.1,10.7,85.0,2.3,195.9,14.5,3.2
2021-04-12,229.0,129.0,1.1,10.2,89.0,2.1,181.8,14.5,2.55
2021-04-13,122.0,56.0,1.0,10.2,82.0,2.2,192.2,14.3,1.61
2021-04-14,235.0,127.0,0.9,10.2,75.0,1.9,159.8,13.8,2.98
2021-04-15,323.0,177.0,1.0,9.5,86.0,1.9,163.8,13.6,3.75
2021-04-16,327.0,177.0,1.1,11.2,82.0,2.4,205.5,14.0,3.82
2021-04-17,316.0,175.0,1.1,11.3,85.0,2.2,186.5,14.4,3.68
2021-04-18,330.0,178.0,1.2,12.1,83.0,2.0,170.2,14.8,4.45
2021-04-19,314.0,173.0,1.1,10.4,89.0,2.1,177.4,15.2,3.54
2021-04-20,281.0,163.0,1.1,10.8,86.0,2.5,216.7,15.1,3.29
2021-04-21,89.0,32.0,1.1,10.5,87.0,2.0,172.7,14.8,1.11
2021-04-22,111.0,47.0,1.1,10.3,85.0,1.8,152.5,14.0,1.37
2021-04-23,194.0,107.0,1.0,10.8,81.0,1.9,163.0,13.8,2.34
2021-04-24,242.0,136.0,1.1,11.1,81.0,2.0,173.8,14.1,2.85
2021-04-25,102.0,41.0,1.1,10.6,87.0,1.4,124.8,14.1,1.28
2021-04-26,306.0,166.0,1.1,11.1,80.0,2.7,230.1,13.8,3.71
2021-04-27,338.0,180.0,1.0,10.5,77.0,2.1,182.0,13.9,4.27
2021-04-28,351.0,183.0,1.1,13.5,68.0,2.0,171.9,14.4,5.39
2021-04-29,348.0,181.0,1.1,14.9,65.0,1.9,160.7,15.0,5.36
2021-04-30,339.0,189.0,1.2,12.6,84.0,2.1,178.9,15.6,4.44
2021-05-01,314.0,178.0,1.2,12.4,85.0,2.6,224.6,16.0,3.75
2021-05-02,345.0,183.0,1.1,12.2,79.0,2.4,206.8,16.2,4.22
2021-05-03,350.0,183.0,1.2,14.0,72.0,1.9,167.8,16.3,5.23
2021-05-04,348.0,180.0,1.1,15.3,66.0,1.8,152.3,16.7,5.6
2021-05-05,348.0,184.0,1.2,13.3,80.0,1.8,157.9,17.0,4.77
2021-05-06,308.0,174.0,1.2,11.8,87.0,1.8,155.2,17.4,3.8
2021-05-07,353.0,194.0,1.1,12.1,80.0,2.5,219.6,17.5,4.36
2021-05-08,358.0,187.0,1.0,14.8,60.0,2.0,171.3,17.4,5.86
2021-05-09,352.0,187.0,1.1,13.9,71.0,1.9,165.6,17.6,5.17
2021-05-10,330.0,184.0,1.2,13.2,81.0,2.3,194.8,17.8,4.34
2021-05-11,321.0,180.0,1.3,12.4,88.0,1.7,150.4,18.1,4.0
2021-05-12,316.0,175.0,1.3,13.2,86.0,1.9,168.1,18.5,4.04
2021-05-13,276.0,156.0,1.3,12.4,87.0,1.9,165.3,18.7,3.39
2021-05-14,239.0,135.0,1.2,11.7,87.0,1.8,158.3,18.6,2.95
2021-05-15,150.0,72.0,1.1,11.6,84.0,2.5,219.2,18.0,1.95
2021-05-16,153.0,66.0,1.2,12.1,85.0,1.8,152.4,17.1,2.01
2021-05-17,249.0,137.0,1.2,12.7,83.0,2.0,176.7,16.8,3.14
2021-05-18,361.0,196.0,1.2,13.8,76.0,2.4,210.1,17.3,4.82
2021-05-19,362.0,191.0,1.0,12.2,71.0,2.5,219.2,17.6,4.85
2021-05-20,374.0,191.0,0.8,10.7,65.0,2.7,231.7,17.4,5.02
2021-05-21,203.0,100.0,1.0,9.8,80.0,2.9,248.8,16.9,2.59
2021-05-22,305.0,161.0,1.0,11.1,78.0,2.1,184.0,16.4,3.8
2021-05-23,301.0,174.0,1.1,12.0,82.0,2.2,186.8,16.9,3.73
2021-05-24,367.0,193.0,1.2,14.1,73.0,2.1,179.3,17.6,5.41
2021-05-25,345.0,184.0,1.2,14.4,70.0,2.6,220.4,18.1,5.16
2021-05-26,357.0,199.0,1.2,12.0,83.0,2.2,186.2,18.2,4.36
2021-05-27,362.0,202.0,1.2,12.9,79.0,2.2,191.5,18.6,4.76
2021-05-28,302.0,172.0,1.2,11.9,87.0,2.6,221.1,18.6,3.5
2021-05-29,265.0,153.0,1.2,12.5,82.0,2.3,194.7,18.6,3.33
2021-05-30,345.0,193.0,1.2,13.8,78.0,1.9,162.3,18.7,4.59
2021-05-31,363.0,196.0,1.3,13.8,82.0,2.0,174.6,19.1,4.74
2021-06-01,338.0,194.0,1.3,13.9,85.0,1.8,155.2,19.6,4.46
2021-06-02,349.0,196.0,1.3,13.5,84.0,1.8,159.7,20.0,4.6
2021-06-03,279.0,161.0,1.3,13.6,85.0,1.8,152.1,20.2,3.74
2021-06-04,335.0,188.0,1.3,14.1,83.0,2.0,173.8,20.4,4.37
2021-06-05,347.0,194.0,1.3,14.2,81.0,2.1,179.4,20.6,4.51
2021-06-06,254.0,132.0,1.3,14.0,79.0,2.5,213.0,20.5,3.46
2021-06-07,264.0,143.0,1.2,13.8,77.0,2.4,210.2,20.2,3.48
2021-06-08,375.0,198.0,1.1,13.6,71.0,3.0,260.8,19.9,5.04
2021-06-09,377.0,199.0,1.1,12.9,73.0,3.0,255.3,19.8,4.97
2021-06-10,380.0,199.0,1.0,13.3,65.0,2.6,228.4,19.5,5.6
2021-06-11,371.0,196.0,1.1,14.7,64.0,2.6,223.4,19.5,5.74
2021-06-12,356.0,194.0,1.2,17.5,62.0,2.4,208.6,19.8,5.88
2021-06-13,336.0,193.0,1.4,14.5,88.0,2.0,172.1,20.4,4.22
2021-06-14,356.0,202.0,1.4,15.2,83.0,2.2,187.7,20.7,4.86
2021-06-15,372.0,197.0,1.2,19.1,56.0,2.3,196.2,21.0,6.59
2021-06-16,346.0,185.0,0.9,13.3,78.0,2.8,243.0,21.8,5.99
2021-06-17,347.0,191.0,1.4,20.3,57.0,1.7,147.7,22.4,6.51
2021-06-18,358.0,196.0,1.4,17.5,72.0,1.7,150.7,22.6,5.66
2021-06-19,356.0,201.0,1.4,15.5,82.0,1.8,156.7,22.7,5.06
2021-06-20,341.0,192.0,1.4,15.3,82.0,1.7,149.4,22.8,4.76
2021-06-21,309.0,171.0,1.4,15.5,81.0,2.1,180.9,22.7,4.26
2021-06-22,338.0,189.0,1.5,17.0,75.0,2.1,179.0,22.8,5.04
2021-06-23,332.0,189.0,1.4,16.9,74.0,1.9,168.1,22.9,4.88
2021-06-24,349.0,196.0,1.4,17.2,71.0,2.1,178.3,23.0,5.22
2021-06-25,369.0,204.0,1.4,16.0,79.0,2.4,210.3,23.0,4.92
2021-06-26,361.0,202.0,1.5,16.1,82.0,2.7,236.4,22.9,4.89
2021-06-27,341.0,194.0,1.5,15.2,86.0,2.6,228.9,22.8,4.47
2021-06-28,345.0,195.0,1.4,15.1,83.0,2.3,201.5,22.7,4.57
2021-06-29,357.0,196.0,1.5,16.8,77.0,2.0,173.6,22.8,5.34
2021-06-30,330.0,187.0,1.6,16.6,82.0,2.4,209.6,23.1,4.8
2021-07-01,324.0,187.0,1.5,16.2,84.0,2.2,187.0,23.3,4.51
2021-07-02,317.0,186.0,1.5,15.6,85.0,2.1,177.4,23.3,4.33
2021-07-03,324.0,193.0,1.5,15.2,85.0,2.0,170.8,23.2,4.37
2021-07-04,336.0,191.0,1.4,15.3,83.0,2.0,171.3,23.2,4.55
2021-07-05,318.0,184.0,1.4,15.3,82.0,2.0,172.3,23.2,4.33
2021-07-06,349.0,200.0,1.4,15.5,82.0,2.4,206.9,23.2,4.77
2021-07-07,345.0,198.0,1.4,15.0,82.0,2.6,225.4,23.1,4.65
2021-07-08,347.0,196.0,1.4,18.2,69.0,1.9,165.3,23.1,5.72
2021-07-09,349.0,193.0,1.5,20.9,78.0,1.7,145.8,23.7,6.41
2021-07-10,347.0,194.0,1.5,18.0,73.0,1.7,145.6,24.1,5.49
2021-07-11,344.0,196.0,1.5,17.5,75.0,1.7,150.5,24.2,5.4
2021-07-12,330.0,190.0,1.5,16.1,81.0,2.0,175.0,24.1,4.71
2021-07-13,325.0,185.0,1.5,16.0,80.0,2.2,189.9,24.0,4.55
2021-07-14,319.0,182.0,1.4,15.8,81.0,1.7,147.6,23.9,4.44
2021-07-15,317.0,180.0,1.5,16.1,81.0,1.9,168.3,23.9,4.53
2021-07-16,324.0,184.0,1.4,15.3,82.0,1.8,156.9,23.8,4.53
2021-07-17,335.0,191.0,1.4,16.0,79.0,1.6,142.1,23.8,4.85
2021-07-18,274.0,154.0,1.5,17.3,76.0,1.6,138.8,23.9,4.39
2021-07-19,338.0,191.0,1.5,17.8,73.0,1.6,139.5,23.8,5.5
2021-07-20,334.0,188.0,1.5,16.4,78.0,1.8,153.2,24.1,4.96
2021-07-21,350.0,194.0,1.4,15.4,79.0,1.9,163.9,24.0,4.99
2021-07-22,312.0,180.0,1.4,14.9,82.0,1.9,163.3,23.8,4.41
2021-07-23,335.0,189.0,1.4,15.6,79.0,1.7,151.1,23.7,4.83
2021-07-24,329.0,187.0,1.4,15.1,81.0,1.7,143.5,23.8,4.61
2021-07-25,305.0,178.0,1.4,15.7,81.0,1.6,139.1,23.8,4.32
2021-07-26,143.0,69.0,1.6,16.3,85.0,1.2,104.5,23.5,2.19
2021-07-27,305.0,174.0,1.6,16.9,84.0,1.9,165.0,22.8,4.45
2021-07-28,289.0,171.0,1.5,16.2,83.0,1.8,158.8,23.3,4.14
2021-07-29,301.0,175.0,1.5,15.8,85.0,1.9,166.1,23.5,4.2
2021-07-30,318.0,180.0,1.6,16.7,82.0,1.7,143.2,23.7,4.6
2021-07-31,312.0,175.0,1.5,16.4,82.0,1.8,151.3,23.9,4.52
2021-08-01,346.0,192.0,1.4,15.7,77.0,1.8,156.6,23.7,5.11
2021-08-02,346.0,186.0,1.4,16.2,77.0,1.9,161.5,23.5,5.15
2021-08-03,319.0,179.0,1.5,16.3,80.0,2.1,184.9,23.6,4.55
2021-08-04,330.0,185.0,1.5,15.6,83.0,2.4,207.4,23.7,4.44
2021-08-05,330.0,186.0,1.4,15.3,83.0,2.5,219.7,23.6,4.54
2021-08-06,335.0,187.0,1.4,15.3,81.0,1.7,148.3,23.6,4.82
2021-08-07,321.0,180.0,1.4,15.6,81.0,2.2,187.6,23.7,4.61
2021-08-08,330.0,184.0,1.4,15.7,81.0,1.9,162.1,23.8,4.73
2021-08-09,311.0,174.0,1.5,15.5,83.0,1.7,149.4,23.9,4.44
2021-08-10,311.0,174.0,1.5,16.3,78.0,1.6,135.7,23.9,4.69
2021-08-11,268.0,151.0,1.5,16.9,77.0,1.6,141.2,23.9,4.27
2021-08-12,314.0,178.0,1.6,17.8,77.0,1.7,150.8,23.7,4.92
2021-08-13,313.0,177.0,1.6,18.2,76.0,1.6,140.7,24.1,4.95
2021-08-14,302.0,171.0,1.6,17.4,80.0,1.9,166.8,24.2,4.64
2021-08-15,291.0,165.0,1.6,16.5,85.0,2.0,168.8,24.2,4.16
2021-08-16,277.0,161.0,1.6,17.5,78.0,1.7,143.3,24.1,4.41
2021-08-17,307.0,175.0,1.5,16.3,82.0,1.8,154.8,23.9,4.35
2021-08-18,119.0,51.0,1.5,17.2,76.0,1.2,106.7,23.7,2.01
2021-08-19,218.0,123.0,1.6,18.9,73.0,1.6,142.5,23.2,3.68
2021-08-20,247.0,142.0,1.6,16.5,85.0,1.5,130.3,23.0,3.61
2021-08-21,173.0,86.0,1.6,16.7,83.0,1.5,130.3,22.9,2.73
2021-08-22,255.0,146.0,1.5,16.4,80.0,1.6,142.3,22.6,3.81
2021-08-23,228.0,128.0,1.5,16.5,80.0,1.6,142.4,22.7,3.41
2021-08-24,225.0,119.0,1.5,16.6,79.0,1.7,151.0,22.8,3.51
2021-08-25,285.0,156.0,1.5,16.2,80.0,1.7,145.1,22.6,4.3
2021-08-26,299.0,105.0,1.5,16.3,81.0,2.2,190.3,22.8,4.28
2021-08-27,306.0,167.0,1.5,16.6,80.0,1.6,135.4,22.8,4.69
2021-08-28,313.0,166.0,1.5,16.7,81.0,1.6,140.1,23.0,4.76
2021-08-29,281.0,154.0,1.6,16.9,85.0,1.7,142.9,23.3,4.14
2021-08-30,259.0,142.0,1.6,16.6,86.0,1.7,142.6,23.4,3.72
2021-08-31,244.0,136.0,1.6,17.2,84.0,2.0,171.7,23.5,3.57
2021-09-01,237.0,127.0,1.5,16.9,79.0,1.7,149.1,23.5,3.58
2021-09-02,281.0,153.0,1.4,15.7,77.0,1.8,152.7,23.3,4.08
2021-09-03,296.0,163.0,1.3,15.5,76.0,1.7,149.1,23.0,4.4
2021-09-04,286.0,156.0,1.5,15.9,82.0,1.6,141.9,22.9,4.16
2021-09-05,264.0,147.0,1.6,16.6,82.0,1.6,140.4,22.9,4.05
2021-09-06,280.0,151.0,1.6,17.7,78.0,1.6,137.0,23.1,4.49
2021-09-07,249.0,141.0,1.7,17.9,82.0,1.8,158.1,23.3,3.96
2021-09-08,268.0,145.0,1.7,17.8,81.0,1.8,151.7,23.4,4.17
2021-09-09,265.0,146.0,1.7,19.1,77.0,1.6,142.1,23.5,4.45
2021-09-10,275.0,141.0,1.7,17.9,82.0,2.0,176.9,23.8,4.14
2021-09-11,276.0,146.0,1.6,16.1,86.0,1.9,164.4,23.6,3.84
2021-09-12,257.0,134.0,1.5,15.9,84.0,1.7,143.6,23.4,3.68
2021-09-13,214.0,114.0,1.5,16.1,83.0,1.6,135.7,23.4,3.3
2021-09-14,212.0,112.0,1.5,15.6,84.0,1.8,156.6,23.3,3.08
2021-09-15,204.0,108.0,1.4,14.5,86.0,1.7,149.4,23.1,2.79
2021-09-16,192.0,99.0,1.3,14.4,81.0,1.7,144.3,22.8,2.67
2021-09-17,201.0,104.0,1.3,14.8,79.0,1.7,150.1,22.5,2.8
2021-09-18,197.0,101.0,1.4,15.7,77.0,1.7,142.6,22.4,2.88
2021-09-19,232.0,121.0,1.5,16.9,78.0,2.1,178.6,22.1,3.85
2021-09-20,241.0,120.0,1.1,21.9,42.0,2.3,197.3,22.2,5.55
2021-09-21,242.0,123.0,1.4,17.3,70.0,1.5,128.9,22.3,3.83
2021-09-22,218.0,120.0,1.5,15.0,86.0,1.9,161.9,22.2,3.15
2021-09-23,209.0,109.0,1.4,15.0,85.0,1.7,150.5,22.1,3.0
2021-09-24,188.0,99.0,1.5,14.9,86.0,1.6,140.7,22.1,2.66
2021-09-25,183.0,97.0,1.5,14.6,88.0,1.7,142.9,21.7,2.53
2021-09-26,153.0,75.0,1.4,14.7,84.0,1.6,137.3,21.4,2.16
2021-09-27,175.0,87.0,1.5,15.4,85.0,1.8,155.3,21.0,2.43
2021-09-28,236.0,117.0,1.3,16.2,69.0,2.4,204.4,21.1,4.02
2021-09-29,240.0,113.0,1.1,14.6,67.0,2.1,178.5,20.7,4.02
2021-09-30,243.0,104.0,0.8,20.1,34.0,1.8,156.6,20.5,5.32
2021-10-01,238.0,115.0,1.0,15.1,57.0,1.5,131.6,20.6,4.17
2021-10-02,234.0,116.0,1.1,13.4,73.0,1.4,125.0,20.5,3.73
2021-10-03,223.0,109.0,1.1,15.4,65.0,1.5,129.7,20.2,3.82
2021-10-04,142.0,70.0,1.1,17.0,54.0,1.4,124.0,20.1,3.07
2021-10-05,223.0,116.0,1.4,16.8,74.0,1.9,160.9,20.1,3.49
2021-10-06,204.0,109.0,1.4,15.1,82.0,1.7,143.9,20.5,2.89
2021-10-07,192.0,101.0,1.4,15.3,78.0,2.5,216.1,20.5,2.87
2021-10-08,212.0,103.0,1.1,13.6,72.0,2.6,225.2,20.5,3.16
2021-10-09,232.0,103.0,1.0,14.5,59.0,2.3,198.2,19.7,3.94
2021-10-10,230.0,102.0,1.0,16.0,57.0,2.1,179.0,19.5,4.1
2021-10-11,229.0,104.0,1.0,13.3,67.0,3.6,308.9,19.4,3.73
2021-10-12,232.0,94.0,0.7,12.2,46.0,2.4,209.5,18.5,4.09
2021-10-13,222.0,98.0,0.9,12.3,64.0,2.1,178.6,17.9,3.36
2021-10-14,222.0,93.0,0.9,17.4,44.0,2.7,233.8,18.1,4.82
2021-10-15,223.0,86.0,0.6,19.5,27.0,2.0,171.2,18.5,5.25
2021-10-16,223.0,76.0,0.4,21.8,16.0,2.8,244.4,19.0,6.45
2021-10-17,202.0,94.0,1.0,14.5,57.0,2.1,179.7,19.0,3.37
2021-10-18,214.0,94.0,1.0,12.3,70.0,2.6,221.3,18.9,3.15
2021-10-19,213.0,85.0,0.8,12.3,59.0,1.7,143.3,18.1,3.35
2021-10-20,194.0,76.0,1.0,13.7,61.0,1.6,141.8,17.9,3.24
2021-10-21,157.0,78.0,1.5,15.2,87.0,1.7,149.7,18.1,2.18
2021-10-22,97.0,37.0,1.6,15.4,89.0,1.7,147.0,18.5,1.52
2021-10-23,182.0,82.0,1.3,13.5,81.0,2.2,187.1,18.2,2.63
2021-10-24,51.0,9.0,1.5,14.6,88.0,3.1,267.1,17.9,0.84
2021-10-25,132.0,53.0,1.4,13.4,90.0,3.6,309.0,17.3,1.65
2021-10-26,193.0,81.0,1.1,12.4,77.0,1.7,148.9,16.3,2.78
2021-10-27,189.0,79.0,1.2,18.5,55.0,3.9,336.8,16.0,4.25
2021-10-28,191.0,75.0,1.2,20.0,53.0,1.7,146.4,16.4,4.04
2021-10-29,187.0,76.0,1.3,17.4,68.0,1.6,139.3,17.0,3.16
2021-10-30,123.0,57.0,1.5,13.5,95.0,1.5,128.6,17.3,1.53
2021-10-31,159.0,68.0,1.3,13.3,84.0,1.5,126.1,17.1,2.15
2021-11-01,97.0,40.0,1.4,14.4,84.0,1.6,138.1,16.6,1.46
2021-11-02,177.0,75.0,1.6,15.2,90.0,1.9,161.8,16.4,2.4
2021-11-03,181.0,73.0,1.5,16.6,81.0,1.7,145.2,16.7,2.88
2021-11-04,179.0,70.0,1.5,15.9,81.0,1.9,161.8,16.9,2.72
2021-11-05,185.0,69.0,1.3,15.7,71.0,2.0,168.5,16.8,3.03
2021-11-06,177.0,66.0,1.3,14.2,78.0,1.8,157.3,16.5,2.69
2021-11-07,159.0,61.0,0.9,15.8,50.0,2.5,216.9,16.2,3.22
2021-11-08,168.0,66.0,1.0,13.8,62.0,2.0,172.5,15.7,2.78
2021-11-09,38.0,-2.0,1.5,14.0,95.0,1.7,146.7,15.6,0.43
2021-11-10,166.0,63.0,1.3,16.8,67.0,2.8,240.8,15.6,3.0
2021-11-11,173.0,53.0,1.1,19.6,50.0,3.3,281.9,15.6,3.9
2021-11-12,173.0,53.0,1.1,21.5,43.0,1.7,145.3,15.8,3.85
2021-11-13,173.0,50.0,1.0,21.3,41.0,1.7,144.6,16.2,3.88
2021-11-14,172.0,48.0,1.0,17.8,49.0,1.3,114.5,16.3,3.3
2021-11-15,151.0,53.0,1.1,13.8,69.0,1.3,113.2,16.1,2.43
2021-11-16,146.0,55.0,1.3,13.4,84.0,1.8,152.4,15.9,2.23
2021-11-17,158.0,52.0,1.2,12.1,85.0,1.6,139.4,16.0,2.05
2021-11-18,110.0,35.0,1.2,10.9,93.0,1.3,114.8,15.4,1.25
2021-11-19,144.0,58.0,1.3,13.0,89.0,1.5,133.7,15.4,1.82
2021-11-20,147.0,48.0,1.2,16.1,66.0,3.7,322.5,15.6,2.96
2021-11-21,161.0,39.0,0.7,20.2,31.0,3.2,279.2,15.6,4.89
2021-11-22,156.0,36.0,0.6,16.9,31.0,1.5,126.4,15.5,3.33
2021-11-23,157.0,41.0,0.9,14.1,55.0,1.7,145.4,15.2,2.74
2021-11-24,160.0,33.0,0.6,15.9,33.0,3.4,290.0,14.9,3.89
2021-11-25,162.0,25.0,0.5,15.5,28.0,2.0,173.5,14.6,3.51
2021-11-26,148.0,40.0,0.5,15.0,32.0,1.8,151.6,14.5,3.09
2021-11-27,150.0,32.0,0.5,15.5,27.0,1.5,132.3,14.4,3.32
2021-11-28,150.0,35.0,0.6,13.4,41.0,1.3,109.2,14.3,2.77
2021-11-29,150.0,36.0,0.8,14.1,49.0,1.3,110.2,14.2,2.66
2021-11-30,150.0,30.0,0.6,19.2,29.0,1.6,137.5,14.3,3.46
2021-12-01,150.0,37.0,0.8,14.8,47.0,1.3,112.3,14.6,2.88
2021-12-02,143.0,47.0,1.1,9.6,88.0,1.3,112.5,14.3,1.72
2021-12-03,44.0,7.0,1.2,10.3,92.0,1.4,121.2,14.2,0.51
2021-12-04,135.0,44.0,1.1,10.3,85.0,1.7,145.0,14.0,1.64
2021-12-05,147.0,40.0,1.0,12.7,66.0,1.6,140.1,13.7,2.48
2021-12-06,106.0,26.0,1.0,11.7,74.0,1.5,127.0,13.5,1.5
2021-12-07,100.0,26.0,1.3,12.7,87.0,1.4,124.7,13.6,1.37
2021-12-08,129.0,50.0,1.2,11.7,87.0,1.6,141.9,13.6,1.62
2021-12-09,104.0,38.0,1.1,10.0,87.0,2.5,213.2,13.7,1.34
2021-12-10,136.0,44.0,0.7,9.6,61.0,2.0,174.7,12.7,2.13
2021-12-11,143.0,38.0,0.7,7.8,66.0,1.2,104.5,12.0,1.91
2021-12-12,137.0,39.0,0.8,8.1,76.0,1.5,126.8,11.4,1.78
2021-12-13,16.0,-13.0,1.1,10.9,87.0,4.6,398.4,11.4,0.29
2021-12-14,52.0,2.0,0.9,8.1,88.0,2.5,218.7,10.8,0.62
2021-12-15,134.0,46.0,0.8,6.6,79.0,1.2,100.9,10.1,1.56
2021-12-16,59.0,12.0,1.1,9.9,92.0,1.7,150.2,10.3,0.64
2021-12-17,143.0,36.0,0.8,9.0,70.0,3.1,271.4,10.4,2.0
2021-12-18,143.0,34.0,0.8,6.7,77.0,1.1,99.0,10.0,1.76
2021-12-19,143.0,33.0,0.9,6.3,90.0,1.1,95.8,9.7,1.52
2021-12-20,78.0,25.0,0.9,8.5,80.0,1.4,117.5,9.8,1.05
2021-12-21,126.0,39.0,0.8,8.1,74.0,1.1,98.7,9.7,1.67
2021-12-22,17.0,-12.0,1.1,12.3,80.0,1.9,163.7,9.9,0.26
2021-12-23,10.0,-17.0,1.5,13.6,95.0,3.2,276.1,10.5,0.03
2021-12-24,93.0,31.0,1.2,11.6,87.0,2.3,202.4,11.0,1.12
2021-12-25,73.0,19.0,1.0,9.9,78.0,3.0,259.0,10.8,1.2
2021-12-26,144.0,40.0,0.8,7.7,76.0,1.6,136.3,10.4,1.72
2021-12-27,67.0,19.0,0.9,7.4,88.0,2.4,210.3,10.1,0.79
2021-12-28,131.0,42.0,0.8,7.5,80.0,1.4,119.4,9.7,1.49
2021-12-29,33.0,0.0,1.0,8.7,92.0,2.5,215.8,9.8,0.32
2021-12-30,126.0,41.0,1.0,9.1,84.0,1.7,149.6,9.6,1.69
2021-12-31,119.0,32.0,0.8,8.3,76.0,2.1,182.2,9.5,1.59
2022-01-01,146.0,33.0,0.7,6.9,68.0,1.8,154.1,9.2,1.9
2022-01-02,145.0,34.0,0.7,7.0,72.0,1.2,101.3,8.8,1.89
2022-01-03,106.0,20.0,0.9,6.6,90.0,1.4,122.9,8.8,1.2
2022-01-04,152.0,37.0,1.0,9.6,87.0,1.7,143.4,8.7,1.94
2022-01-05,152.0,36.0,1.1,14.3,65.0,3.5,301.4,9.3,2.61
2022-01-06,156.0,35.0,1.2,13.2,78.0,1.7,148.3,9.9,2.19
2022-01-07,83.0,27.0,1.2,10.9,92.0,1.5,130.2,10.6,1.05
2022-01-08,158.0,43.0,1.0,10.6,76.0,2.5,217.3,10.5,2.21
2022-01-09,160.0,36.0,0.9,9.3,77.0,1.2,104.6,10.2,2.15
2022-01-10,127.0,26.0,0.7,12.9,49.0,2.2,192.0,10.1,2.81
2022-01-11,165.0,21.0,0.6,16.3,31.0,3.0,256.0,10.1,3.91
2022-01-12,133.0,32.0,0.8,12.7,52.0,1.1,98.6,10.3,2.18
2022-01-13,75.0,22.0,0.9,13.2,62.0,1.2,101.3,10.5,1.36
2022-01-14,148.0,48.0,0.9,13.5,55.0,1.9,164.7,10.6,2.69
2022-01-15,59.0,9.0,0.8,16.1,46.0,2.1,185.5,10.8,1.9
2022-01-16,100.0,33.0,1.0,14.5,62.0,1.1,95.3,11.1,1.69
2022-01-17,97.0,34.0,1.2,12.1,83.0,1.1,95.1,11.5,1.36
2022-01-18,157.0,54.0,1.2,11.5,91.0,1.5,133.2,11.6,1.83
2022-01-19,164.0,47.0,1.1,12.7,72.0,1.8,152.5,11.6,2.48
2022-01-20,172.0,44.0,1.0,11.8,71.0,1.2,100.3,11.5,2.43
2022-01-21,165.0,54.0,0.9,13.1,60.0,2.9,248.9,11.3,3.04
2022-01-22,179.0,40.0,0.7,12.1,52.0,1.7,143.5,11.1,2.88
2022-01-23,181.0,41.0,0.8,10.1,62.0,1.3,111.5,10.8,2.7
2022-01-24,181.0,44.0,0.9,10.0,70.0,1.7,143.2,10.6,2.5
2022-01-25,180.0,47.0,0.9,9.3,77.0,1.6,135.0,10.4,2.47
2022-01-26,180.0,53.0,0.9,8.1,82.0,1.3,109.8,10.2,2.29
2022-01-27,183.0,42.0,0.8,11.4,58.0,2.1,185.3,10.1,3.0
2022-01-28,187.0,42.0,0.6,10.7,50.0,1.3,109.5,10.1,2.98
2022-01-29,98.0,35.0,0.6,12.7,38.0,2.2,186.6,10.0,2.71
2022-01-30,193.0,49.0,0.8,10.5,59.0,1.7,146.1,9.8,3.01
2022-01-31,115.0,37.0,0.8,11.9,55.0,1.5,131.1,9.9,2.14
2022-02-01,194.0,55.0,0.6,11.3,48.0,2.2,187.1,10.1,3.14
2022-02-02,200.0,41.0,0.4,11.0,31.0,3.3,280.9,9.9,4.05
2022-02-03,184.0,60.0,0.7,10.8,53.0,1.9,163.5,9.7,2.93
2022-02-04,198.0,58.0,0.7,9.1,64.0,1.5,129.5,9.6,2.84
2022-02-05,202.0,44.0,0.6,15.2,33.0,2.8,245.8,9.7,4.41
2022-02-06,208.0,57.0,0.7,10.3,58.0,1.4,120.4,9.8,3.1
2022-02-07,205.0,62.0,0.9,9.2,74.0,1.3,116.5,9.7,2.79
2022-02-08,196.0,58.0,0.7,14.5,41.0,1.9,163.1,9.7,4.02
2022-02-09,212.0,46.0,0.6,20.7,24.0,2.8,242.5,10.2,5.43
2022-02-10,212.0,57.0,0.7,17.0,39.0,1.5,133.7,10.8,4.15
2022-02-11,213.0,65.0,0.9,15.6,49.0,1.3,110.4,11.0,3.65
2022-02-12,216.0,65.0,0.9,15.2,49.0,1.3,116.3,11.1,3.88
2022-02-13,218.0,68.0,1.0,13.0,64.0,1.3,114.5,11.2,3.44
2022-02-14,124.0,57.0,1.2,10.5,93.0,1.7,147.8,11.3,1.34
2022-02-15,169.0,58.0,0.8,9.6,70.0,2.9,246.3,11.4,2.43
2022-02-16,222.0,76.0,0.8,8.2,69.0,1.9,160.2,10.7,3.04
2022-02-17,224.0,74.0,0.8,9.3,64.0,1.8,153.6,10.3,3.28
2022-02-18,224.0,79.0,0.8,9.3,66.0,1.4,124.3,10.1,3.14
2022-02-19,225.0,95.0,1.0,8.2,87.0,1.5,130.9,10.0,2.73
2022-02-20,179.0,73.0,1.1,9.3,91.0,1.8,157.6,10.1,2.01
2022-02-21,223.0,97.0,0.9,9.3,73.0,2.4,203.7,10.4,2.77
2022-02-22,199.0,83.0,0.8,7.2,75.0,2.6,224.7,10.2,2.34
2022-02-23,251.0,92.0,0.6,5.4,67.0,2.4,210.0,9.8,3.11
2022-02-24,243.0,85.0,0.5,5.8,57.0,2.0,176.5,9.2,3.22
2022-02-25,242.0,83.0,0.6,8.6,50.0,2.2,191.0,9.0,3.59
2022-02-26,199.0,58.0,0.6,10.9,45.0,1.8,157.1,9.1,3.19
2022-02-27,219.0,74.0,0.5,15.2,29.0,2.6,226.8,9.3,4.64
2022-02-28,250.0,80.0,0.7,19.1,31.0,2.6,223.2,10.0,5.52
2022-03-01,241.0,97.0,0.9,19.0,40.0,2.8,239.2,10.9,5.31
2022-03-02,252.0,94.0,0.9,16.4,50.0,1.8,157.2,11.5,4.41
2022-03-03,186.0,91.0,0.9,11.1,71.0,1.6,140.3,11.5,2.71
2022-03-04,60.0,6.0,0.9,9.5,78.0,2.5,215.3,11.3,0.88
2022-03-05,252.0,118.0,0.8,7.4,74.0,3.3,281.3,10.7,2.87
2022-03-06,258.0,109.0,0.8,7.5,79.0,2.1,182.2,10.2,3.07
